"crash_record_id","crash_date_est_i","crash_date","posted_speed_limit","traffic_control_device","device_condition","weather_condition","lighting_condition","first_crash_type","trafficway_type","lane_cnt","alignment","roadway_surface_cond","road_defect","report_type","crash_type","intersection_related_i","private_property_i","hit_and_run_i","damage","date_police_notified","prim_contributory_cause","sec_contributory_cause","street_no","street_direction","street_name","beat_of_occurrence","photos_taken_i","statements_taken_i","dooring_i","work_zone_i","work_zone_type","workers_present_i","num_units","most_severe_injury","injuries_total","injuries_fatal","injuries_incapacitating","injuries_non_incapacitating","injuries_reported_not_evident","injuries_no_indication","injuries_unknown","crash_hour","crash_day_of_week","crash_month","latitude","longitude","location"
"c61791016566e9fd535b5abd38a6078554fb5fe17438ce491889c5ff4a35331481f49688d6a756c69fad0123c7012464545728ba9b35ef339555a8167e5d41c2",,"2026-04-17T17:30:00.000","30","TRAFFIC SIGNAL","FUNCTIONING PROPERLY","CLOUDY/OVERCAST","DAYLIGHT","PEDALCYCLIST","NOT DIVIDED",,"STRAIGHT AND LEVEL","DRY","NO DEFECTS","NOT ON SCENE (DESK REPORT)","NO INJURY / DRIVE AWAY",,,"Y","OVER $1,500","2026-04-17T18:09:00.000","DISREGARDING TRAFFIC SIGNALS","NOT APPLICABLE","5900","S","DAMEN AVE","714",,,,,,,"2","NO INDICATION OF INJURY","0","0","0","0","0","2","0","17","6","4","41.7865334538","-87.67424315","POINT (-87.674243150013 41.786533453836)"
"ddfc7378f335b171abaa227306b8676dc65533e744512fadd56ca1f433346ff95d6b0c96cbbf228b247a1642981ad93f85a83aec6de813755afd0ea805315a00",,"2026-04-17T17:30:00.000","30","TRAFFIC SIGNAL","FUNCTIONING PROPERLY","CLOUDY/OVERCAST","DAYLIGHT","REAR END","DIVIDED - W/MEDIAN (NOT RAISED)",,"STRAIGHT AND LEVEL","DRY","NO DEFECTS","NOT ON SCENE (DESK REPORT)","INJURY AND / OR TOW DUE TO CRASH",,,,"OVER $1,500","2026-04-17T18:32:00.000","FOLLOWING TOO CLOSELY","NOT APPLICABLE","801","W","GARFIELD BLVD","712",,,,,,,"2","NONINCAPACITATING INJURY","2","0","0","2","0","3","0","17","6","4","41.7938334743","-87.6452072749","POINT (-87.645207274947 41.793833474309)"
"e6b3cf581fb213e38c9888eb0b8d09bc71bdcf89796aa0bae50796b28b5376dcc18c965f2400ba8d8e53f4e0fcda0c804c5decb941ecbab825a55d56a8f7ac83",,"2026-04-17T17:30:00.000","30","UNKNOWN","UNKNOWN","UNKNOWN","UNKNOWN","SIDESWIPE SAME DIRECTION","ONE-WAY",,"STRAIGHT AND LEVEL","UNKNOWN","UNKNOWN","NOT ON SCENE (DESK REPORT)","NO INJURY / DRIVE AWAY",,,,"OVER $1,500","2026-04-17T19:09:00.000","UNABLE TO DETERMINE","UNABLE TO DETERMINE","345","E","OHIO ST","1834",,,,,,,"2","NO INDICATION OF INJURY","0","0","0","0","0","2","0","17","6","4","41.8925183008","-87.6185024269","POINT (-87.618502426937 41.892518300822)"
"a5e2ec6b145bcf5b5622bf4218ae29918aaa08e3424b318c574e0632a4d91c96e6466a65cf55fb225ffe0fd776626fa67ce45720a66a98a36ef00259a956407e",,"2026-04-17T17:22:00.000","25","NO CONTROLS","NO CONTROLS","CLEAR","DAYLIGHT","PARKED MOTOR VEHICLE","NOT DIVIDED",,"STRAIGHT AND LEVEL","DRY","NO DEFECTS","ON SCENE","NO INJURY / DRIVE AWAY",,,"Y","$501 - $1,500","2026-04-17T17:23:00.000","UNABLE TO DETERMINE","UNABLE TO DETERMINE","8631","S","LOOMIS BLVD","613",,,,,,,"2","NO INDICATION OF INJURY","0","0","0","0","0","1","0","17","6","4","41.7367463803","-87.658080209","POINT (-87.658080209022 41.73674638026)"
"eca6abe812cb300b06ab05d006f1225f2230d9f3b030bffad3216e71e0f1739ef751258e3a47a3fb316d6eb675aef38cb11b36494164df2281c7a131141a67dc","Y","2026-04-17T17:20:00.000","30","UNKNOWN","UNKNOWN","UNKNOWN","UNKNOWN","ANGLE","NOT DIVIDED",,"STRAIGHT AND LEVEL","UNKNOWN","UNKNOWN","NOT ON SCENE (DESK REPORT)","NO INJURY / DRIVE AWAY",,,"Y","OVER $1,500","2026-04-17T17:40:00.000","UNABLE TO DETERMINE","NOT APPLICABLE","9529","S","STONY ISLAND AVE","431",,,,,,,"2","NO INDICATION OF INJURY","0","0","0","0","0","2","0","17","6","4","41.7213327466","-87.5848424443","POINT (-87.584842444303 41.721332746607)"
"e4a0335691d3d767c8b5de72baee8ea0cb8a1a10d0c370148a1d62b1bdd4688efedc1d2d3ca1423fda7717e51798206b8c7fc970761dc3dbce94c7275b7653ff",,"2026-04-17T17:15:00.000","30","UNKNOWN","UNKNOWN","CLEAR","DAYLIGHT","SIDESWIPE OPPOSITE DIRECTION","NOT DIVIDED",,"STRAIGHT AND LEVEL","DRY","UNKNOWN","NOT ON SCENE (DESK REPORT)","NO INJURY / DRIVE AWAY",,,,"OVER $1,500","2026-04-17T19:45:00.000","IMPROPER LANE USAGE","DISREGARDING ROAD MARKINGS","628","S","CLARK ST","123","Y","Y",,,,,"2","NO INDICATION OF INJURY","0","0","0","0","0","14","0","17","6","4","41.873961037","-87.6308044523","POINT (-87.630804452287 41.873961036971)"
"2e183e2a2f457146f42f7f96a2f758d4a0214a2d2112699e2fc933610abe5146947a7a39ef3fd8914accc66c005fbd1b443dfc9656d97e63c4a04fe6791613df",,"2026-04-17T17:11:00.000","20","NO CONTROLS","NO CONTROLS","CLEAR","DAYLIGHT","PARKED MOTOR VEHICLE","PARKING LOT",,"STRAIGHT AND LEVEL","DRY","UNKNOWN","ON SCENE","NO INJURY / DRIVE AWAY",,,,"OVER $1,500","2026-04-17T17:44:00.000","UNABLE TO DETERMINE","NOT APPLICABLE","2310","W","95TH ST","2221",,,,,,,"2","NO INDICATION OF INJURY","0","0","0","0","0","2","0","17","6","4","41.7210779703","-87.6801431098","POINT (-87.680143109838 41.721077970289)"
"75e6a9f5d8629be4bdbe05cfcfe0741b0ec62c8f7d3c1597528ebc58ec2dd9556eca026edc98576511faf12a00bd674428532c1296bf72daf0bc71c69b8c9369",,"2026-04-17T17:05:00.000","30","UNKNOWN","UNKNOWN","UNKNOWN","UNKNOWN","SIDESWIPE SAME DIRECTION","NOT DIVIDED",,"STRAIGHT AND LEVEL","UNKNOWN","UNKNOWN","NOT ON SCENE (DESK REPORT)","NO INJURY / DRIVE AWAY",,,,"$500 OR LESS","2026-04-17T17:56:00.000","UNABLE TO DETERMINE","UNABLE TO DETERMINE","5815","N","SHERIDAN RD","2022",,,,,,,"2","NO INDICATION OF INJURY","0","0","0","0","0","2","0","17","6","4","41.9878283071","-87.6551707815","POINT (-87.655170781532 41.987828307086)"
"56c6c411e795e95c904263717504a75da4ef6bcdbd8874b6be3e8664deab58f2842689fdd19ef4b6825271c8e74851c31d0d527dda232892d6cb15625ab3ada7",,"2026-04-17T17:00:00.000","30","TRAFFIC SIGNAL","FUNCTIONING PROPERLY","CLEAR","DAYLIGHT","TURNING","NOT DIVIDED",,"STRAIGHT AND LEVEL","DRY","NO DEFECTS","NOT ON SCENE (DESK REPORT)","NO INJURY / DRIVE AWAY",,,,"OVER $1,500","2026-04-17T18:05:00.000","UNABLE TO DETERMINE","NOT APPLICABLE","3000","N","SACRAMENTO AVE","1411",,,,,,,"2","NO INDICATION OF INJURY","0","0","0","0","0","5","0","17","6","4","41.935720422","-87.7027604566","POINT (-87.70276045657 41.935720422038)"
"e4e019ef95df039401b7c3322e4bc26830d7ea0eef6437ce9973005175bbb5253772fd181b85dcc78d7d01bb79c26a0a013d1c01011e13e52026ee7635f6c77e",,"2026-04-17T16:58:00.000","30","STOP SIGN/FLASHER","FUNCTIONING PROPERLY","CLEAR","DAYLIGHT","PARKED MOTOR VEHICLE","NOT DIVIDED",,"STRAIGHT AND LEVEL","UNKNOWN","UNKNOWN","NOT ON SCENE (DESK REPORT)","NO INJURY / DRIVE AWAY",,,"Y","$501 - $1,500","2026-04-17T19:55:00.000","DRIVING SKILLS/KNOWLEDGE/EXPERIENCE","NOT APPLICABLE","221","N","ST LOUIS AVE","1123",,,,,,,"2","NO INDICATION OF INJURY","0","0","0","0","0","4","0","16","6","4","41.8854379891","-87.7134312833","POINT (-87.713431283307 41.885437989102)"
"da840eed4995336e753d517fe38f355cda841bfec18532160d5142a253b9abab2f190205867bdb0ae421d3f86949d8e8a2a991c81d969ce2c0903871c6f86332",,"2026-04-17T16:50:00.000","30","NO CONTROLS","NO CONTROLS","CLEAR","DAYLIGHT","SIDESWIPE SAME DIRECTION","ONE-WAY",,"STRAIGHT AND LEVEL","DRY","NO DEFECTS","NOT ON SCENE (DESK REPORT)","NO INJURY / DRIVE AWAY",,,,"OVER $1,500","2026-04-17T17:32:00.000","NOT APPLICABLE","NOT APPLICABLE","5323","S","MONITOR AVE","811",,,,,,,"2","NO INDICATION OF INJURY","0","0","0","0","0","2","0","16","6","4","41.7955823859","-87.7683483235","POINT (-87.768348323484 41.795582385924)"
"f4fbdf10ff0d65ac046377afe5206ab5c708f329f31f45d78fa51efdfb133a9fda976a9e99cc084742ef0e1cf9dfd136ecedf8804dbafe05fab9fdfee195b681",,"2026-04-17T16:50:00.000","30","NO CONTROLS","NO CONTROLS","CLEAR","DAYLIGHT","SIDESWIPE SAME DIRECTION","NOT DIVIDED",,"STRAIGHT AND LEVEL","DRY","NO DEFECTS","ON SCENE","INJURY AND / OR TOW DUE TO CRASH",,,,"OVER $1,500","2026-04-17T17:07:00.000","NOT APPLICABLE","NOT APPLICABLE","3153","N","HALSTED ST","1934",,,,,,,"2","NO INDICATION OF INJURY","0","0","0","0","0","2","0","16","6","4","41.9393789454","-87.6491005801","POINT (-87.649100580073 41.939378945389)"
"ed131cc1c0e285274cbf48d8935693b38aeb8e422d836075c4c8d091be1910e255a1bc1df043438cf439d1bdb7caa107d43788c6e20f7a1fb6e85e8efbd74a5a",,"2026-04-17T16:49:00.000","30","OTHER","FUNCTIONING PROPERLY","CLOUDY/OVERCAST","DAYLIGHT","SIDESWIPE SAME DIRECTION","DIVIDED - W/MEDIAN (NOT RAISED)",,"STRAIGHT AND LEVEL","DRY","OTHER","ON SCENE","NO INJURY / DRIVE AWAY",,,,"$501 - $1,500","2026-04-17T17:02:00.000","UNABLE TO DETERMINE","NOT APPLICABLE","6830","S","STONY ISLAND AVE","332",,,,,,,"2","NO INDICATION OF INJURY","0","0","0","0","0","2","0","16","6","4","41.7705767354","-87.5864069863","POINT (-87.586406986271 41.770576735377)"
"9732a6fbee393e9c72d73b58129679abbb032ef1a26104421b9c70b345ddd26fefaa92ee3dbd3c20f78ecf25032d8cc5f59e848969d7d85cb5972256c433c157",,"2026-04-17T16:45:00.000","30","NO CONTROLS","NO CONTROLS","CLEAR","DAYLIGHT","PARKED MOTOR VEHICLE","ONE-WAY",,"STRAIGHT AND LEVEL","UNKNOWN","UNKNOWN","NOT ON SCENE (DESK REPORT)","NO INJURY / DRIVE AWAY",,,,"$501 - $1,500","2026-04-17T18:00:00.000","IMPROPER TURNING/NO SIGNAL","NOT APPLICABLE","8433","S","ESSEX AVE","423",,,,,,,"2","NO INDICATION OF INJURY","0","0","0","0","0","1","0","16","6","4","41.741685509","-87.5635031616","POINT (-87.563503161578 41.741685508988)"
"6065fd56a6442897fc3a08383a843f78d051cf93c741185613d036ac621cc853cbcd79cf1b8eee8fe6e1d82233914ca44a82e50d74325552d73a945b8ae52b45",,"2026-04-17T16:44:00.000","20","NO CONTROLS","NO CONTROLS","CLEAR","DAYLIGHT","REAR END","PARKING LOT",,"STRAIGHT AND LEVEL","DRY","NO DEFECTS","ON SCENE","NO INJURY / DRIVE AWAY",,"Y",,"OVER $1,500","2026-04-17T17:30:00.000","UNABLE TO DETERMINE","UNABLE TO DETERMINE","1725","W","HARRISON ST","1231",,,,,,,"2","NO INDICATION OF INJURY","0","0","0","0","0","2","0","16","6","4","41.8740163353","-87.6702608284","POINT (-87.670260828397 41.874016335282)"
"2fde5eb76ca5853d5f8d478abc427967d0478e2e9cd5b4fabb1c70d1d5527fb8f5b5eefbcda8a2f14c78a9aa4863110b44a12772d4681e890b3f73c0c2f14e40",,"2026-04-17T16:43:00.000","30","UNKNOWN","UNKNOWN","UNKNOWN","UNKNOWN","REAR TO SIDE","NOT DIVIDED",,"STRAIGHT AND LEVEL","UNKNOWN","UNKNOWN","NOT ON SCENE (DESK REPORT)","NO INJURY / DRIVE AWAY",,,,"OVER $1,500","2026-04-17T17:00:00.000","UNABLE TO DETERMINE","UNABLE TO DETERMINE","1963","N","SHEFFIELD AVE","1813",,,,,,,"2","NO INDICATION OF INJURY","0","0","0","0","0","2","0","16","6","4","41.9177328508","-87.653208325","POINT (-87.653208325 41.917732850788)"
"912add2408765eaeb6bc438dfadda2eeb75fa0cd446fa10119a3981da80226fe1049a0492c69e682de71cceac3b42ecf03609cb0b7820c77c47084504e798293",,"2026-04-17T16:43:00.000","20","UNKNOWN","UNKNOWN","CLEAR","DAYLIGHT","PARKED MOTOR VEHICLE","DIVIDED - W/MEDIAN (NOT RAISED)",,"STRAIGHT AND LEVEL","DRY","UNKNOWN","ON SCENE","NO INJURY / DRIVE AWAY",,,,"OVER $1,500","2026-04-17T16:44:00.000","UNABLE TO DETERMINE","NOT APPLICABLE","4128","W","WILSON AVE","1722",,,,,,,"2","NO INDICATION OF INJURY","0","0","0","0","0","3","0","16","6","4","41.9641876227","-87.7314999985","POINT (-87.731499998453 41.964187622706)"
"c9f46947d6fb93300f3a1d76e872a862cad2a999618898ee260163a8baa16d3bd9cc0c2db4e9c1731aa8b0f58e94f5fc51b87fdc231fe621a062c9c81d0afe00",,"2026-04-17T16:31:00.000","30","NO CONTROLS","NO CONTROLS","CLEAR","DAYLIGHT","ANGLE","DIVIDED - W/MEDIAN (NOT RAISED)",,"STRAIGHT AND LEVEL","UNKNOWN","UNKNOWN","NOT ON SCENE (DESK REPORT)","NO INJURY / DRIVE AWAY",,,,"$501 - $1,500","2026-04-17T17:20:00.000","UNABLE TO DETERMINE","UNABLE TO DETERMINE","2409","W","HOWARD ST","2411",,,,,,,"2","NO INDICATION OF INJURY","0","0","0","0","0","2","0","16","6","4","42.0194116123","-87.69057701","POINT (-87.690577010009 42.019411612251)"
"7249b2dc7c5783530e016542bcc7c65dec3d36e22c027d6d130df75534a79a4a33c088caf25b8f7dfafbac0c9252d224e14d1855b7873e02fb3d7f03638c4280",,"2026-04-17T16:30:00.000","30","NO CONTROLS","NO CONTROLS","CLEAR","DAYLIGHT","PARKED MOTOR VEHICLE","DIVIDED - W/MEDIAN BARRIER",,"STRAIGHT AND LEVEL","DRY","NO DEFECTS","NOT ON SCENE (DESK REPORT)","NO INJURY / DRIVE AWAY",,,,"OVER $1,500","2026-04-17T17:00:00.000","NOT APPLICABLE","NOT APPLICABLE","3116","E","79TH ST","421",,,,,,,"2","NO INDICATION OF INJURY","0","0","0","0","0","1","0","16","6","4","41.7520819994","-87.5484034705","POINT (-87.548403470533 41.752081999414)"
"5a5f8f9c7f573b6e59e06d6c26a1e293949330f5457d42f79e73ee07efcf749ea18a9d04d032462f4e48066cebf0f914fa8c095fb755dea80b28f1e718a6b492",,"2026-04-17T16:26:00.000","30","NO CONTROLS","NO CONTROLS","CLOUDY/OVERCAST","DAYLIGHT","ANGLE","NOT DIVIDED",,"STRAIGHT AND LEVEL","DRY","NO DEFECTS","NOT ON SCENE (DESK REPORT)","NO INJURY / DRIVE AWAY",,,,"OVER $1,500","2026-04-17T17:40:00.000","FAILING TO YIELD RIGHT-OF-WAY","NOT APPLICABLE","2042","W","BELMONT AVE","1921",,,,,,,"2","NO INDICATION OF INJURY","0","0","0","0","0","6","0","16","6","4","41.9396613995","-87.680059352","POINT (-87.680059351993 41.939661399546)"
"21d512ce4f099b99846d0114160b4789a460073a161ccad14c48d20c813a1bcb0bb48e2e939c0a1c0066730cad46e2506eb80eddb2bd5131ed5301c54db107f2",,"2026-04-17T16:20:00.000","25","STOP SIGN/FLASHER","FUNCTIONING PROPERLY","CLEAR","DAYLIGHT","ANGLE","NOT DIVIDED",,"STRAIGHT AND LEVEL","DRY","NO DEFECTS","NOT ON SCENE (DESK REPORT)","NO INJURY / DRIVE AWAY","Y",,,"OVER $1,500","2026-04-17T18:00:00.000","UNABLE TO DETERMINE","NOT APPLICABLE","1400","W","WRIGHTWOOD AVE","1932",,,,,,,"2","NO INDICATION OF INJURY","0","0","0","0","0","2","0","16","6","4","41.9289573745","-87.6634850824","POINT (-87.663485082441 41.928957374509)"
"23ea1311160d7b310da63c093411ffe02f08adb33ba6b7964868237919611113382daa48b67c2655421048a276ccef5bc14dff532ed3bdbd962e8f656749d209",,"2026-04-17T16:20:00.000","20","UNKNOWN","UNKNOWN","CLEAR","DAYLIGHT","SIDESWIPE SAME DIRECTION","ONE-WAY",,"STRAIGHT AND LEVEL","DRY","UNKNOWN","NOT ON SCENE (DESK REPORT)","NO INJURY / DRIVE AWAY",,,,"OVER $1,500","2026-04-17T18:14:00.000","IMPROPER LANE USAGE","IMPROPER LANE USAGE","4959","S","BLACKSTONE AVE","222","Y","Y",,,,,"2","NO INDICATION OF INJURY","0","0","0","0","0","3","0","16","6","4","41.8043447404","-87.5903949383","POINT (-87.590394938291 41.804344740425)"
"91a7cef07b39d99b25b4833ffdd0da34f18ec6300e35036c39810e1cf38f66f5b0e9f6d67cc5a5498252e7a0e46dca1678d3fc620a65cba3e237ba3fbb18abda",,"2026-04-17T16:20:00.000","30","NO CONTROLS","NO CONTROLS","CLEAR","DAYLIGHT","REAR TO REAR","NOT DIVIDED",,"STRAIGHT AND LEVEL","DRY","NO DEFECTS","NOT ON SCENE (DESK REPORT)","NO INJURY / DRIVE AWAY",,,,"$501 - $1,500","2026-04-17T16:50:00.000","FAILING TO YIELD RIGHT-OF-WAY","FAILING TO YIELD RIGHT-OF-WAY","1400","S","HALSTED ST","1232",,,,,,,"2","NO INDICATION OF INJURY","0","0","0","0","0","2","0","16","6","4","41.8635251405","-87.6469566747","POINT (-87.646956674734 41.863525140538)"
"c2eeb15dafaee210561c47f1a057627e14868493e27b75f7883683f25d3faad94bfc2e2afe318b64ad7c17051dafbea765629e7fd15cfd370d023cbde68aef87",,"2026-04-17T16:18:00.000","30","NO CONTROLS","NO CONTROLS","CLEAR","DAYLIGHT","SIDESWIPE SAME DIRECTION","NOT DIVIDED",,"STRAIGHT AND LEVEL","DRY","UNKNOWN","ON SCENE","INJURY AND / OR TOW DUE TO CRASH",,,,"OVER $1,500","2026-04-17T16:35:00.000","IMPROPER OVERTAKING/PASSING","UNABLE TO DETERMINE","3413","N","SHEFFIELD AVE","1924",,,,,,,"2","NO INDICATION OF INJURY","0","0","0","0","0","4","0","16","6","4","41.9443091766","-87.6540926951","POINT (-87.654092695125 41.944309176601)"
"c28905ff4bbba508f5e1843b39834470fb6c51b5f51c40f0b4ece8c30eab87fe4653374f0b1c011c754bfd5a2fda91e4d9bb17cb4d1108dd6d0fac7d5eeb2568",,"2026-04-17T16:15:00.000","30","UNKNOWN","UNKNOWN","CLEAR","DAYLIGHT","SIDESWIPE SAME DIRECTION","NOT DIVIDED",,"STRAIGHT AND LEVEL","DRY","UNKNOWN","ON SCENE","NO INJURY / DRIVE AWAY","Y",,,"$500 OR LESS","2026-04-17T16:32:00.000","IMPROPER TURNING/NO SIGNAL","UNABLE TO DETERMINE","7598","S","JEFFERY BLVD","414",,,,,,,"2","NO INDICATION OF INJURY","0","0","0","0","0","2","0","16","6","4","41.7571485128","-87.5762524059","POINT (-87.576252405878 41.757148512785)"
"5213e46994a14635e34360c86675afc76f528fd766dfdc0fcef144dfa7723e7debfa95bafe11357cae3ae90f387425652be746b7597431bc21505e82e4c09d36",,"2026-04-17T16:13:00.000","30","NO CONTROLS","NO CONTROLS","CLEAR","DAYLIGHT","REAR END","DIVIDED - W/MEDIAN (NOT RAISED)",,"STRAIGHT AND LEVEL","DRY","NO DEFECTS","ON SCENE","INJURY AND / OR TOW DUE TO CRASH","Y",,,"OVER $1,500","2026-04-17T16:13:00.000","UNABLE TO DETERMINE","NOT APPLICABLE","9498","S","HALSTED ST","2223",,,,,,,"6","NONINCAPACITATING INJURY","2","0","0","2","0","5","0","16","6","4","41.7215344279","-87.6433619172","POINT (-87.643361917193 41.721534427876)"
"7c1ed961bacb70a4b9ee187b3e33a8c87fc3a4c4f9e18def4c23c3dd024733233d411d678c351287842675bdd77ee338c97df36dbaf0a43a3e33140200886976",,"2026-04-17T16:10:00.000","30","TRAFFIC SIGNAL","FUNCTIONING PROPERLY","CLEAR","DAYLIGHT","REAR END","NOT DIVIDED",,"STRAIGHT AND LEVEL","DRY","NO DEFECTS","NOT ON SCENE (DESK REPORT)","NO INJURY / DRIVE AWAY",,,,"$501 - $1,500","2026-04-17T17:00:00.000","FOLLOWING TOO CLOSELY","FOLLOWING TOO CLOSELY","363","E","87TH ST","632",,,,,,,"2","NO INDICATION OF INJURY","0","0","0","0","0","2","0","16","6","4","41.7363829864","-87.6152501379","POINT (-87.615250137862 41.73638298642)"
"ebd0ea1ac727c07a9b28f4ca3784ebea42b253f476705e0bcdb586ee120c6d37b980f2f24df3cfcbd1fe7888ccf93141a958681cd00d760fac1d290de213ccd7",,"2026-04-17T16:07:00.000","30","STOP SIGN/FLASHER","FUNCTIONING PROPERLY","CLEAR","DAYLIGHT","ANGLE","FOUR WAY",,"STRAIGHT AND LEVEL","DRY","NO DEFECTS","ON SCENE","INJURY AND / OR TOW DUE TO CRASH","Y",,,"OVER $1,500","2026-04-17T16:40:00.000","FAILING TO REDUCE SPEED TO AVOID CRASH","FAILING TO YIELD RIGHT-OF-WAY","5300","W","MONTROSE AVE","1623",,,,,,,"3","INCAPACITATING INJURY","2","0","1","0","1","1","0","16","6","4","41.9606791954","-87.759976814","POINT (-87.759976814017 41.960679195375)"
"afe5e7210870d39fb7258d8f586093db15d6e368359539e996a3b54d9b767168b5229d628de5a8baedf8d0d0a021094ef1329da415a1a8b70a62e36e627130d7",,"2026-04-17T16:00:00.000","30","STOP SIGN/FLASHER","FUNCTIONING PROPERLY","CLEAR","DAYLIGHT","SIDESWIPE SAME DIRECTION","FOUR WAY",,"STRAIGHT AND LEVEL","DRY","OTHER","ON SCENE","INJURY AND / OR TOW DUE TO CRASH",,,,"OVER $1,500","2026-04-17T16:01:00.000","UNABLE TO DETERMINE","NOT APPLICABLE","1758","N","LUNA AVE","2532",,,,,,,"2","REPORTED, NOT EVIDENT","1","0","0","0","1","1","0","16","6","4","41.9129528055","-87.764496965","POINT (-87.764496965019 41.912952805541)"
"a1bb58228621a49fa705964bc24f8c53f9057c0cb1aa963a611b2abd56fe261f759e6cf6ad1658ccc77e30e5a40396f059bc70cf7a840e427ea771c3753e9dff",,"2026-04-17T15:46:00.000","30","NO CONTROLS","NO CONTROLS","CLEAR","DAYLIGHT","TURNING","NOT DIVIDED",,"STRAIGHT AND LEVEL","DRY","NO DEFECTS","ON SCENE","NO INJURY / DRIVE AWAY",,,,"OVER $1,500","2026-04-17T15:52:00.000","FAILING TO YIELD RIGHT-OF-WAY","FAILING TO YIELD RIGHT-OF-WAY","2701","W","59TH ST","824",,,,,,,"2","NO INDICATION OF INJURY","0","0","0","0","0","3","0","15","6","4","41.7863361483","-87.691213841","POINT (-87.691213840956 41.786336148274)"
"35fbee3aefc3d5a61a636c3110c28ef397f4fd410e054e5447358baae589da6eb04dac846729821263961f28c6d6d21db96127760c50d5fe6ac9c4dd4214eb15",,"2026-04-17T15:45:00.000","35","NO CONTROLS","NO CONTROLS","CLEAR","DAYLIGHT","REAR END","NOT DIVIDED",,"STRAIGHT ON GRADE","DRY","UNKNOWN","ON SCENE","INJURY AND / OR TOW DUE TO CRASH",,,,"OVER $1,500","2026-04-17T15:49:00.000","UNABLE TO DETERMINE","UNABLE TO DETERMINE","10116","S","TORRENCE AVE","431",,,,,,,"2","NONINCAPACITATING INJURY","1","0","0","1","0","1","0","15","6","4","41.7112463028","-87.5598669329","POINT (-87.559866932883 41.711246302831)"
"024062c459ae48b603d0a3ad90ebf3b36b632bec41726ea3bc46852ceedfb8d813f33ff3e78b688eea84213c47eb734273f0b6f6024b7c42dd662383c296bc97",,"2026-04-17T15:40:00.000","30","TRAFFIC SIGNAL","FUNCTIONING PROPERLY","CLEAR","DAYLIGHT","REAR END","NOT DIVIDED",,"STRAIGHT AND LEVEL","DRY","NO DEFECTS","ON SCENE","NO INJURY / DRIVE AWAY",,,"Y","$501 - $1,500","2026-04-17T15:49:00.000","FOLLOWING TOO CLOSELY","UNABLE TO DETERMINE","1400","W","95TH ST","2222",,,,,,,"2","NO INDICATION OF INJURY","0","0","0","0","0","2","0","15","6","4","41.7213866492","-87.6578758446","POINT (-87.657875844559 41.721386649184)"
"dedab62899a1e649756600e21772ad4e54d8a73ee139bc119122c189f490ab9cb212a8b4254ea1f38efd42e18a6b0942e30473d7fab54e95b2ac4faa87ad4681",,"2026-04-17T15:37:00.000","30","UNKNOWN","UNKNOWN","UNKNOWN","UNKNOWN","ANGLE","ONE-WAY",,"STRAIGHT AND LEVEL","UNKNOWN","UNKNOWN","NOT ON SCENE (DESK REPORT)","NO INJURY / DRIVE AWAY",,,,"OVER $1,500","2026-04-17T16:45:00.000","UNABLE TO DETERMINE","NOT APPLICABLE","4311","N","RAVENSWOOD AVE","1912",,,,,,,"2","NO INDICATION OF INJURY","0","0","0","0","0","2","0","15","6","4","41.9600808388","-87.6737880529","POINT (-87.673788052907 41.960080838751)"
"cefc7fd16a9c9c9173c3e75afe50d81d621fad4cf3f5dd3e741e71b682e120a7b3400fef260452111fa02a4a36f6c80f55ecbd257c9bc4d1294fb360102b9be2",,"2026-04-17T15:36:00.000","10","NO CONTROLS","NO CONTROLS","CLEAR","DAYLIGHT","ANGLE","PARKING LOT",,"STRAIGHT AND LEVEL","DRY","NO DEFECTS","NOT ON SCENE (DESK REPORT)","NO INJURY / DRIVE AWAY",,,,"OVER $1,500","2026-04-17T16:10:00.000","UNABLE TO DETERMINE","UNABLE TO DETERMINE","400","N","ARTESIAN AVE","1221",,,,,,,"2","NO INDICATION OF INJURY","0","0","0","0","0","2","0","15","6","4","41.8887888136","-87.6880191784","POINT (-87.688019178437 41.88878881364)"
"2ba2db3b8383a4d0e4a0d6cbe27a787e0a4ad59c970190292a40748077141950a872920ad8521bbc3a2699561d900b72c5b9390770c78d756e11de79ea15db5d",,"2026-04-17T15:35:00.000","5","UNKNOWN","NO CONTROLS","CLEAR","DAYLIGHT","PARKED MOTOR VEHICLE","PARKING LOT",,"STRAIGHT AND LEVEL","DRY","NO DEFECTS","ON SCENE","NO INJURY / DRIVE AWAY",,,,"$500 OR LESS","2026-04-17T15:40:00.000","NOT APPLICABLE","NOT APPLICABLE","1201","W","GRAND AVE","1215",,,,,,,"2","NO INDICATION OF INJURY","0","0","0","0","0","1","0","15","6","4","41.8909699007","-87.6574664555","POINT (-87.657466455515 41.89096990067)"
"78dcefdd91ace7a8f69362acddd7e88e6c184ea460f494263b69d8d526c418d88f62ed0f6c87f67121edcd28ab0ad7e56f1223da944f07a0db9a46dc198f838d",,"2026-04-17T15:35:00.000","15","NO CONTROLS","NO CONTROLS","CLEAR","DAYLIGHT","SIDESWIPE SAME DIRECTION","ALLEY",,"STRAIGHT AND LEVEL","DRY","UNKNOWN","NOT ON SCENE (DESK REPORT)","NO INJURY / DRIVE AWAY",,,,"$501 - $1,500","2026-04-17T16:50:00.000","UNABLE TO DETERMINE","UNABLE TO DETERMINE","6351","N","ARTESIAN AVE","2413",,,,,,,"2","NO INDICATION OF INJURY","0","0","0","0","0","2","0","15","6","4","41.997395913","-87.6909469894","POINT (-87.690946989395 41.997395912995)"