"crash_record_id","crash_date_est_i","crash_date","posted_speed_limit","traffic_control_device","device_condition","weather_condition","lighting_condition","first_crash_type","trafficway_type","lane_cnt","alignment","roadway_surface_cond","road_defect","report_type","crash_type","intersection_related_i","private_property_i","hit_and_run_i","damage","date_police_notified","prim_contributory_cause","sec_contributory_cause","street_no","street_direction","street_name","beat_of_occurrence","photos_taken_i","statements_taken_i","dooring_i","work_zone_i","work_zone_type","workers_present_i","num_units","most_severe_injury","injuries_total","injuries_fatal","injuries_incapacitating","injuries_non_incapacitating","injuries_reported_not_evident","injuries_no_indication","injuries_unknown","crash_hour","crash_day_of_week","crash_month","latitude","longitude","location"
"f6e487c0cd0b849d911586740893137851202bb18d7253dc38381b7578fa731379995bf85e9c1399fde01e3a63edd4a7a8dba007452610f49d97e99371228fe4",,"2026-04-17T15:35:00.000","30","UNKNOWN","UNKNOWN","UNKNOWN","UNKNOWN","REAR END","NOT DIVIDED",,"STRAIGHT AND LEVEL","UNKNOWN","UNKNOWN","NOT ON SCENE (DESK REPORT)","INJURY AND / OR TOW DUE TO CRASH",,,,"OVER $1,500","2026-04-17T16:15:00.000","FOLLOWING TOO CLOSELY","NOT APPLICABLE","6903","W","DIVERSEY AVE","2512",,,,,,,"2","REPORTED, NOT EVIDENT","1","0","0","0","1","1","0","15","6","4","41.9307411138","-87.7980664833","POINT (-87.798066483265 41.930741113779)"
"354f27b0376a9fa9b2e4774704d8e2b6f58fcbeb35bfc839f03dfecb7253804cf132e6b87e4533fa0a006d3ed39e05b29bc8568426264e79c70aa862fe83f902",,"2026-04-17T15:30:00.000","30","NO CONTROLS","NO CONTROLS","UNKNOWN","DAYLIGHT","REAR END","DIVIDED - W/MEDIAN (NOT RAISED)",,"STRAIGHT AND LEVEL","UNKNOWN","UNKNOWN","NOT ON SCENE (DESK REPORT)","NO INJURY / DRIVE AWAY",,,,"OVER $1,500","2026-04-17T19:30:00.000","FOLLOWING TOO CLOSELY","FAILING TO REDUCE SPEED TO AVOID CRASH","4140","N","MARINE DR","1915",,,,,,,"2","NO INDICATION OF INJURY","0","0","0","0","0","2","0","15","6","4","41.9568071226","-87.6461175022","POINT (-87.646117502244 41.956807122603)"
"480b9cc60a6cd625649da8aa0df3a52026b55b41904f81e9fcae91c3af438963fd719be4483210164d11db3b42b71eebb52c4a1dcaf40f44df4397fa2a5abc5e",,"2026-04-17T15:30:00.000","30","NO CONTROLS","NO CONTROLS","CLEAR","DAYLIGHT","ANGLE","NOT DIVIDED",,"STRAIGHT AND LEVEL","DRY","NO DEFECTS","NOT ON SCENE (DESK REPORT)","NO INJURY / DRIVE AWAY",,,,"$501 - $1,500","2026-04-17T16:38:00.000","FAILING TO YIELD RIGHT-OF-WAY","FAILING TO YIELD RIGHT-OF-WAY","5200","W","FOSTER AVE","1623",,,,,,,"2","NO INDICATION OF INJURY","0","0","0","0","0","2","0","15","6","4","41.9753282642","-87.7578382601","POINT (-87.75783826009 41.975328264207)"
"845a8158b6ec698eef28ca862b16ffa7fa42372bc3e10a27466e547eb909d2513a257adc371198fa7e027cb6c8090892523cac0e33119ac6d0ecab79c9218880",,"2026-04-17T15:30:00.000","30","TRAFFIC SIGNAL","FUNCTIONING PROPERLY","CLEAR","DAYLIGHT","REAR END","NOT DIVIDED",,"STRAIGHT AND LEVEL","DRY","NO DEFECTS","NOT ON SCENE (DESK REPORT)","NO INJURY / DRIVE AWAY","Y",,,"OVER $1,500","2026-04-17T16:15:00.000","FOLLOWING TOO CLOSELY","NOT APPLICABLE","2959","N","PULASKI RD","2523",,,,,,,"2","NO INDICATION OF INJURY","0","0","0","0","0","2","0","15","6","4","41.9353336539","-87.7269302113","POINT (-87.726930211326 41.935333653941)"
"be9eb8abedfe4c0df854aeb6c4a5a9a73e526febe705dab92bae5cede793b70c8b1d314c228d6ff789861df3513f106c0015e05d5a9bfe66097468155e605112",,"2026-04-17T15:30:00.000","30","UNKNOWN","UNKNOWN","UNKNOWN","UNKNOWN","REAR TO REAR","PARKING LOT",,"STRAIGHT AND LEVEL","UNKNOWN","UNKNOWN","NOT ON SCENE (DESK REPORT)","NO INJURY / DRIVE AWAY",,"Y",,"$500 OR LESS","2026-04-17T16:22:00.000","UNABLE TO DETERMINE","UNABLE TO DETERMINE","754","N","WESTERN AVE","1221",,,,,,,"2","NO INDICATION OF INJURY","0","0","0","0","0","2","0","15","6","4","41.8955686305","-87.6869853452","POINT (-87.686985345174 41.89556863053)"
"ef64be33448e391e61b6033cb9ffd455022aefa63e0f1dcf75edd4ee0139cfcd092d162a7c46857c1ce82b913451783087aab6b18c9d6a312cc8fa07d44fa1b4",,"2026-04-17T15:30:00.000","25","STOP SIGN/FLASHER","FUNCTIONING PROPERLY","CLEAR","DAYLIGHT","REAR TO FRONT","NOT DIVIDED",,"STRAIGHT AND LEVEL","DRY","NO DEFECTS","ON SCENE","NO INJURY / DRIVE AWAY","Y",,,"OVER $1,500","2026-04-17T15:30:00.000","IMPROPER BACKING","FAILING TO REDUCE SPEED TO AVOID CRASH","6259","S","NAGLE AVE","812",,,,,,,"2","NO INDICATION OF INJURY","0","0","0","0","0","2","0","15","6","4","41.7777513201","-87.7823434409","POINT (-87.782343440889 41.777751320143)"
"f8e8ca75f36c1165ab21091576ef2234eb3368be4109c680c7eccbcf0816525e05f30b08e874a2dbe3f0b5b232612021f6ecef82fe3976fa9473e76feaaa4d0b",,"2026-04-17T15:20:00.000","30","STOP SIGN/FLASHER","FUNCTIONING PROPERLY","CLEAR","DAYLIGHT","ANGLE","FOUR WAY",,"STRAIGHT AND LEVEL","DRY","NO DEFECTS","ON SCENE","INJURY AND / OR TOW DUE TO CRASH","Y",,,"OVER $1,500","2026-04-17T15:22:00.000","NOT APPLICABLE","NOT APPLICABLE","4890","N","DAMEN AVE","2032",,,,,,,"2","NONINCAPACITATING INJURY","3","0","0","3","0","1","0","15","6","4","41.9704798703","-87.6793827804","POINT (-87.679382780417 41.970479870342)"
"d47ad4721d32108b851c21ae068b52b2617dee4d9a7f1b36ab56c3c23205466cd87970b1be8a9c0ad4e66d0bf9260869af910614a5b073c06f6b63badae5f8f7",,"2026-04-17T15:16:00.000","30","NO CONTROLS","NO CONTROLS","CLEAR","DAYLIGHT","TURNING","DIVIDED - W/MEDIAN (NOT RAISED)",,"STRAIGHT AND LEVEL","DRY","NO DEFECTS","NOT ON SCENE (DESK REPORT)","NO INJURY / DRIVE AWAY",,,,"OVER $1,500","2026-04-17T16:30:00.000","FAILING TO YIELD RIGHT-OF-WAY","UNABLE TO DETERMINE","9933","S","WESTERN AVE","2213",,,,,,,"2","NO INDICATION OF INJURY","0","0","0","0","0","2","0","15","6","4","41.7126851425","-87.681666544","POINT (-87.68166654396 41.712685142475)"
"2282904315cac31989adc3838be1851801f0fe4d0d4e26679824277ceadd6c877973be5dbed768c760b11f4b22f785c1ca11cce77df4acbd4d86039cfce10b2f",,"2026-04-17T15:15:00.000","30","UNKNOWN","UNKNOWN","UNKNOWN","DAYLIGHT","REAR END","NOT DIVIDED",,"STRAIGHT AND LEVEL","UNKNOWN","UNKNOWN","NOT ON SCENE (DESK REPORT)","INJURY AND / OR TOW DUE TO CRASH",,,,"OVER $1,500","2026-04-17T17:30:00.000","UNABLE TO DETERMINE","NOT APPLICABLE","3131","N","HARLEM AVE","2511",,,,,,,"2","REPORTED, NOT EVIDENT","1","0","0","0","1","2","0","15","6","4","41.9373303996","-87.8065785241","POINT (-87.806578524079 41.937330399592)"
"895d6a8d61712a77c216a5b81650bcd45cb34d8dd757d8b0f4f1bcf441e6c3d5ac08bd2a366126c4d52d7d734064b9c50c8cc0656c1ac157bc05c558c8c4e42e",,"2026-04-17T15:10:00.000","30","STOP SIGN/FLASHER","FUNCTIONING PROPERLY","CLEAR","DAYLIGHT","ANGLE","FOUR WAY",,"STRAIGHT AND LEVEL","DRY","NO DEFECTS","NOT ON SCENE (DESK REPORT)","NO INJURY / DRIVE AWAY",,,,"OVER $1,500","2026-04-17T16:54:00.000","NOT APPLICABLE","NOT APPLICABLE","4300","S","SACRAMENTO AVE","922",,,,,,,"2","NO INDICATION OF INJURY","0","0","0","0","0","2","0","15","6","4","41.815376206","-87.6994857757","POINT (-87.699485775664 41.815376205964)"
"85cffe1e6d178f040b3fe7ecc2368663b55c1ad29dd890cdfdf6693647ce14f6fccd0a667cea5109e5a894a25cb804290ddb565e38aaf05c2537af98d47ce617",,"2026-04-17T15:04:00.000","30","NO CONTROLS","NO CONTROLS","CLEAR","DAYLIGHT","PARKED MOTOR VEHICLE","PARKING LOT",,"STRAIGHT AND LEVEL","DRY","NO DEFECTS","NOT ON SCENE (DESK REPORT)","NO INJURY / DRIVE AWAY",,,,"OVER $1,500","2026-04-17T18:00:00.000","NOT APPLICABLE","NOT APPLICABLE","5800","S","CHRISTIANA AVE","822",,,,,,,"2","NO INDICATION OF INJURY","0","0","0","0","0","1","0","15","6","4","41.7879135713","-87.7072183501","POINT (-87.707218350089 41.787913571273)"
"619a4d3abd3975705dcdf562b7be665afc7445e7781dd259af159cdc7d17dd734a6fcda552547bea4b82c57a5b2f3cb1f142d61cb1acdb44a33bf54ed49e3f54",,"2026-04-17T15:01:00.000","30","NO CONTROLS","NO CONTROLS","CLEAR","DAYLIGHT","TURNING","NOT DIVIDED",,"STRAIGHT AND LEVEL","DRY","NO DEFECTS","ON SCENE","INJURY AND / OR TOW DUE TO CRASH","Y",,,"OVER $1,500","2026-04-17T15:01:00.000","FAILING TO YIELD RIGHT-OF-WAY","NOT APPLICABLE","4946","N","MILWAUKEE AVE","1623",,,,,,,"2","NONINCAPACITATING INJURY","2","0","0","2","0","1","0","15","6","4","41.9706775856","-87.7634289442","POINT (-87.76342894418 41.97067758561)"
"451abd92a502905dca931be8d2918780806bc6aaaddc8c19248b4dac4db27d43fb7432a126b5100c8fad2ff9319440384b0bfa8f73a7e8044731c1e3884de928",,"2026-04-17T15:00:00.000","30","UNKNOWN","UNKNOWN","UNKNOWN","UNKNOWN","TURNING","NOT DIVIDED",,"STRAIGHT AND LEVEL","UNKNOWN","UNKNOWN","NOT ON SCENE (DESK REPORT)","NO INJURY / DRIVE AWAY",,,,"OVER $1,500","2026-04-17T16:00:00.000","UNABLE TO DETERMINE","UNABLE TO DETERMINE","4113","N","CLARENDON AVE","1915",,,,,,,"2","NO INDICATION OF INJURY","0","0","0","0","0","4","0","15","6","4","41.9561406325","-87.6496006737","POINT (-87.649600673708 41.956140632546)"
"e2de1b3b789f0fdf862509636e27dfa2f04405fd679f15a304cd4d31b1b5b263ae15be64be32b7fb88f2865bbe9f5b5940fe99b9670e7d5f1b01476e85b3d0d5",,"2026-04-17T14:56:00.000","30","TRAFFIC SIGNAL","FUNCTIONING PROPERLY","CLEAR","DAYLIGHT","REAR END","NOT DIVIDED",,"STRAIGHT AND LEVEL","DRY","NO DEFECTS","NOT ON SCENE (DESK REPORT)","NO INJURY / DRIVE AWAY",,,,"OVER $1,500","2026-04-17T16:16:00.000","NOT APPLICABLE","NOT APPLICABLE","3700","W","51ST ST","821",,,,,,,"2","NO INDICATION OF INJURY","0","0","0","0","0","2","0","14","6","4","41.8007630007","-87.716071332","POINT (-87.716071331994 41.800763000688)"
"99962d8b559de2cd91aaeac66f1f4523819116d8b14af6c32fcf57ae7243ad3383ba9581393fe70417cabd6c5da61fe1f1f2fea8d88b1bef5b226425d2535cc7",,"2026-04-17T14:50:00.000","20","NO CONTROLS","NO CONTROLS","CLEAR","DAYLIGHT","REAR TO FRONT","ONE-WAY",,"STRAIGHT AND LEVEL","DRY","NO DEFECTS","ON SCENE","NO INJURY / DRIVE AWAY",,,,"$501 - $1,500","2026-04-17T14:50:00.000","IMPROPER BACKING","NOT APPLICABLE","1842","N","LAWNDALE AVE","2535",,,,,,,"2","NO INDICATION OF INJURY","0","0","0","0","0","2","0","14","6","4","41.9148969213","-87.7192945086","POINT (-87.719294508639 41.914896921308)"
"c26651b0bd4ad79405450746f576771a891fec2bad6594d59c924e6435ab4f4c19ba560c0d4336038004254fed05c1f2405a31cffad356b9b25aa7c87b261de5",,"2026-04-17T14:50:00.000","30","NO CONTROLS","NO CONTROLS","UNKNOWN","UNKNOWN","SIDESWIPE SAME DIRECTION","DIVIDED - W/MEDIAN (NOT RAISED)",,"STRAIGHT AND LEVEL","UNKNOWN","UNKNOWN","NOT ON SCENE (DESK REPORT)","NO INJURY / DRIVE AWAY",,,,"OVER $1,500","2026-04-17T15:15:00.000","FAILING TO YIELD RIGHT-OF-WAY","NOT APPLICABLE","1320","E","87TH ST","412",,,,,,,"2","NO INDICATION OF INJURY","0","0","0","0","0","2","0","14","6","4","41.7369299713","-87.5926071344","POINT (-87.592607134358 41.736929971255)"
"16e0fcd7108bb43a00f519418ef4bc30b956c61106070110887ccbf7f50925e58bc6084e0ac2a9f966c9cb6e83198c6f8e42855be65754c9153b33e580518949",,"2026-04-17T14:49:00.000","30","NO CONTROLS","NO CONTROLS","CLEAR","DAYLIGHT","REAR END","NOT DIVIDED",,"STRAIGHT AND LEVEL","DRY","UNKNOWN","ON SCENE","NO INJURY / DRIVE AWAY",,,,"OVER $1,500","2026-04-17T16:17:00.000","FOLLOWING TOO CLOSELY","DRIVING SKILLS/KNOWLEDGE/EXPERIENCE","3710","W","71ST ST","833",,,,,,,"2","NO INDICATION OF INJURY","0","0","0","0","0","2","0","14","6","4","41.7643063562","-87.7155345773","POINT (-87.715534577264 41.764306356221)"
"7371abfb833e1d307810462de85b6670c525585fbf2b0daac611128088477cc9ffabb89ac7598600b4538e04c4b0220b397b294106414d108f1456df115c31c7",,"2026-04-17T14:35:00.000","30","NO CONTROLS","NO CONTROLS","CLEAR","DAYLIGHT","TURNING","NOT DIVIDED",,"STRAIGHT AND LEVEL","DRY","NO DEFECTS","NOT ON SCENE (DESK REPORT)","NO INJURY / DRIVE AWAY","Y",,,"OVER $1,500","2026-04-17T16:15:00.000","UNABLE TO DETERMINE","UNABLE TO DETERMINE","799","S","PULASKI RD","1132",,,,,,,"2","NO INDICATION OF INJURY","0","0","0","0","0","3","0","14","6","4","41.8707359957","-87.7251942428","POINT (-87.725194242795 41.870735995656)"
"18780a54c03fe397603413e63ef1a3b586aa83a9e7d9e9aad7e49bec79f6ce150ef9f99c7ce153289ab0b003ac82247dfb020f907f483726a2110f4578259e98",,"2026-04-17T14:30:00.000","10","NO CONTROLS","NO CONTROLS","CLEAR","DAYLIGHT","ANGLE","PARKING LOT",,"STRAIGHT AND LEVEL","DRY","NO DEFECTS","ON SCENE","INJURY AND / OR TOW DUE TO CRASH",,"Y","Y","OVER $1,500","2026-04-17T14:30:00.000","FOLLOWING TOO CLOSELY","NOT APPLICABLE","4759","W","FULLERTON AVE","2522",,,,,,,"2","REPORTED, NOT EVIDENT","1","0","0","0","1","1","0","14","6","4","41.9241304308","-87.7462374335","POINT (-87.746237433534 41.92413043084)"
"8c409454f7ec3757f86883f5d5782fe783b11a75d1e46b66767cd5dbbec496ab0eeb574bd64416ddb39cda5f5af286b578a4541e65148bc2c96eee4971713cef",,"2026-04-17T14:30:00.000","30","TRAFFIC SIGNAL","FUNCTIONING IMPROPERLY","CLEAR","DAYLIGHT","TURNING","NOT DIVIDED",,"STRAIGHT AND LEVEL","DRY","NO DEFECTS","ON SCENE","INJURY AND / OR TOW DUE TO CRASH",,,,"OVER $1,500","2026-04-17T14:45:00.000","OBSTRUCTED CROSSWALKS","NOT APPLICABLE","958","W","ARMITAGE AVE","1812",,,,,,,"2","NO INDICATION OF INJURY","0","0","0","0","0","3","0","14","6","4","41.9182156895","-87.6533098664","POINT (-87.653309866443 41.918215689458)"
"e0d52c4f0ac4fcdc53cd7bd87880947735ed168b110d7f2838ba481fa70db56c06d9f0d0e754bd024c774e4b9f77e8a9040a49ff3a5ed235c9893a877648f85e",,"2026-04-17T14:30:00.000","10","NO CONTROLS","NO CONTROLS","CLEAR","DAYLIGHT","SIDESWIPE SAME DIRECTION","OTHER",,"STRAIGHT AND LEVEL","DRY","NO DEFECTS","NOT ON SCENE (DESK REPORT)","NO INJURY / DRIVE AWAY",,,,"$501 - $1,500","2026-04-17T21:15:00.000","NOT APPLICABLE","NOT APPLICABLE","501","W","MONTROSE DR","1915",,,,,,,"2","NO INDICATION OF INJURY","0","0","0","0","0","2","0","14","6","4","41.9622613966","-87.6431835225","POINT (-87.643183522547 41.962261396633)"
"67f79f5dca7839495e2b55e9e9eb5e4615b83a4ec754075c5e5c44f374e921a28a66d12521a2129573a6e665d8ff188a7d72f65f0a96f515e85aba70c0c5d4fa",,"2026-04-17T14:25:00.000","25","NO CONTROLS","NO CONTROLS","CLEAR","DAYLIGHT","HEAD ON","NOT DIVIDED",,"STRAIGHT AND LEVEL","DRY","UNKNOWN","ON SCENE","INJURY AND / OR TOW DUE TO CRASH",,,"Y","OVER $1,500","2026-04-17T14:26:00.000","DRIVING ON WRONG SIDE/WRONG WAY","NOT APPLICABLE","71","E","69TH ST","322",,,,,,,"2","NONINCAPACITATING INJURY","3","0","0","3","0","1","0","14","6","4","41.7690977647","-87.6221873162","POINT (-87.622187316206 41.769097764713)"
"092482706d7ee6cd066f6a229bb4a5a9ec7f473b4bcc3f480ba3cffec47c428311ab0b64185e6f531f958aa9088bcb0155e26ab295f0e9b5d6cc574256d625ae",,"2026-04-17T14:23:00.000","25","TRAFFIC SIGNAL","FUNCTIONING PROPERLY","CLEAR","DAYLIGHT","SIDESWIPE SAME DIRECTION","NOT DIVIDED",,"STRAIGHT AND LEVEL","DRY","NO DEFECTS","NOT ON SCENE (DESK REPORT)","NO INJURY / DRIVE AWAY",,,"Y","OVER $1,500","2026-04-17T14:58:00.000","IMPROPER OVERTAKING/PASSING","IMPROPER OVERTAKING/PASSING","700","W","63RD ST","711",,,,,,,"2","NO INDICATION OF INJURY","0","0","0","0","0","5","0","14","6","4","41.7798889961","-87.6428423448","POINT (-87.642842344768 41.77988899606)"
"ff57ec686e31008746492655e9a93beedd228dcfd130006b35972352821c363f9b8a70367e8b6733d964603bf921487be54fdfefcde9ffe0a30310c3d0de08dd",,"2026-04-17T14:21:00.000","30","TRAFFIC SIGNAL","FUNCTIONING PROPERLY","CLEAR","DAYLIGHT","SIDESWIPE SAME DIRECTION","NOT DIVIDED",,"STRAIGHT AND LEVEL","DRY","NO DEFECTS","ON SCENE","NO INJURY / DRIVE AWAY",,,"Y","OVER $1,500","2026-04-17T15:28:00.000","NOT APPLICABLE","NOT APPLICABLE","2075","W","43RD ST","924",,,,,,,"2","NO INDICATION OF INJURY","0","0","0","0","0","2","0","14","6","4","41.8156553692","-87.6773074849","POINT (-87.677307484943 41.815655369248)"
"029a9e1d70620fbc4b821ccaa59db746fd41287c5cb55e9fc6e25316a3581e656ca79231c13c4c7060d58ec1fcd5b4dc5eb30592c6d4f6ad93284518af0ed86a",,"2026-04-17T14:20:00.000","30","NO CONTROLS","NO CONTROLS","CLOUDY/OVERCAST","DAYLIGHT","SIDESWIPE SAME DIRECTION","NOT DIVIDED",,"STRAIGHT AND LEVEL","DRY","NO DEFECTS","NOT ON SCENE (DESK REPORT)","NO INJURY / DRIVE AWAY",,,"Y","OVER $1,500","2026-04-17T16:46:00.000","IMPROPER OVERTAKING/PASSING","NOT APPLICABLE","3900","S","WESTERN AVE","921",,,,,,,"2","NO INDICATION OF INJURY","0","0","0","0","0","2","0","14","6","4","41.8229542941","-87.685012986","POINT (-87.685012986006 41.822954294114)"
"83395b8410ab022c6c1f680405450b16003e08080303a824779c5112933f74ebb8d7944c8c7d0c6fe0158e967d68e62d49c46002c6cf8394e29bce99fd3b1ea7",,"2026-04-17T14:16:00.000","30","TRAFFIC SIGNAL","FUNCTIONING PROPERLY","CLEAR","DAYLIGHT","REAR END","NOT DIVIDED",,"STRAIGHT AND LEVEL","DRY","NO DEFECTS","NOT ON SCENE (DESK REPORT)","NO INJURY / DRIVE AWAY",,,,"OVER $1,500","2026-04-17T15:00:00.000","UNABLE TO DETERMINE","NOT APPLICABLE","2151","N","LARAMIE AVE","2522",,,,,,,"2","NO INDICATION OF INJURY","0","0","0","0","0","6","0","14","6","4","41.920145605","-87.7558857232","POINT (-87.755885723214 41.920145604956)"
"004d6c4938562d2112d7c0b9d7c77335c4714db586cc10b964abcd23f9349dc566fead445c35a9385ff93f66bebe558f01ce8e6c2be88b78af6a6eb7c95fb172",,"2026-04-17T14:15:00.000","30","NO CONTROLS","NO CONTROLS","CLEAR","DAYLIGHT","SIDESWIPE SAME DIRECTION","NOT DIVIDED",,"STRAIGHT AND LEVEL","DRY","NO DEFECTS","NOT ON SCENE (DESK REPORT)","NO INJURY / DRIVE AWAY",,,,"$501 - $1,500","2026-04-17T14:35:00.000","NOT APPLICABLE","NOT APPLICABLE","5241","N","MILWAUKEE AVE","1623",,,,,,,"2","NO INDICATION OF INJURY","0","0","0","0","0","2","0","14","6","4","41.9756506054","-87.7675486756","POINT (-87.767548675624 41.975650605392)"
"8fc039fe1c93b286c25882bf80927efbd919e63de30f15098122911c5b48800cf3aeef50ef19f1c8f9942a3b4ff5a06251e77141be180ab37472144b50758575",,"2026-04-17T14:15:00.000","30","STOP SIGN/FLASHER","FUNCTIONING PROPERLY","CLEAR","DAYLIGHT","TURNING","FOUR WAY",,"STRAIGHT AND LEVEL","DRY","NO DEFECTS","NOT ON SCENE (DESK REPORT)","NO INJURY / DRIVE AWAY",,,,"OVER $1,500","2026-04-17T14:31:00.000","NOT APPLICABLE","NOT APPLICABLE","3528","W","COLUMBUS AVE","834",,,,,,,"2","NO INDICATION OF INJURY","0","0","0","0","0","3","0","14","6","4","41.7445138167","-87.71044932","POINT (-87.710449320035 41.744513816746)"
"fb4ce8350d7030b4df1d108a876034c5790ad28c6cd93b9df556a91e17f6ac6d98ae7bd45c3e8e9c51c27b789490878ff7742d8d2831412cbe8613209d88a666",,"2026-04-17T14:15:00.000","30","TRAFFIC SIGNAL","FUNCTIONING PROPERLY","CLEAR","DAYLIGHT","REAR END","NOT DIVIDED",,"STRAIGHT AND LEVEL","DRY","NO DEFECTS","NOT ON SCENE (DESK REPORT)","NO INJURY / DRIVE AWAY",,,,"OVER $1,500","2026-04-17T23:15:00.000","FOLLOWING TOO CLOSELY","UNABLE TO DETERMINE","5940","N","SHERIDAN RD","2433",,,,,,,"2","NO INDICATION OF INJURY","0","0","0","0","0","2","0","14","6","4","41.9902667691","-87.655539591","POINT (-87.655539591043 41.990266769105)"
"617a702343dd4d24d239e89032ed05824e71f76354c5aab260a459fddd514cea835dce60236fc5cd1850c2f697183a444897e70d2daafadb2626e612ba049e0c",,"2026-04-17T14:10:00.000","15","NO CONTROLS","NO CONTROLS","CLEAR","DAYLIGHT","REAR TO SIDE","PARKING LOT",,"STRAIGHT AND LEVEL","DRY","NO DEFECTS","NOT ON SCENE (DESK REPORT)","NO INJURY / DRIVE AWAY",,"Y",,"OVER $1,500","2026-04-17T14:30:00.000","IMPROPER BACKING","UNABLE TO DETERMINE","430","W","ROOSEVELT RD","124",,,,,,,"2","NO INDICATION OF INJURY","0","0","0","0","0","2","0","14","6","4","41.8673676366","-87.6387112212","POINT (-87.638711221216 41.867367636623)"
"2dda39eaddcded1509793a5cb82ab03b8c1dbbbb08915bf89d210d8f67215f2bf5d27918edee23dbfa667fcbd5fabccff018511150e2085a26711df7258a0fc1",,"2026-04-17T14:00:00.000","35","NO CONTROLS","NO CONTROLS","CLEAR","DAYLIGHT","PEDALCYCLIST","NOT DIVIDED",,"STRAIGHT AND LEVEL","DRY","NO DEFECTS","NOT ON SCENE (DESK REPORT)","NO INJURY / DRIVE AWAY",,,,"$501 - $1,500","2026-04-17T18:20:00.000","UNABLE TO DETERMINE","UNABLE TO DETERMINE","3131","N","CLARK ST","1933",,,,,,,"2","NO INDICATION OF INJURY","0","0","0","0","0","1","0","14","6","4","41.9385878726","-87.6493959945","POINT (-87.649395994549 41.938587872628)"
"39cd33cda6c13462618f391965e45e7a31776ca71b0da9b1f4fa9fd56e0cd619dfc5fb1154bd1306bc337868c7cd04cc24b4b099262a7d0bc2c6d213525b3eca",,"2026-04-17T14:00:00.000","30","NO CONTROLS","NO CONTROLS","UNKNOWN","DAYLIGHT","REAR TO FRONT","ONE-WAY",,"STRAIGHT AND LEVEL","UNKNOWN","UNKNOWN","NOT ON SCENE (DESK REPORT)","NO INJURY / DRIVE AWAY",,,"Y","OVER $1,500","2026-04-17T15:30:00.000","IMPROPER BACKING","FAILING TO REDUCE SPEED TO AVOID CRASH","7","W","MAPLE ST","1824",,,,,,,"2","NO INDICATION OF INJURY","0","0","0","0","0","2","0","14","6","4","41.9017703173","-87.6286727744","POINT (-87.628672774429 41.901770317255)"
"841462e43978448a0d84f6e36ed51ab4e30b89b71c024f1ebb83861b0386837e3c722c1f815a83a5f6b107c33c6f4f33b741987fa03062de59c4a63acefd11de",,"2026-04-17T14:00:00.000","20","STOP SIGN/FLASHER","FUNCTIONING PROPERLY","CLEAR","DAYLIGHT","TURNING","DIVIDED - W/MEDIAN BARRIER",,"STRAIGHT AND LEVEL","DRY","UNKNOWN","NOT ON SCENE (DESK REPORT)","NO INJURY / DRIVE AWAY","Y",,,"OVER $1,500","2026-04-17T14:45:00.000","UNABLE TO DETERMINE","NOT APPLICABLE","3000","W","BRYN MAWR AVE","2011",,,,,,,"2","NO INDICATION OF INJURY","0","0","0","0","0","2","0","14","6","4","41.9832071802","-87.7040652037","POINT (-87.704065203703 41.98320718024)"
"e9a603d3b3ed1d2bd066dcb1fcf171d6a47437265630ba0f412ab9f4c43fac5980682ac2548863bb2ce1c81c03eefba2ab3f42749cf8ffa93f8427128376478b",,"2026-04-17T14:00:00.000","25","NO CONTROLS","NO CONTROLS","CLEAR","DAYLIGHT","PARKED MOTOR VEHICLE","ONE-WAY",,"STRAIGHT AND LEVEL","DRY","UNKNOWN","NOT ON SCENE (DESK REPORT)","NO INJURY / DRIVE AWAY",,,"Y","$501 - $1,500","2026-04-17T19:50:00.000","UNABLE TO DETERMINE","UNABLE TO DETERMINE","6743","N","TALMAN AVE","2412",,,,,,,"2","NO INDICATION OF INJURY","0","0","0","0","0","1","0","14","6","4","42.0043710358","-87.6960121623","POINT (-87.696012162343 42.004371035838)"
"f622e6104c48f9941ef721e0f75d82a9a8defe0e5d6be7f0d6130ba0585fe84adfca4cb9fd368684ceec3840c6452faee25fbb4666e69bfdae05c5d9ba5f7071",,"2026-04-17T13:54:00.000","45","NO CONTROLS","NO CONTROLS","CLEAR","DAYLIGHT","REAR END","DIVIDED - W/MEDIAN BARRIER",,"STRAIGHT AND LEVEL","DRY","NO DEFECTS","NOT ON SCENE (DESK REPORT)","INJURY AND / OR TOW DUE TO CRASH",,,,"OVER $1,500","2026-04-17T15:00:00.000","FOLLOWING TOO CLOSELY","NOT APPLICABLE","3200","N","LAKE SHORE DR NB","1925",,,,,,,"2","NONINCAPACITATING INJURY","1","0","0","1","0","1","0","13","6","4","41.9404429026","-87.6386335392","POINT (-87.638633539238 41.940442902597)"
"8f0ce59583f7cd1c63b246bdc83bc86102acba57664c3c6843dbed761a3ab1556b21d205243b4ec8547761d3c9640953d52a8fc4c30b1dc6b876334980e458fc",,"2026-04-17T13:50:00.000","35","NO CONTROLS","NO CONTROLS","CLEAR","DAYLIGHT","SIDESWIPE SAME DIRECTION","NOT DIVIDED",,"STRAIGHT AND LEVEL","DRY","NO DEFECTS","NOT ON SCENE (DESK REPORT)","NO INJURY / DRIVE AWAY",,,,"$501 - $1,500","2026-04-17T14:38:00.000","IMPROPER OVERTAKING/PASSING","IMPROPER OVERTAKING/PASSING","5140","N","CALIFORNIA AVE","2031",,,,,,,"2","NO INDICATION OF INJURY","0","0","0","0","0","2","0","13","6","4","41.9752199982","-87.6990467552","POINT (-87.69904675522 41.975219998183)"