"crash_record_id","crash_date_est_i","crash_date","posted_speed_limit","traffic_control_device","device_condition","weather_condition","lighting_condition","first_crash_type","trafficway_type","lane_cnt","alignment","roadway_surface_cond","road_defect","report_type","crash_type","intersection_related_i","private_property_i","hit_and_run_i","damage","date_police_notified","prim_contributory_cause","sec_contributory_cause","street_no","street_direction","street_name","beat_of_occurrence","photos_taken_i","statements_taken_i","dooring_i","work_zone_i","work_zone_type","workers_present_i","num_units","most_severe_injury","injuries_total","injuries_fatal","injuries_incapacitating","injuries_non_incapacitating","injuries_reported_not_evident","injuries_no_indication","injuries_unknown","crash_hour","crash_day_of_week","crash_month","latitude","longitude","location"
"a2ccfac0a56901d50d369c323ebf8c67401494fbe9487c6af1db0b1f6994248139cd4543076a4de69670b8e9875010d271ae779d673d03e2374b32aa88861d53",,"2026-04-17T13:50:00.000","30","STOP SIGN/FLASHER","NO CONTROLS","CLEAR","DAYLIGHT","TURNING","DIVIDED - W/MEDIAN (NOT RAISED)",,"STRAIGHT AND LEVEL","UNKNOWN","UNKNOWN","NOT ON SCENE (DESK REPORT)","INJURY AND / OR TOW DUE TO CRASH",,,"Y","OVER $1,500","2026-04-17T15:10:00.000","FAILING TO YIELD RIGHT-OF-WAY","NOT APPLICABLE","10000","S","COTTAGE GROVE AVE","511",,,,,,,"2","NO INDICATION OF INJURY","0","0","0","0","0","2","0","13","6","4","41.7129095592","-87.6054254043","POINT (-87.605425404324 41.712909559207)"
"2d673b863e048150cbaaf682d039d7722eb3b2baa590381cc2fb85d3a748b16419698653b0850ba799fd7965f8cb33cf312b1a5b237a329eaeda82a7522b8926",,"2026-04-17T13:40:00.000","30","NO CONTROLS","NO CONTROLS","CLEAR","DAYLIGHT","TURNING","DIVIDED - W/MEDIAN (NOT RAISED)",,"STRAIGHT AND LEVEL","DRY","NO DEFECTS","NOT ON SCENE (DESK REPORT)","NO INJURY / DRIVE AWAY",,,"Y","OVER $1,500","2026-04-17T14:15:00.000","UNABLE TO DETERMINE","NOT APPLICABLE","3035","S","KEDZIE AVE","1033",,,,,,,"2","NO INDICATION OF INJURY","0","0","0","0","0","2","0","13","6","4","41.838005705","-87.704697689","POINT (-87.704697689035 41.838005705013)"
"c70bc2b48cb71ae5a53353cb9300067c32cce1e3d1ebf1cc311bf174be76c1f98d4e46835290d8b36d87f801baadac1d91b50c2b972c77052cbd31be2277670b",,"2026-04-17T13:40:00.000","30","UNKNOWN","UNKNOWN","UNKNOWN","DAYLIGHT","REAR END","NOT DIVIDED",,"STRAIGHT AND LEVEL","UNKNOWN","UNKNOWN","NOT ON SCENE (DESK REPORT)","NO INJURY / DRIVE AWAY",,,"Y","OVER $1,500","2026-04-17T15:15:00.000","UNABLE TO DETERMINE","NOT APPLICABLE","3047","N","LINCOLN AVE","1933",,,,,,,"2","NO INDICATION OF INJURY","0","0","0","0","0","2","0","13","6","4","41.9372258684","-87.6650340775","POINT (-87.665034077451 41.937225868382)"
"3bcd8f34b7d720b3c5624d15d9ea5a95e85c74d4b0bd40f05f76db48dc699a2a9ee7f74cb83064e57ce34265aae164ba026fd2b71fb5db18a259babbe0e8ab0d",,"2026-04-17T13:30:00.000","30","NO CONTROLS","NO CONTROLS","CLEAR","DAYLIGHT","PARKED MOTOR VEHICLE","NOT DIVIDED",,"STRAIGHT AND LEVEL","DRY","NO DEFECTS","NOT ON SCENE (DESK REPORT)","NO INJURY / DRIVE AWAY",,,,"$501 - $1,500","2026-04-17T13:50:00.000","UNABLE TO DETERMINE","UNABLE TO DETERMINE","4934","W","WINNEMAC AVE","1623",,,,,,,"2","NO INDICATION OF INJURY","0","0","0","0","0","1","0","13","6","4","41.9726569212","-87.7515745303","POINT (-87.751574530318 41.972656921194)"
"88faf439f4bc522837eac155c8a7e63ea2c1b8d5ec2df3aa75dfd85e266c07e152635a53bba522adf7f1f6723bb07a13367e0dc5a7965cd4ca1b7c3308710e78",,"2026-04-17T13:30:00.000","30","TRAFFIC SIGNAL","FUNCTIONING PROPERLY","CLEAR","DAYLIGHT","REAR END","NOT DIVIDED",,"STRAIGHT AND LEVEL","DRY","NO DEFECTS","NOT ON SCENE (DESK REPORT)","NO INJURY / DRIVE AWAY",,,,"$501 - $1,500","2026-04-17T18:36:00.000","UNABLE TO DETERMINE","NOT APPLICABLE","11100","S","WESTERN AVE","2212",,,,,,,"2","NO INDICATION OF INJURY","0","0","0","0","0","2","0","13","6","4","41.6917273878","-87.6813001283","POINT (-87.681300128278 41.691727387818)"
"e25856cd1b880d7c51c039c366f1f081072f0bdf1181702d6a71102457b256df684ba99c2ed05f11caf8c84f7f20cc7430a9f22ddae4b9bc1647ce5af212c9ed",,"2026-04-17T13:30:00.000","30","NO CONTROLS","NO CONTROLS","UNKNOWN","UNKNOWN","PARKED MOTOR VEHICLE","DIVIDED - W/MEDIAN (NOT RAISED)",,"STRAIGHT AND LEVEL","UNKNOWN","UNKNOWN","NOT ON SCENE (DESK REPORT)","NO INJURY / DRIVE AWAY",,,"Y","$501 - $1,500","2026-04-17T14:29:00.000","UNABLE TO DETERMINE","UNABLE TO DETERMINE","400","S","KOSTNER AVE","1131",,,,,,,"2","NO INDICATION OF INJURY","0","0","0","0","0","1","0","13","6","4","41.8750962545","-87.735429919","POINT (-87.735429919015 41.87509625453)"
"ffca375e65476564c5dd7c95b576ac0ca893d65a1e716f97166b0be253d33065f0194b7c521b148f5981612e96b3e112d216e01c8a2c504349d67d9ee13fce7d",,"2026-04-17T13:24:00.000","30","NO CONTROLS","NO CONTROLS","CLEAR","DAYLIGHT","SIDESWIPE OPPOSITE DIRECTION","T-INTERSECTION",,"STRAIGHT AND LEVEL","DRY","NO DEFECTS",,"NO INJURY / DRIVE AWAY","Y",,"N","OVER $1,500","2026-04-17T14:20:00.000","UNABLE TO DETERMINE","NOT APPLICABLE","7070","N","WESTERN AVE","2411",,,,,,,"2","NO INDICATION OF INJURY","0","0","0","0","0","2","0","13","6","4","42.0106245567","-87.6903585775","POINT (-87.690358577535 42.010624556657)"
"b5138d8b96c54226bc6f482c9f391632462dd4cf91a41de26014498086f066f4af95644119b1a69071e6a194f81c132025da321ed09f85d3e29231c1079ab83f",,"2026-04-17T13:20:00.000","30","NO CONTROLS","NO CONTROLS","CLEAR","DAYLIGHT","PARKED MOTOR VEHICLE","NOT DIVIDED",,"STRAIGHT AND LEVEL","DRY","NO DEFECTS","NOT ON SCENE (DESK REPORT)","NO INJURY / DRIVE AWAY",,,,"OVER $1,500","2026-04-17T15:50:00.000","FAILING TO YIELD RIGHT-OF-WAY","NOT APPLICABLE","5940","N","BROADWAY","2013",,,,,,,"2","NO INDICATION OF INJURY","0","0","0","0","0","1","0","13","6","4","41.9902210819","-87.6604200435","POINT (-87.660420043479 41.990221081871)"
"bfafa0a70968a1beafc4884f9c94c41679dc1581feadae9467c054ad544777cb7e24f68731367af88e0ab9073ed445f10ab06bdd378e7a075e427b5e10f2f538",,"2026-04-17T13:20:00.000","30","TRAFFIC SIGNAL","FUNCTIONING PROPERLY","CLEAR","DAYLIGHT","ANGLE","NOT DIVIDED",,"STRAIGHT AND LEVEL","DRY","NO DEFECTS","NOT ON SCENE (DESK REPORT)","NO INJURY / DRIVE AWAY",,,"Y","OVER $1,500","2026-04-17T14:00:00.000","IMPROPER BACKING","NOT APPLICABLE","2423","W","GRANVILLE AVE","2413",,,,,,,"2","NO INDICATION OF INJURY","0","0","0","0","0","2","0","13","6","4","41.9939711739","-87.6907601373","POINT (-87.690760137318 41.993971173914)"
"3487ad37715c83c8f5f1bb3db8dfda3ce4e132eb94b2c518edb4c4419302920dd1edaf40aaab070c05bf97d14a5337fed33fc53c9de40ade78573d84b90ee93c",,"2026-04-17T13:19:00.000","1","NO CONTROLS","NO CONTROLS","CLEAR","DAYLIGHT","REAR END","OTHER",,"STRAIGHT AND LEVEL","OTHER","NO DEFECTS","ON SCENE","NO INJURY / DRIVE AWAY",,,,"$501 - $1,500","2026-04-17T13:20:00.000","NOT APPLICABLE","NOT APPLICABLE","7068","S","SOUTH CHICAGO AVE","322",,,,,,,"2","NO INDICATION OF INJURY","0","0","0","0","0","2","0","13","6","4","41.7665013743","-87.6066709895","POINT (-87.606670989463 41.766501374296)"
"c191c323cf43454dd5ed508cac52b53320ebbbebce7518f5ab12e2d19e80823d248a87d0810672d8105bc0a220a8abe6f53d6cc3ac4b963f2d212c1481003e35",,"2026-04-17T13:19:00.000","30","TRAFFIC SIGNAL","FUNCTIONING PROPERLY","CLEAR","DAYLIGHT","TURNING","FOUR WAY",,"STRAIGHT AND LEVEL","DRY","NO DEFECTS","ON SCENE","NO INJURY / DRIVE AWAY","Y",,,"$501 - $1,500","2026-04-17T13:22:00.000","IMPROPER OVERTAKING/PASSING","IMPROPER LANE USAGE","1","E","RANDOLPH ST","111",,,,,,,"2","NO INDICATION OF INJURY","0","0","0","0","0","2","0","13","6","4","41.8843814348","-87.6278265998","POINT (-87.627826599815 41.884381434816)"
"5d3b53eba94b6328c75a946da293eb841ffd59fc6d738231c6673b6270b352bccf666c7c555cc1d21c3ab608030633f2c22b1f46baca5fc3c58aaaff3cc048aa",,"2026-04-17T13:15:00.000","30","NO CONTROLS","NO CONTROLS","CLEAR","DAYLIGHT","SIDESWIPE SAME DIRECTION","DIVIDED - W/MEDIAN BARRIER",,"STRAIGHT AND LEVEL","DRY","NO DEFECTS","ON SCENE","INJURY AND / OR TOW DUE TO CRASH",,,,"OVER $1,500","2026-04-17T13:15:00.000","DRIVING SKILLS/KNOWLEDGE/EXPERIENCE","UNABLE TO DETERMINE","6216","N","CLARK ST","2433",,,,,,,"2","REPORTED, NOT EVIDENT","1","0","0","0","1","1","0","13","6","4","41.9949230299","-87.6703179202","POINT (-87.670317920189 41.99492302987)"
"d0063aefdab0add03195d41f6572adf63d7ed42542cf2368cb1ce9e8d993da5b44b5ed324dda3c7055c37789ebef6d32fcb93ede44fa2562be3636192126204c",,"2026-04-17T13:15:00.000","30","NO CONTROLS","NO CONTROLS","CLEAR","DAYLIGHT","PARKED MOTOR VEHICLE","NOT DIVIDED",,"STRAIGHT AND LEVEL","DRY","NO DEFECTS","NOT ON SCENE (DESK REPORT)","NO INJURY / DRIVE AWAY",,,"Y","OVER $1,500","2026-04-17T15:45:00.000","NOT APPLICABLE","NOT APPLICABLE","544","W","OAK ST","1823",,,,,,,"2","NO INDICATION OF INJURY","0","0","0","0","0","1","0","13","6","4","41.9005252379","-87.6429552753","POINT (-87.642955275271 41.900525237912)"
"808699ed42cb86334061529767ee1ab9a7b991b4fa9794818c41916120e040c16d0e76aa42d427cac5293370772c437436dc2211a51fa47b8d3fb7f92b51c6da",,"2026-04-17T13:10:00.000","30","TRAFFIC SIGNAL","FUNCTIONING PROPERLY","CLEAR","DAYLIGHT","FIXED OBJECT","DIVIDED - W/MEDIAN (NOT RAISED)",,"STRAIGHT AND LEVEL","DRY","NO DEFECTS","ON SCENE","INJURY AND / OR TOW DUE TO CRASH",,,,"OVER $1,500","2026-04-17T13:13:00.000","UNABLE TO DETERMINE","NOT APPLICABLE","1595","E","95TH ST","511",,,,,,,"1","NO INDICATION OF INJURY","0","0","0","0","0","1","0","13","6","4","41.7222288509","-87.5852095853","POINT (-87.585209585284 41.722228850895)"
"f9045bd74037216ec1d1712bb4164d4745ed326db3894bb9a018debad1301c30aa258e9fd623b937c2e8d80036b4174205288476f9383b2e0200fb4c5e030cc1",,"2026-04-17T13:10:00.000","30","TRAFFIC SIGNAL","FUNCTIONING PROPERLY","CLEAR","DAYLIGHT","SIDESWIPE SAME DIRECTION","OTHER",,"STRAIGHT AND LEVEL","DRY","NO DEFECTS","NOT ON SCENE (DESK REPORT)","NO INJURY / DRIVE AWAY","Y",,"Y","OVER $1,500","2026-04-17T15:00:00.000","IMPROPER OVERTAKING/PASSING","DISREGARDING ROAD MARKINGS","389","E","BALBO DR","114","Y",,,,,,"2","NO INDICATION OF INJURY","0","0","0","0","0","3","0","13","6","4","41.8731446813","-87.6174742632","POINT (-87.617474263239 41.873144681341)"
"b39e1c51fd4b3f2b3917d48e056d761077d75e9b4750d9a0b40c7341fc639a60527ae0ae40c54852147b826f206164c88c02eb02e10ceb4d54c54053913802c4",,"2026-04-17T12:58:00.000","30","STOP SIGN/FLASHER","FUNCTIONING PROPERLY","CLEAR","DAYLIGHT","TURNING","NOT DIVIDED",,"STRAIGHT AND LEVEL","DRY","NO DEFECTS","ON SCENE","NO INJURY / DRIVE AWAY","Y",,,"OVER $1,500","2026-04-17T14:51:00.000","IMPROPER LANE USAGE","DRIVING SKILLS/KNOWLEDGE/EXPERIENCE","4101","N","CICERO AVE","1722",,,,,,,"2","NO INDICATION OF INJURY","0","0","0","0","0","4","0","12","6","4","41.9555107454","-87.747216136","POINT (-87.747216136004 41.955510745436)"
"acf957dcaefd607456478368b667b5eb52eca27508d20299481259ccd0e6e6a1554e700f01c8be86775c026f922d3621e294a6ecad17385dbec3941aba49cf07",,"2026-04-17T12:49:00.000","30","NO CONTROLS","NO CONTROLS","CLEAR","DAYLIGHT","SIDESWIPE SAME DIRECTION","NOT DIVIDED",,"STRAIGHT AND LEVEL","DRY","UNKNOWN","ON SCENE","NO INJURY / DRIVE AWAY",,,,"$500 OR LESS","2026-04-17T12:57:00.000","UNABLE TO DETERMINE","UNABLE TO DETERMINE","1040","W","DIVISION ST","1822",,,,,,,"2","NO INDICATION OF INJURY","0","0","0","0","0","3","0","12","6","4","41.903663097","-87.6540279397","POINT (-87.654027939687 41.903663097045)"
"20051072bd6f8f11d816a467c5b42fdf7ed51f652bb3498fc5127b738604a02caceee4c0211a983b5d28fb815f84d2e35f0f962ed028779cc43db2cb5731c4e5",,"2026-04-17T12:45:00.000","35","NO CONTROLS","NO CONTROLS","CLEAR","DAYLIGHT","SIDESWIPE SAME DIRECTION","NOT DIVIDED",,"STRAIGHT AND LEVEL","DRY","NO DEFECTS","NOT ON SCENE (DESK REPORT)","NO INJURY / DRIVE AWAY",,,,"$501 - $1,500","2026-04-17T13:30:00.000","IMPROPER OVERTAKING/PASSING","IMPROPER OVERTAKING/PASSING","2336","W","LAWRENCE AVE","2031",,,,,,,"2","NO INDICATION OF INJURY","0","0","0","0","0","2","0","12","6","4","41.9687438469","-87.6879365344","POINT (-87.687936534394 41.968743846927)"
"60b5cbe29e809a9415a8104424a1b5e0b92fe1cd8148fa8e7ba2a0a1e2f21ee643dfc26e0d99b70ff0c0a3d10a04ebebf8a3ff0f97f45b1468e36f56b92fcd59",,"2026-04-17T12:45:00.000","30","TRAFFIC SIGNAL","FUNCTIONING PROPERLY","CLOUDY/OVERCAST","DAYLIGHT","REAR END","NOT DIVIDED",,"STRAIGHT AND LEVEL","DRY","NO DEFECTS","NOT ON SCENE (DESK REPORT)","INJURY AND / OR TOW DUE TO CRASH",,,,"OVER $1,500","2026-04-17T14:55:00.000","FOLLOWING TOO CLOSELY","NOT APPLICABLE","4399","W","59TH ST","813",,,,,,,"2","NONINCAPACITATING INJURY","2","0","0","2","0","1","0","12","6","4","41.785726377","-87.7326826375","POINT (-87.732682637506 41.785726377022)"
"decd0b33876490e1e146d6de4b6854dcbfdc09f1a6f8114597769b030824f7b13691ff191cde881c4e1fd0ee3bcb858f9027484ee537991373b19c7007e4223d",,"2026-04-17T12:42:00.000","30","TRAFFIC SIGNAL","FUNCTIONING PROPERLY","CLEAR","DAYLIGHT","PARKED MOTOR VEHICLE","NOT DIVIDED",,"STRAIGHT AND LEVEL","DRY","NO DEFECTS","ON SCENE","NO INJURY / DRIVE AWAY",,,"Y","OVER $1,500","2026-04-17T12:42:00.000","UNABLE TO DETERMINE","UNABLE TO DETERMINE","5958","W","ROOSEVELT RD","1513",,,,,,,"2","NO INDICATION OF INJURY","0","0","0","0","0","2","0","12","6","4","41.865569497","-87.7740785744","POINT (-87.774078574366 41.865569497039)"
"52ffc93ab9754951ca90ab135f6ba0e9fa4436d6f9fa3e5aee93579f1c6ca4592c972c0efb9ce3a1d8b563ea038facd513ffa1719ed4b1a2f67cbe6686dfd0fb",,"2026-04-17T12:30:00.000","30","NO CONTROLS","NO CONTROLS","CLEAR","DAYLIGHT","TURNING","NOT DIVIDED",,"STRAIGHT AND LEVEL","DRY","UNKNOWN","NOT ON SCENE (DESK REPORT)","NO INJURY / DRIVE AWAY",,,,"OVER $1,500","2026-04-17T13:15:00.000","DISTRACTION - FROM OUTSIDE VEHICLE","DISTRACTION - FROM OUTSIDE VEHICLE","7216","N","HARLEM AVE","1611",,,,,,,"2","NO INDICATION OF INJURY","0","0","0","0","0","2","0","12","6","4","42.0122552954","-87.8067791219","POINT (-87.806779121912 42.012255295394)"
"7542ef9d19befec2a9fd8c226b067866dea1f4621930fc77a58ae49d589bcf494693d18cb08f570362714cd6a06f25b36b63c1d6bcb555452b1e998a483f9cbe",,"2026-04-17T12:30:00.000","30","NO CONTROLS","NO CONTROLS","CLEAR","DAYLIGHT","REAR END","DIVIDED - W/MEDIAN (NOT RAISED)",,"STRAIGHT AND LEVEL","DRY","UNKNOWN","NOT ON SCENE (DESK REPORT)","NO INJURY / DRIVE AWAY",,,,"$501 - $1,500","2026-04-17T14:45:00.000","UNABLE TO DETERMINE","UNABLE TO DETERMINE","6300","N","SHERIDAN RD","2433",,,,,,,"3","NO INDICATION OF INJURY","0","0","0","0","0","3","0","12","6","4","41.9965100574","-87.655730774","POINT (-87.655730773958 41.996510057378)"
"c1b8587526ce9b50bc238d9554abceadb319879fbc0c3a52d4b0f9ec42823812bcd9f6de2cb8a478c11d669252823868c37a8e6db232a0fa61318496cd4c92c2",,"2026-04-17T12:30:00.000","30","NO CONTROLS","NO CONTROLS","CLEAR","DAYLIGHT","SIDESWIPE SAME DIRECTION","NOT DIVIDED",,"STRAIGHT AND LEVEL","DRY","NO DEFECTS","NOT ON SCENE (DESK REPORT)","NO INJURY / DRIVE AWAY",,,,"$500 OR LESS","2026-04-17T15:15:00.000","FAILING TO YIELD RIGHT-OF-WAY","IMPROPER OVERTAKING/PASSING","1576","N","MILWAUKEE AVE","1424",,,,,,,"2","NO INDICATION OF INJURY","0","0","0","0","0","2","0","12","6","4","41.9100598435","-87.6771912342","POINT (-87.677191234211 41.91005984346)"
"0e65596f20f1da36771a5c04623d9791953905696028c8d326e38effc618c1602dbefb1a404979521d7bad6bc6109f9a8e035675bf112957a64c5aac59a9a941",,"2026-04-17T12:25:00.000","30","TRAFFIC SIGNAL","FUNCTIONING PROPERLY","CLEAR","DAYLIGHT","REAR END","FOUR WAY",,"STRAIGHT AND LEVEL","DRY","NO DEFECTS","ON SCENE","INJURY AND / OR TOW DUE TO CRASH","Y",,,"OVER $1,500","2026-04-17T12:40:00.000","FOLLOWING TOO CLOSELY","UNABLE TO DETERMINE","1300","S","WESTERN AVE","1023",,,,,,,"2","REPORTED, NOT EVIDENT","1","0","0","0","1","1","0","12","6","4","41.8647399412","-87.6861340632","POINT (-87.686134063238 41.864739941196)"
"1d892a0e57cad68dc8362db3ea7d0d8a46f61af1a02a31ee0598a02b0d1c3bf67a3bfc10ee081399837f922f7c8fa43f9ab085fde5e30fb77e0538968b3ccdcb",,"2026-04-17T12:20:00.000","30","UNKNOWN","UNKNOWN","UNKNOWN","UNKNOWN","PARKED MOTOR VEHICLE","NOT DIVIDED",,"STRAIGHT AND LEVEL","UNKNOWN","UNKNOWN","NOT ON SCENE (DESK REPORT)","NO INJURY / DRIVE AWAY",,,,"OVER $1,500","2026-04-17T13:00:00.000","UNABLE TO DETERMINE","NOT APPLICABLE","5406","W","FULLERTON AVE","2515",,,,,,,"2","NO INDICATION OF INJURY","0","0","0","0","0","3","0","12","6","4","41.9241498946","-87.7613698867","POINT (-87.761369886727 41.924149894573)"
"d9a5fd87b0c23f656efa11ab9fc656b79e1f9b7aa2edf42cbb0cb90503c9c591f32816abed60d089425f1e94a585e0fa880af55d722d9039451a172dc3a2b51d",,"2026-04-17T12:20:00.000","30","TRAFFIC SIGNAL","FUNCTIONING PROPERLY","CLEAR","DAYLIGHT","SIDESWIPE SAME DIRECTION","DIVIDED - W/MEDIAN BARRIER",,"STRAIGHT AND LEVEL","DRY","UNKNOWN","NOT ON SCENE (DESK REPORT)","NO INJURY / DRIVE AWAY",,,"Y","OVER $1,500","2026-04-17T16:43:00.000","IMPROPER OVERTAKING/PASSING","IMPROPER LANE USAGE","4848","S","ASHLAND AVE","931",,,,,,,"2","NO INDICATION OF INJURY","0","0","0","0","0","6","0","12","6","4","41.8053345527","-87.6650287484","POINT (-87.665028748437 41.805334552733)"
"a262b1a74f3fb2b6c189d7418792cad0470aec8672a2e8022929c1dbd0dfe6a2983b499bb240f8e3c8570963cbc0de5c8864e687968f20fc3495598cda3fb283",,"2026-04-17T12:16:00.000","30","STOP SIGN/FLASHER","FUNCTIONING PROPERLY","CLEAR","DAYLIGHT","ANGLE","NOT DIVIDED",,"STRAIGHT AND LEVEL","DRY","NO DEFECTS","ON SCENE","INJURY AND / OR TOW DUE TO CRASH","Y",,,"OVER $1,500","2026-04-17T12:17:00.000","FAILING TO YIELD RIGHT-OF-WAY","FAILING TO REDUCE SPEED TO AVOID CRASH","5601","S","RACINE AVE","712",,,,,,,"2","INCAPACITATING INJURY","2","0","1","0","1","1","0","12","6","4","41.7922569789","-87.6546796678","POINT (-87.654679667751 41.792256978909)"
"f3507186166c57812a5db068e3219d321c54258a78d0d020715f497def36b5932a5535da7e2abf573b24c519d61afbbbe0ff7cdba6c3e8e419b7f8b86c3c92f2",,"2026-04-17T12:14:00.000","30","NO CONTROLS","NO CONTROLS","CLEAR","DAYLIGHT","REAR END","NOT DIVIDED",,"STRAIGHT AND LEVEL","DRY","UNKNOWN","ON SCENE","INJURY AND / OR TOW DUE TO CRASH",,,,"OVER $1,500","2026-04-17T12:14:00.000","FOLLOWING TOO CLOSELY","FAILING TO REDUCE SPEED TO AVOID CRASH","1836","N","NARRAGANSETT AVE","2513",,,,,,,"2","NONINCAPACITATING INJURY","1","0","0","1","0","2","0","12","6","4","41.9138798895","-87.785302127","POINT (-87.785302126996 41.913879889511)"
"ddf9c7ac50c5d15f299b2789420293c83d0ac706a2bb80de75b907ee84320fe77714b6799d48c319e8681ac77fe3509401785efcfccc123573d10f40cf244c73",,"2026-04-17T12:10:00.000","30","NO CONTROLS","NO CONTROLS","CLEAR","DAYLIGHT","HEAD ON","PARKING LOT",,"STRAIGHT AND LEVEL","DRY","NO DEFECTS","NOT ON SCENE (DESK REPORT)","NO INJURY / DRIVE AWAY",,"Y",,"OVER $1,500","2026-04-17T12:34:00.000","IMPROPER OVERTAKING/PASSING","NOT APPLICABLE","2138","S","INDIANA AVE","132",,,,,,,"2","NO INDICATION OF INJURY","0","0","0","0","0","2","0","12","6","4","41.8530780013","-87.6223842966","POINT (-87.622384296603 41.853078001272)"
"01d295113125fda321a9f19d83a1c1e8bf7f7bfe2b3514e5c7c3f958e6b0f385bd78e9afdab2ae2034e4e8412c399f736707e486c3f340fc76aac533614eb551",,"2026-04-17T12:00:00.000","30","NO CONTROLS","NO CONTROLS","UNKNOWN","DAYLIGHT","REAR END","DIVIDED - W/MEDIAN (NOT RAISED)",,"STRAIGHT AND LEVEL","UNKNOWN","UNKNOWN","NOT ON SCENE (DESK REPORT)","NO INJURY / DRIVE AWAY",,,,"OVER $1,500","2026-04-17T13:55:00.000","FOLLOWING TOO CLOSELY","FAILING TO REDUCE SPEED TO AVOID CRASH","458","W","KINZIE ST","1214",,,,,,,"2","NO INDICATION OF INJURY","0","0","0","0","0","2","0","12","6","4","41.8891576735","-87.6399420188","POINT (-87.639942018757 41.889157673493)"
"19bd829d2dd9cb4581fb333808d5d4f75c0ac046229e6fb0698238720fdc8b253b7afbd03378a325f81e3e008cb868551a5d4bc47ae75deb122edff5a2432e18",,"2026-04-17T11:52:00.000","30","TRAFFIC SIGNAL","FUNCTIONING PROPERLY","CLEAR","DAYLIGHT","TURNING","NOT DIVIDED",,"STRAIGHT AND LEVEL","DRY","NO DEFECTS","ON SCENE","INJURY AND / OR TOW DUE TO CRASH","Y",,"Y","OVER $1,500","2026-04-17T11:54:00.000","FAILING TO REDUCE SPEED TO AVOID CRASH","DISREGARDING TRAFFIC SIGNALS","1859","S","PULASKI RD","1014",,,,,,,"2","NONINCAPACITATING INJURY","1","0","0","1","0","1","0","11","6","4","41.8553397217","-87.7247100763","POINT (-87.724710076289 41.855339721704)"
"176e28e1d88b74c3110915b42cbe372263b2d915c02019a5720c670e8dc33d03630f5c687137f6bd57220bb38838978504954c2c8763256b9f404a2089aef6e0",,"2026-04-17T11:50:00.000","30","NO CONTROLS","NO CONTROLS","CLEAR","DAYLIGHT","SIDESWIPE SAME DIRECTION","DIVIDED - W/MEDIAN BARRIER",,"STRAIGHT AND LEVEL","DRY","NO DEFECTS","ON SCENE","NO INJURY / DRIVE AWAY",,,"Y","$500 OR LESS","2026-04-17T11:51:00.000","IMPROPER LANE USAGE","UNABLE TO DETERMINE","8600","S","STONY ISLAND AVE","412",,,,,,,"2","NO INDICATION OF INJURY","0","0","0","0","0","3","0","11","6","4","41.7386831854","-87.5858332337","POINT (-87.58583323367 41.738683185433)"
"740d87ba3565a1ea776295d851d5665065b012cd41e7eebda088e20a0de302cb0b7965e6c0c3172751daca3e7a6cf4da8b3fc3028241cc12e898e285e1cf16d4",,"2026-04-17T11:45:00.000","30","STOP SIGN/FLASHER","FUNCTIONING PROPERLY","CLEAR","DAYLIGHT","ANGLE","FOUR WAY",,"STRAIGHT AND LEVEL","DRY","NO DEFECTS","NOT ON SCENE (DESK REPORT)","INJURY AND / OR TOW DUE TO CRASH","Y",,"Y","OVER $1,500","2026-04-17T15:25:00.000","UNABLE TO DETERMINE","UNABLE TO DETERMINE","2400","E","93RD ST","423",,,,,,,"2","REPORTED, NOT EVIDENT","1","0","0","0","1","1","0","11","6","4","41.7263497976","-87.5656449541","POINT (-87.565644954091 41.726349797554)"
"be62d26d544ade46d4c5529099b56e0e04931de3fd2a16666816c79fe0d8dc090b6de76b57b8d7487479b1393175b4cbbffffc178a482d100d6f40a9205bf156",,"2026-04-17T11:30:00.000","30","TRAFFIC SIGNAL","FUNCTIONING PROPERLY","CLEAR","DAYLIGHT","TURNING","NOT DIVIDED",,"STRAIGHT AND LEVEL","DRY","NO DEFECTS","NOT ON SCENE (DESK REPORT)","NO INJURY / DRIVE AWAY",,,,"$500 OR LESS","2026-04-17T11:45:00.000","UNABLE TO DETERMINE","UNABLE TO DETERMINE","2200","S","KEDZIE AVE","1024",,,,,,,"2","NO INDICATION OF INJURY","0","0","0","0","0","2","0","11","6","4","41.8516719795","-87.7053986934","POINT (-87.70539869337 41.851671979532)"
"8228485ef44e3b9d1c77b3f000df43459bd175d176c959aef18f7e33f380ab303076e752934eee49907fb23bfff55144385ed22ad02c8ae19a7679bb953932d8",,"2026-04-17T11:25:00.000","30","NO CONTROLS","NO CONTROLS","CLEAR","DAYLIGHT","SIDESWIPE SAME DIRECTION","NOT DIVIDED",,"STRAIGHT AND LEVEL","DRY","NO DEFECTS","NOT ON SCENE (DESK REPORT)","NO INJURY / DRIVE AWAY",,,,"$501 - $1,500","2026-04-17T11:45:00.000","UNABLE TO DETERMINE","UNABLE TO DETERMINE","3510","S","CALIFORNIA AVE","911",,,,,,,"2","NO INDICATION OF INJURY","0","0","0","0","0","2","0","11","6","4","41.8297592979","-87.6949276053","POINT (-87.694927605318 41.829759297868)"