"crash_record_id","crash_date_est_i","crash_date","posted_speed_limit","traffic_control_device","device_condition","weather_condition","lighting_condition","first_crash_type","trafficway_type","lane_cnt","alignment","roadway_surface_cond","road_defect","report_type","crash_type","intersection_related_i","private_property_i","hit_and_run_i","damage","date_police_notified","prim_contributory_cause","sec_contributory_cause","street_no","street_direction","street_name","beat_of_occurrence","photos_taken_i","statements_taken_i","dooring_i","work_zone_i","work_zone_type","workers_present_i","num_units","most_severe_injury","injuries_total","injuries_fatal","injuries_incapacitating","injuries_non_incapacitating","injuries_reported_not_evident","injuries_no_indication","injuries_unknown","crash_hour","crash_day_of_week","crash_month","latitude","longitude","location"
"9808976c4b1e57ecbc95e77e53fb9c4d8161bb89deb99a214fc8fda720d7b6059a91e7f7da7040e5f01feea1e47e49535feefb3e79a10174877714ff2d0d0af8",,"2026-04-17T04:28:00.000","30","NO CONTROLS","NO CONTROLS","RAIN","DARKNESS, LIGHTED ROAD","PARKED MOTOR VEHICLE","ONE-WAY",,"STRAIGHT AND LEVEL","WET","NO DEFECTS","ON SCENE","INJURY AND / OR TOW DUE TO CRASH",,,"Y","OVER $1,500","2026-04-17T04:32:00.000","UNABLE TO DETERMINE","UNABLE TO DETERMINE","2409","E","72ND ST","334",,,,,,,"8","NO INDICATION OF INJURY","0","0","0","0","0","1","0","4","6","4","41.7643300003","-87.5660265756","POINT (-87.566026575619 41.764330000334)"
"d6b89fa8789fa8b54b4d40c187c768336bff4fdb06df7d3a8fc9ea8d157989c5654324b2a5345b17abf343bacc7935d7d1505a72d558be0e3acbf595c15aa30e",,"2026-04-17T04:15:00.000","30","TRAFFIC SIGNAL","FUNCTIONING PROPERLY","CLEAR","DARKNESS, LIGHTED ROAD","TURNING","FOUR WAY",,"STRAIGHT AND LEVEL","DRY","NO DEFECTS","ON SCENE","NO INJURY / DRIVE AWAY","Y",,"Y","$501 - $1,500","2026-04-17T04:40:00.000","UNABLE TO DETERMINE","NOT APPLICABLE","395","E","76TH ST","623",,,,,,,"2","NO INDICATION OF INJURY","0","0","0","0","0","3","0","4","6","4","41.7564717091","-87.6151577709","POINT (-87.615157770937 41.756471709119)"
"39fbd421de90700cf279312ee1a1dcb5d91342cc835b62f6f21699b7197cfd75f3bfb9011acdb1ee93ea5de52eb8a743232dbda89b4f4c10e7e46137ba474624",,"2026-04-17T03:53:00.000","30","NO CONTROLS","NO CONTROLS","CLEAR","DARKNESS, LIGHTED ROAD","FIXED OBJECT","NOT DIVIDED",,"STRAIGHT AND LEVEL","DRY","NO DEFECTS","ON SCENE","INJURY AND / OR TOW DUE TO CRASH",,"Y","Y","OVER $1,500","2026-04-17T03:53:00.000","NOT APPLICABLE","NOT APPLICABLE","5656","S","KEDZIE AVE","822",,,,,,,"1","NO INDICATION OF INJURY","0","0","0","0","0","2","0","3","6","4","41.7900288569","-87.7036042883","POINT (-87.703604288284 41.790028856917)"
"6e477329b235b701d980ebd07f60bab49ddd49f7101590a459114497f3f7881504e81c779a9d0b6e951664350e61c989ad5f266d16b5ba322d58075bce0d42f1","Y","2026-04-17T03:00:00.000","25","NO CONTROLS","NO CONTROLS","CLEAR","UNKNOWN","PARKED MOTOR VEHICLE","RAMP",,"STRAIGHT AND LEVEL","DRY","NO DEFECTS","ON SCENE","NO INJURY / DRIVE AWAY",,,"Y","OVER $1,500","2026-04-17T13:49:00.000","UNABLE TO DETERMINE","UNABLE TO DETERMINE","13247","S","ST LAWRENCE AVE","533",,,,,,,"2","NO INDICATION OF INJURY","0","0","0","0","0","1","0","3","6","4","41.6543763942","-87.6074091283","POINT (-87.607409128265 41.65437639421)"
"c6b9cbbf78471cfc8902c9ef7d0a063bce522ed0078c6fb8108b3ce2ab9edef7914fbf69c82462acea79f5a1c158a8ff307dfeec94e8cc16dde379ab6064bc9a",,"2026-04-17T02:40:00.000","30","NO CONTROLS","NO CONTROLS","FOG/SMOKE/HAZE","DARKNESS","PARKED MOTOR VEHICLE","NOT DIVIDED",,"STRAIGHT AND LEVEL","DRY","NO DEFECTS","ON SCENE","INJURY AND / OR TOW DUE TO CRASH",,,"Y","$501 - $1,500","2026-04-17T02:45:00.000","IMPROPER BACKING","NOT APPLICABLE","10055","S","WASHTENAW AVE","2211",,,,,,,"3","NO INDICATION OF INJURY","0","0","0","0","0","4","0","2","6","4","41.7101618151","-87.68899493","POINT (-87.688994929972 41.710161815065)"
"87d80731885e9bfa761213acf053265d3fc1d6565ea88ea4eb481e7c85b2ff9c51eaa8848d3afc4aed25c3e9e84a0bc8da952cd26def121af741e4e02a00ec96","Y","2026-04-17T02:30:00.000","20","STOP SIGN/FLASHER","FUNCTIONING PROPERLY","UNKNOWN","DARKNESS, LIGHTED ROAD","PARKED MOTOR VEHICLE","NOT DIVIDED",,"STRAIGHT ON GRADE","UNKNOWN","WORN SURFACE","ON SCENE","NO INJURY / DRIVE AWAY",,,"Y","$501 - $1,500","2026-04-17T16:39:00.000","IMPROPER TURNING/NO SIGNAL","DRIVING SKILLS/KNOWLEDGE/EXPERIENCE","2359","S","PRINCETON AVE","914",,,,,,,"2","NO INDICATION OF INJURY","0","0","0","0","0","1","0","2","6","4","41.8491672056","-87.6345744204","POINT (-87.634574420375 41.849167205588)"
"0f0a3309ddf94423cd83066c91f8c6d95d644bbb1f707e508a4334bb8179ca6e826acba9b5bea98fdf9c095b20c23ba5a1415bb553bc93fab677952a7aac61da",,"2026-04-17T02:28:00.000","25","UNKNOWN","UNKNOWN","CLEAR","DARKNESS, LIGHTED ROAD","PARKED MOTOR VEHICLE","NOT DIVIDED",,"STRAIGHT AND LEVEL","DRY","UNKNOWN","ON SCENE","INJURY AND / OR TOW DUE TO CRASH",,,,"OVER $1,500","2026-04-17T02:30:00.000","UNABLE TO DETERMINE","UNABLE TO DETERMINE","2239","N","NARRAGANSETT AVE","2512",,,,,,,"3","NO INDICATION OF INJURY","0","0","0","0","0","1","0","2","6","4","41.9211075876","-87.7852188289","POINT (-87.785218828901 41.921107587565)"
"3d4c139b8a60d589d5346805b64d3c5220fc5fb4f1f75749b4f74a2dcea056ceb24d5a639dc2894d51b01c39b6d34a1f3224b70c8d777d45ec65a370b88d58ec",,"2026-04-17T02:18:00.000","30","TRAFFIC SIGNAL","FUNCTIONING PROPERLY","CLEAR","DARKNESS, LIGHTED ROAD","REAR TO FRONT","DIVIDED - W/MEDIAN (NOT RAISED)",,"STRAIGHT AND LEVEL","DRY","NO DEFECTS","ON SCENE","NO INJURY / DRIVE AWAY",,,"Y","$500 OR LESS","2026-04-17T02:18:00.000","IMPROPER BACKING","IMPROPER BACKING","3800","N","KEDZIE AVE","1733",,,,,,,"2","NO INDICATION OF INJURY","0","0","0","0","0","2","0","2","6","4","41.9503702668","-87.7080669684","POINT (-87.708066968423 41.95037026681)"
"e61dee5a17767b0bb870a996b09b472095a5a87541b4f30520d4f19fd0df6b5063d5e8c20a3d8c024c3a9fcd59afcdd6c2f58cbf9bec672de1e2249c2a63f0d7",,"2026-04-17T01:27:00.000","30","NO CONTROLS","NO CONTROLS","CLEAR","DARKNESS, LIGHTED ROAD","FIXED OBJECT","ONE-WAY",,"STRAIGHT AND LEVEL","UNKNOWN","UNKNOWN","ON SCENE","INJURY AND / OR TOW DUE TO CRASH",,,,"$501 - $1,500","2026-04-17T01:27:00.000","UNABLE TO DETERMINE","NOT APPLICABLE","520","W","WASHINGTON BLVD","121",,,,,,,"1","NO INDICATION OF INJURY","0","0","0","0","0","1","0","1","6","4","41.8832875809","-87.6406355653","POINT (-87.640635565265 41.883287580882)"
"1ed106c2efd24bdb4bbb4fba76725d6e243d4cbf90af803478c6ef34a12537f1e7d0c1b286b6f6bf129aca0e917fde66584ea5ef6a2298d86a8a9076fa2c0c86",,"2026-04-17T01:00:00.000","30","NO CONTROLS","NO CONTROLS","CLEAR","DARKNESS","PARKED MOTOR VEHICLE","NOT DIVIDED",,"STRAIGHT AND LEVEL","DRY","NO DEFECTS","ON SCENE","NO INJURY / DRIVE AWAY",,,"Y","OVER $1,500","2026-04-17T13:03:00.000","UNABLE TO DETERMINE","UNABLE TO DETERMINE","4800","S","CHICAGO BEACH DR","222",,,,,,,"2","NO INDICATION OF INJURY","0","0","0","0","0","1","0","1","6","4","41.8072543927","-87.5866743554","POINT (-87.58667435538 41.807254392729)"
"84b1075c49ec2660ba7d8113ee5c7609c3a0f153a17d66151c23177ecfc4742b037c56136e40678132708aeae6cde75e9e55135d60045736649eec4acc6ed86d",,"2026-04-17T00:30:00.000","30","TRAFFIC SIGNAL","FUNCTIONING PROPERLY","CLEAR","DARKNESS, LIGHTED ROAD","TURNING","DIVIDED - W/MEDIAN (NOT RAISED)",,"STRAIGHT AND LEVEL","DRY","UNKNOWN","NOT ON SCENE (DESK REPORT)","NO INJURY / DRIVE AWAY",,,,"OVER $1,500","2026-04-17T11:04:00.000","UNABLE TO DETERMINE","UNABLE TO DETERMINE","4334","S","KEDZIE AVE","821",,,,,,,"2","NO INDICATION OF INJURY","0","0","0","0","0","2","0","0","6","4","41.8143998534","-87.7043679315","POINT (-87.704367931483 41.814399853391)"
"60670329c0a1bfd22d7e2ee7fb41e2035e14e1a443ed3ab8bb628d8e4e773f60cecc364debdef7d7a553375f022268fc3cce44c34288fe7f1246db0f0565ae4d",,"2026-04-17T00:21:00.000","30","TRAFFIC SIGNAL","FUNCTIONING PROPERLY","CLEAR","DARKNESS, LIGHTED ROAD","ANGLE","FOUR WAY",,"STRAIGHT AND LEVEL","UNKNOWN","UNKNOWN","ON SCENE","INJURY AND / OR TOW DUE TO CRASH","Y",,,"OVER $1,500","2026-04-17T00:23:00.000","UNDER THE INFLUENCE OF ALCOHOL/DRUGS (USE WHEN ARREST IS EFFECTED)","DISREGARDING TRAFFIC SIGNALS","3601","W","DIVERSEY AVE","2524",,,,,,,"2","INCAPACITATING INJURY","2","0","1","0","1","1","0","0","6","4","41.9318004365","-87.7172537997","POINT (-87.717253799732 41.931800436541)"
"5994e62fb27cb66e42111ab996ec53edf61e809550d7dc7d08e650371b8d7ed432bf3b92f441ca6fec1777efa2a9eddff2a3ed52e2daaa13c1f3697e66e6ecb7",,"2026-04-17T00:10:00.000","30","TRAFFIC SIGNAL","FUNCTIONING PROPERLY","CLEAR","DARKNESS, LIGHTED ROAD","TURNING","NOT DIVIDED",,"STRAIGHT AND LEVEL","DRY","NO DEFECTS","ON SCENE","INJURY AND / OR TOW DUE TO CRASH","Y",,,"OVER $1,500","2026-04-17T00:30:00.000","UNABLE TO DETERMINE","NOT APPLICABLE","5200","N","ELSTON AVE","1623",,,,,,,"3","NO INDICATION OF INJURY","0","0","0","0","0","3","0","0","6","4","41.9752580953","-87.7519905572","POINT (-87.751990557158 41.97525809527)"
"bf35e12d876e988bafbda147256db931226900b450f598bee0735d38cdeae86f40c6a7ecb1bbd043e0ef856858baff181ee72ad4b03339e145c9c70e1bd654da",,"2026-04-16T23:50:00.000","30","TRAFFIC SIGNAL","UNKNOWN","CLEAR","DARKNESS, LIGHTED ROAD","REAR END","NOT DIVIDED",,"STRAIGHT AND LEVEL","DRY","UNKNOWN","ON SCENE","INJURY AND / OR TOW DUE TO CRASH",,,,"$500 OR LESS","2026-04-16T23:50:00.000","DISTRACTION - FROM INSIDE VEHICLE","CELL PHONE USE OTHER THAN TEXTING","612","S","PULASKI RD","1132",,,,,,,"2","REPORTED, NOT EVIDENT","1","0","0","0","1","2","0","23","5","4","41.8731179638","-87.7255534217","POINT (-87.725553421661 41.873117963843)"
"61566ba30e570d5d63a77e5393f4e22bb7a3b412450c4e317344f5b942309c03aa2f54c368314c4ce02af12a8d3dd8412cc84d5ccf0710cb8e73d701ac4457d7",,"2026-04-16T23:36:00.000","35","FLASHING CONTROL SIGNAL","FUNCTIONING PROPERLY","CLEAR","DARKNESS, LIGHTED ROAD","PEDALCYCLIST","NOT DIVIDED",,"STRAIGHT AND LEVEL","DRY","NO DEFECTS","ON SCENE","INJURY AND / OR TOW DUE TO CRASH",,"Y",,"OVER $1,500","2026-04-16T23:38:00.000","DISREGARDING OTHER TRAFFIC SIGNS","FOLLOWING TOO CLOSELY","5825","S","WESTERN AVE","824",,"N","N",,,,"2","INCAPACITATING INJURY","3","0","3","0","0","0","0","23","5","4","41.7875876381","-87.6837148349","POINT (-87.68371483491 41.787587638054)"
"823abef8814ca7376b9ad4e1200322cf5c708778366dc727d0e7f019e59d7168281a135eaadd6cf5cb4da93257eeb12800408d5002172e22224d43dc44700934",,"2026-04-16T23:35:00.000","20","STOP SIGN/FLASHER","FUNCTIONING PROPERLY","CLEAR","DARKNESS, LIGHTED ROAD","REAR TO SIDE","FOUR WAY",,"STRAIGHT AND LEVEL","DRY","NO DEFECTS","NOT ON SCENE (DESK REPORT)","NO INJURY / DRIVE AWAY",,,,"OVER $1,500","2026-04-16T23:50:00.000","OPERATING VEHICLE IN ERRATIC, RECKLESS, CARELESS, NEGLIGENT OR AGGRESSIVE MANNER","NOT APPLICABLE","6000","S","NATCHEZ AVE","812",,,,,,,"2","NO INDICATION OF INJURY","0","0","0","0","0","2","0","23","5","4","41.7830861624","-87.7840536878","POINT (-87.784053687785 41.783086162448)"
"8450417b1cdfe598908a841b3f73a50afda90d4d872190261fe2710d94e69f60894f44ec6c5d88608280332545b47885a2ace978e203498c4f1c5ffd18e7fe3d",,"2026-04-16T23:35:00.000","30","UNKNOWN","OTHER","UNKNOWN","DARKNESS, LIGHTED ROAD","ANGLE","T-INTERSECTION",,"STRAIGHT AND LEVEL","UNKNOWN","UNKNOWN","NOT ON SCENE (DESK REPORT)","NO INJURY / DRIVE AWAY",,,"Y","OVER $1,500","2026-04-16T23:50:00.000","UNABLE TO DETERMINE","DRIVING SKILLS/KNOWLEDGE/EXPERIENCE","3104","N","NARRAGANSETT AVE","2511",,,,,,,"2","NO INDICATION OF INJURY","0","0","0","0","0","2","0","23","5","4","41.9366521886","-87.7860240124","POINT (-87.786024012361 41.936652188641)"
"a28b8168e054f8ccb34ef7e36abe311475e8391abb016aaf155829e9a125d92a1de1b10ea7abb71b844a48398cdff79486997bdbfbfc0ac672c95154522eea8b",,"2026-04-16T23:17:00.000","30","TRAFFIC SIGNAL","UNKNOWN","CLEAR","DARKNESS","ANGLE","FOUR WAY",,"STRAIGHT AND LEVEL","DRY","UNKNOWN","ON SCENE","INJURY AND / OR TOW DUE TO CRASH","Y",,"Y","$501 - $1,500","2026-04-16T23:20:00.000","IMPROPER TURNING/NO SIGNAL","DRIVING ON WRONG SIDE/WRONG WAY","4400","W","MADISON ST","1113",,,,,,,"3","NO INDICATION OF INJURY","0","0","0","0","0","3","0","23","5","4","41.8807189579","-87.735600609","POINT (-87.735600609006 41.880718957876)"
"767e83b859a6ea9510f2bf64763dedf7a9aceeb7c00a296ae7cee7f036e7c4cb6a3a2ce028b36ef11ccfd82bcc62204b3b4696a7276de87807121a281dc466c6",,"2026-04-16T23:00:00.000","30","NO CONTROLS","NO CONTROLS","UNKNOWN","DARKNESS","PARKED MOTOR VEHICLE","NOT DIVIDED",,"STRAIGHT AND LEVEL","OTHER","UNKNOWN","NOT ON SCENE (DESK REPORT)","NO INJURY / DRIVE AWAY",,,"Y","OVER $1,500","2026-04-17T06:20:00.000","UNABLE TO DETERMINE","NOT APPLICABLE","3729","S","DAMEN AVE","912",,,,,,,"2","NO INDICATION OF INJURY","0","0","0","0","0","1","0","23","5","4","41.8258185158","-87.674997184","POINT (-87.674997183969 41.825818515826)"
"88405330a7d1f3656a74f1c38c58eb6a7cd1f4245272d47eb40e8571e7d2bf05decad922252ce936132e736c8200b9e7ef691c8b2143bbd944a9552c987d56b7",,"2026-04-16T23:00:00.000","40","NO CONTROLS","NO CONTROLS","FOG/SMOKE/HAZE","DARKNESS, LIGHTED ROAD","SIDESWIPE SAME DIRECTION","DIVIDED - W/MEDIAN BARRIER",,"STRAIGHT AND LEVEL","WET","NO DEFECTS","ON SCENE","INJURY AND / OR TOW DUE TO CRASH",,,,"OVER $1,500","2026-04-16T23:18:00.000","FOLLOWING TOO CLOSELY","UNABLE TO DETERMINE","3700","N","LAKE SHORE DR SB","1925",,,,,,,"2","REPORTED, NOT EVIDENT","1","0","0","0","1","1","0","23","5","4","41.9505506361","-87.6445465724","POINT (-87.644546572439 41.950550636125)"
"f19cddeda0b5133368fad31f765bff179963c03faa91940f2b429b26560758dded13e9fdc71a9ebf331f4230aa52b6714d7837fc073785f0acea7cf92e2627b3",,"2026-04-16T22:30:00.000","15","NO CONTROLS","NO CONTROLS","CLEAR","DARKNESS, LIGHTED ROAD","PARKED MOTOR VEHICLE","PARKING LOT",,"STRAIGHT AND LEVEL","DRY","NO DEFECTS","NOT ON SCENE (DESK REPORT)","NO INJURY / DRIVE AWAY",,,,"$500 OR LESS","2026-04-17T07:30:00.000","IMPROPER BACKING","NOT APPLICABLE","5343","N","BROADWAY","2023",,,,,,,"2","NO INDICATION OF INJURY","0","0","0","0","0","2","0","22","5","4","41.9794282549","-87.6598058547","POINT (-87.659805854713 41.979428254922)"
"9cd97bea5d2a51eb41ec3066bda4f854d267c6919658b4b84ca6948e08ac8fd795bbd4323f7354e4486bf31081b282cf03000b9e347a3d69b449b3e9342f5adf",,"2026-04-16T22:16:00.000","30","NO CONTROLS","NO CONTROLS","CLEAR","DARKNESS, LIGHTED ROAD","TURNING","NOT DIVIDED",,"STRAIGHT AND LEVEL","DRY","NO DEFECTS","ON SCENE","INJURY AND / OR TOW DUE TO CRASH",,,,"OVER $1,500","2026-04-16T22:50:00.000","FOLLOWING TOO CLOSELY","FOLLOWING TOO CLOSELY","1847","N","LARAMIE AVE","2533",,,,,,,"2","REPORTED, NOT EVIDENT","1","0","0","0","1","1","0","22","5","4","41.9142586076","-87.7556913278","POINT (-87.755691327758 41.914258607591)"
"15487848020b381d2bd7ecea2246c1f40bd164d1aac6e9288d92f1e18eaed0ea9dfa2765d4d0f27438d25adc2998539217e544b5bd53b2e382c544028f6c30e9",,"2026-04-16T22:00:00.000","25","TRAFFIC SIGNAL","FUNCTIONING PROPERLY","CLEAR","DARKNESS, LIGHTED ROAD","REAR END","FOUR WAY",,"STRAIGHT AND LEVEL","DRY","NO DEFECTS","NOT ON SCENE (DESK REPORT)","NO INJURY / DRIVE AWAY","Y",,,"$501 - $1,500","2026-04-16T23:00:00.000","FOLLOWING TOO CLOSELY","FOLLOWING TOO CLOSELY","2801","N","CALIFORNIA AVE","1411",,,,,,,"2","NO INDICATION OF INJURY","0","0","0","0","0","2","0","22","5","4","41.9321247198","-87.6974713512","POINT (-87.697471351219 41.932124719821)"
"1b1776889176cc896a337f93e12aee794c682a3a4dd52d7c447ff482b6992355c6859fa0995c573c244a400ecc0a94737edc448d00343e94f7215d86ac232daa",,"2026-04-16T22:00:00.000","15","NO CONTROLS","NO CONTROLS","UNKNOWN","UNKNOWN","PARKED MOTOR VEHICLE","ALLEY",,"STRAIGHT AND LEVEL","UNKNOWN","UNKNOWN","NOT ON SCENE (DESK REPORT)","NO INJURY / DRIVE AWAY",,,,"$501 - $1,500","2026-04-17T16:40:00.000","UNABLE TO DETERMINE","NOT APPLICABLE","2127","W","MAYPOLE AVE","1223",,,,,,,"2","NO INDICATION OF INJURY","0","0","0","0","0","1","0","22","5","4","41.8838181475","-87.6802572993","POINT (-87.680257299321 41.883818147462)"
"a14879214f988b68b4fcfd81e1c54a9a24934622f350c6dec4654d5a8408640ae5d0b541d4b538cb06c73da4c2e2a790593239e0cce173fb304d21029202dd53",,"2026-04-16T21:40:00.000","30","TRAFFIC SIGNAL","FUNCTIONING PROPERLY","CLEAR","DARKNESS, LIGHTED ROAD","TURNING","FOUR WAY",,"STRAIGHT AND LEVEL","UNKNOWN","UNKNOWN","ON SCENE","INJURY AND / OR TOW DUE TO CRASH","Y",,,"OVER $1,500","2026-04-16T22:45:00.000","IMPROPER TURNING/NO SIGNAL","NOT APPLICABLE","6694","N","NORTHWEST HWY","1612",,,,,,,"2","NONINCAPACITATING INJURY","2","0","0","2","0","1","0","21","5","4","42.0025814331","-87.8160703608","POINT (-87.816070360799 42.00258143309)"
"7554156682447084aebf2f895c32e7b18ca30e41ec20a459dbddc0b71c7f9b16b6a165707fa697fb9432625d9b31858d366ec57d026c9f995ca94fafd8b1451a",,"2026-04-16T21:36:00.000","30","STOP SIGN/FLASHER","FUNCTIONING PROPERLY","CLEAR","DARKNESS, LIGHTED ROAD","TURNING","DIVIDED - W/MEDIAN (NOT RAISED)",,"STRAIGHT AND LEVEL","DRY","NO DEFECTS","ON SCENE","INJURY AND / OR TOW DUE TO CRASH","Y",,,"OVER $1,500","2026-04-16T21:36:00.000","UNABLE TO DETERMINE","UNABLE TO DETERMINE","3432","N","CICERO AVE","1634",,,,,,,"2","NONINCAPACITATING INJURY","2","0","0","1","1","1","0","21","5","4","41.9434857779","-87.7471377458","POINT (-87.747137745755 41.94348577791)"
"85b2e718edfac87be9d178e87150c525552836d616381c4063c556a0a687be8eca940a6856b8db0426688ad6611c40d1a46f46eec0996ff1e71372b6e300b15c",,"2026-04-16T21:00:00.000","30","TRAFFIC SIGNAL","FUNCTIONING PROPERLY","CLEAR","DARKNESS, LIGHTED ROAD","SIDESWIPE SAME DIRECTION","NOT DIVIDED",,"STRAIGHT AND LEVEL","DRY","NO DEFECTS","NOT ON SCENE (DESK REPORT)","NO INJURY / DRIVE AWAY",,,"Y","$501 - $1,500","2026-04-16T23:00:00.000","FAILING TO YIELD RIGHT-OF-WAY","NOT APPLICABLE","6398","W","GRAND AVE","2512",,,,,,,"2","NO INDICATION OF INJURY","0","0","0","0","0","2","0","21","5","4","41.9227129906","-87.7852934021","POINT (-87.785293402103 41.922712990578)"
"fd0c4d4d290b0e4060f86917579dcf9f98e5f15630457ad573a11ba11a3e6c89007c085bc44a194cdbfe08e68cc0c4082c1523b58effcfd28f180528937aa4f7",,"2026-04-16T21:00:00.000","35","NO CONTROLS","NO CONTROLS","CLEAR","DARKNESS, LIGHTED ROAD","SIDESWIPE OPPOSITE DIRECTION","NOT DIVIDED",,"STRAIGHT AND LEVEL","DRY","NO DEFECTS","NOT ON SCENE (DESK REPORT)","NO INJURY / DRIVE AWAY",,,"Y","OVER $1,500","2026-04-17T20:14:00.000","FOLLOWING TOO CLOSELY","FOLLOWING TOO CLOSELY","5200","N","FRANCISCO AVE","2011",,,,,,,"2","NO INDICATION OF INJURY","0","0","0","0","0","2","0","21","5","4","41.9758410764","-87.7015057731","POINT (-87.701505773102 41.975841076407)"
"8976cc6529774119fbf890d401b629333d16aabea6517668f70bf6618462d41ef572c5f4fd45906f79973c9fc9435bcbcaaa894710b1bf96337399afd7b3fa01",,"2026-04-16T20:50:00.000","30","NO CONTROLS","NO CONTROLS","CLEAR","DARKNESS, LIGHTED ROAD","SIDESWIPE SAME DIRECTION","DRIVEWAY",,"STRAIGHT AND LEVEL","DRY","NO DEFECTS","NOT ON SCENE (DESK REPORT)","NO INJURY / DRIVE AWAY",,"Y",,"$501 - $1,500","2026-04-16T21:50:00.000","FAILING TO YIELD RIGHT-OF-WAY","NOT APPLICABLE","1400","N","LAKE SHORE DR","1824",,,,,,,"2","NO INDICATION OF INJURY","0","0","0","0","0","3","0","20","5","4","41.9079094667","-87.6259457782","POINT (-87.625945778203 41.907909466737)"
"bcb115b8f2c334b26b49d0645eefee6ac56495aaf3fa6c2c35a6ec53ace536d25cfd8b1dc31615a6e723985f7c47ecd4790433a833d6dead498f89257bcb1d33",,"2026-04-16T20:46:00.000","30","NO CONTROLS","NO CONTROLS","CLEAR","DARKNESS, LIGHTED ROAD","PARKED MOTOR VEHICLE","PARKING LOT",,"STRAIGHT AND LEVEL","DRY","UNKNOWN","NOT ON SCENE (DESK REPORT)","NO INJURY / DRIVE AWAY",,,"Y","OVER $1,500","2026-04-16T21:15:00.000","UNABLE TO DETERMINE","UNABLE TO DETERMINE","3640","N","CENTRAL AVE","1633",,,,,,,"2","NO INDICATION OF INJURY","0","0","0","0","0","2","0","20","5","4","41.9471264512","-87.7669470218","POINT (-87.766947021756 41.947126451152)"
"9311892ba8bf557a49b175e157dd999619b17ca4965edc59e60c91ff9a476d2beb4cc8068b73e4ccbf915f89d88ecbe078bbb47d536937929fcf2f94d7be3336",,"2026-04-16T20:45:00.000","30","UNKNOWN","UNKNOWN","UNKNOWN","UNKNOWN","SIDESWIPE SAME DIRECTION","NOT DIVIDED",,"STRAIGHT AND LEVEL","UNKNOWN","UNKNOWN","NOT ON SCENE (DESK REPORT)","NO INJURY / DRIVE AWAY",,,,"OVER $1,500","2026-04-17T17:14:00.000","UNABLE TO DETERMINE","UNABLE TO DETERMINE","1209","N","WELLS ST","1821",,,,,,,"2","NO INDICATION OF INJURY","0","0","0","0","0","2","0","20","5","4","41.9041585871","-87.6343427618","POINT (-87.63434276179 41.904158587148)"
"10482c5cf64875687844ddced7fa314742764b0819fa101bec3ee8ff3a377e0b979b9bec507eaac1e7cec7f8e01a2af02bf3fcced13b1ea69963fa45dcc6d2ca",,"2026-04-16T20:40:00.000","30","NO CONTROLS","NO CONTROLS","CLEAR","DARKNESS, LIGHTED ROAD","TURNING","NOT DIVIDED",,"STRAIGHT AND LEVEL","DRY","NO DEFECTS","ON SCENE","NO INJURY / DRIVE AWAY",,,"Y","$500 OR LESS","2026-04-16T20:42:00.000","FAILING TO YIELD RIGHT-OF-WAY","IMPROPER TURNING/NO SIGNAL","2716","W","FULLERTON AVE","1431",,,,,,,"2","NO INDICATION OF INJURY","0","0","0","0","0","2","0","20","5","4","41.9249343774","-87.695712623","POINT (-87.695712622956 41.924934377449)"
"f040d1e9f27cd292ab0abe00c1202af3800df75ee6bb1b590b6fbb0f7f91673e34da921735524ea4fc19d277bf1f44b3334f1667d3d455991f370c6f7430f7bf","Y","2026-04-16T20:37:00.000","20","NO CONTROLS","NO CONTROLS","CLEAR","DUSK","SIDESWIPE SAME DIRECTION","ONE-WAY",,"STRAIGHT AND LEVEL","DRY","NO DEFECTS","ON SCENE","NO INJURY / DRIVE AWAY",,,"Y","$500 OR LESS","2026-04-16T20:38:00.000","FOLLOWING TOO CLOSELY","FOLLOWING TOO CLOSELY","7931","S","MAY ST","612",,,,,,,"2","NO INDICATION OF INJURY","0","0","0","0","0","2","0","20","5","4","41.7495780165","-87.6523570572","POINT (-87.652357057215 41.749578016466)"
"766481e0b290bb45e5be22dfab863cbd43d0d95f4049d6f244be19c8e5b519d4613555a20de1d8347972069ee0651e6c3b74dff8abd00d089d8153b7ddbea894",,"2026-04-16T20:36:00.000","30","NO CONTROLS","NO CONTROLS","CLEAR","DARKNESS, LIGHTED ROAD","PARKED MOTOR VEHICLE","DIVIDED - W/MEDIAN (NOT RAISED)",,"STRAIGHT AND LEVEL","DRY","NO DEFECTS","ON SCENE","INJURY AND / OR TOW DUE TO CRASH",,,,"OVER $1,500","2026-04-16T20:36:00.000","IMPROPER LANE USAGE","UNDER THE INFLUENCE OF ALCOHOL/DRUGS (USE WHEN ARREST IS EFFECTED)","5945","S","ASHLAND AVE","713",,,,,,,"2","NO INDICATION OF INJURY","0","0","0","0","0","1","0","20","5","4","41.7854170611","-87.6642173103","POINT (-87.664217310345 41.785417061052)"
"b03eb183ea5ba4a836590a03e847a798ebf7feab0f0f41d0484a938296bd3a239d87d5c4fb857ff96bf932c401816630381c32633e47fc6cc68f1acd65f9de3a",,"2026-04-16T20:30:00.000","35","NO CONTROLS","NO CONTROLS","CLEAR","DARKNESS, LIGHTED ROAD","SIDESWIPE SAME DIRECTION","DIVIDED - W/MEDIAN BARRIER",,"STRAIGHT AND LEVEL","DRY","NO DEFECTS","ON SCENE","INJURY AND / OR TOW DUE TO CRASH",,,,"OVER $1,500","2026-04-16T23:37:00.000","IMPROPER TURNING/NO SIGNAL","FAILING TO REDUCE SPEED TO AVOID CRASH","4520","S","CICERO AVE","814",,,,,,,"2","NO INDICATION OF INJURY","0","0","0","0","0","2","0","20","5","4","41.8106128709","-87.7433820571","POINT (-87.743382057067 41.810612870948)"