"crash_record_id","crash_date_est_i","crash_date","posted_speed_limit","traffic_control_device","device_condition","weather_condition","lighting_condition","first_crash_type","trafficway_type","lane_cnt","alignment","roadway_surface_cond","road_defect","report_type","crash_type","intersection_related_i","private_property_i","hit_and_run_i","damage","date_police_notified","prim_contributory_cause","sec_contributory_cause","street_no","street_direction","street_name","beat_of_occurrence","photos_taken_i","statements_taken_i","dooring_i","work_zone_i","work_zone_type","workers_present_i","num_units","most_severe_injury","injuries_total","injuries_fatal","injuries_incapacitating","injuries_non_incapacitating","injuries_reported_not_evident","injuries_no_indication","injuries_unknown","crash_hour","crash_day_of_week","crash_month","latitude","longitude","location"
"8c66943abfea0a7847d3dc6b0c079cf660e3fca27d94f488630f3d56989b2720aeed6ba91149fcc1b985c70bb45f095c58e876b371694fa57a84f2f769c69dcf",,"2026-04-16T20:28:00.000","30","NO CONTROLS","NO CONTROLS","CLEAR","DARKNESS, LIGHTED ROAD","PARKED MOTOR VEHICLE","ONE-WAY",,"STRAIGHT AND LEVEL","DRY","NO DEFECTS","NOT ON SCENE (DESK REPORT)","NO INJURY / DRIVE AWAY",,,"Y","OVER $1,500","2026-04-17T18:28:00.000","NOT APPLICABLE","NOT APPLICABLE","5301","S","CHRISTIANA AVE","822",,,,,,,"2","NO INDICATION OF INJURY","0","0","0","0","0","1","0","20","5","4","41.7970264478","-87.7071857491","POINT (-87.707185749071 41.79702644776)"
"cb7cbc59da5425a08f59ae73f49f107d20985eb8e8d34737708912e841b8b28a19ee7cab95b0fc8147aca9e9fd410f97263c1b7d1b9189e12d72026440227385",,"2026-04-16T20:19:00.000","25","STOP SIGN/FLASHER","NO CONTROLS","CLEAR","DARKNESS, LIGHTED ROAD","ANGLE","FOUR WAY",,"STRAIGHT AND LEVEL","DRY","NO DEFECTS","ON SCENE","INJURY AND / OR TOW DUE TO CRASH","Y",,,"OVER $1,500","2026-04-16T20:21:00.000","UNABLE TO DETERMINE","UNABLE TO DETERMINE","2199","W","FULTON ST","1223",,,,,,,"2","NONINCAPACITATING INJURY","2","0","0","2","0","0","0","20","5","4","41.886590174","-87.68155528","POINT (-87.681555280004 41.886590173968)"
"22f9bebdd53df64011260aaaa2f10665ab848253ded77a3bad478fcc2210e86b98df33222e8e5fa518dc91c7b0981e79ef69581c8603c32741edc25cbfb0adea",,"2026-04-16T19:10:00.000","30","STOP SIGN/FLASHER","NO CONTROLS","CLEAR","DARKNESS, LIGHTED ROAD","PARKED MOTOR VEHICLE","NOT DIVIDED",,"STRAIGHT AND LEVEL","DRY","NO DEFECTS","NOT ON SCENE (DESK REPORT)","NO INJURY / DRIVE AWAY",,,,"OVER $1,500","2026-04-16T21:35:00.000","IMPROPER LANE USAGE","UNABLE TO DETERMINE","2807","E","83RD ST","423",,,,,,,"2","NO INDICATION OF INJURY","0","0","0","0","0","1","0","19","5","4","41.7444891635","-87.5560309162","POINT (-87.556030916242 41.744489163493)"
"6b9ad26384ea6ad6a5ce727b62be82c46a30c185506645a5811bcc52b0397ba59f390d69357866fd0a681bf43b87253b93c98b1548ee99ba15b78f585c536ad4",,"2026-04-16T19:06:00.000","30","NO CONTROLS","NO CONTROLS","CLEAR","DAYLIGHT","SIDESWIPE OPPOSITE DIRECTION","PARKING LOT",,"STRAIGHT AND LEVEL","DRY","NO DEFECTS","ON SCENE","NO INJURY / DRIVE AWAY",,,"Y","OVER $1,500","2026-04-16T19:06:00.000","DRIVING ON WRONG SIDE/WRONG WAY","DRIVING ON WRONG SIDE/WRONG WAY","501","E","32ND ST","211",,,,,,,"2","NO INDICATION OF INJURY","0","0","0","0","0","2","0","19","5","4","41.8359548859","-87.613350154","POINT (-87.61335015397 41.835954885923)"
"8bcccedd81089a3eec28cc1ce66666545205d8591f6849b95365e5fc510cc5d6ba6dadbb5ddf8cb394c038e2cd6f7fcadfe2f8f0f0504cd1d13ed52014da8634",,"2026-04-16T19:03:00.000","30","NO CONTROLS","NO CONTROLS","CLEAR","DAYLIGHT","PARKED MOTOR VEHICLE","ONE-WAY",,"STRAIGHT AND LEVEL","DRY","NO DEFECTS","ON SCENE","NO INJURY / DRIVE AWAY",,,,"OVER $1,500","2026-04-16T19:03:00.000","UNABLE TO DETERMINE","NOT APPLICABLE","1035","W","77TH ST","612",,,,,,,"2","NO INDICATION OF INJURY","0","0","0","0","0","1","0","19","5","4","41.7540813704","-87.6503395031","POINT (-87.650339503076 41.754081370356)"
"1f7015a2d187c6953afabd86e05b5d6bcfba8a3c519b20caeff48ec1e57eeb243ada508dfd488479294492efb581f0a66f529b956c08a3c989a4c2038d37a6b9","Y","2026-04-16T18:59:00.000","35","TRAFFIC SIGNAL","FUNCTIONING PROPERLY","CLEAR","DAYLIGHT","SIDESWIPE SAME DIRECTION","NOT DIVIDED",,"STRAIGHT AND LEVEL","DRY","NO DEFECTS","ON SCENE","NO INJURY / DRIVE AWAY","Y",,"Y","OVER $1,500","2026-04-16T19:17:00.000","IMPROPER OVERTAKING/PASSING","DISREGARDING ROAD MARKINGS","3948","W","55TH ST","822",,,,,,,"2","NO INDICATION OF INJURY","0","0","0","0","0","2","0","18","5","4","41.7933215121","-87.7226671458","POINT (-87.722667145775 41.793321512101)"
"b335e9bbf658eb1634864043572124357a6816fc287e1b05de1296bc714057a45f644d91ef394805bd51fd2eb8744d6313a582a3c481516debd5b78271b226c4",,"2026-04-16T18:57:00.000","45","NO CONTROLS","NO CONTROLS","FOG/SMOKE/HAZE","DAYLIGHT","SIDESWIPE SAME DIRECTION","DIVIDED - W/MEDIAN BARRIER",,"STRAIGHT AND LEVEL","WET","NO DEFECTS","ON SCENE","INJURY AND / OR TOW DUE TO CRASH",,,"Y","OVER $1,500","2026-04-16T19:36:00.000","UNABLE TO DETERMINE","UNABLE TO DETERMINE","6522","S","COAST GUARD DR","331",,,,,,,"2","NO INDICATION OF INJURY","0","0","0","0","0","2","0","18","5","4","41.7763179572","-87.5754619023","POINT (-87.575461902304 41.776317957179)"
"c84dea1bc37842303d54031368966ed24fb2d5af8c3a4bc8b6c77a9d1628519d8bb3b16ca5d7964c63280d4c10b5993a45bd5b6643db7936ea78b58cd91ce123",,"2026-04-16T18:36:00.000","20","NO CONTROLS","NO CONTROLS","CLEAR","DAYLIGHT","PEDESTRIAN","ONE-WAY",,"STRAIGHT AND LEVEL","WET","UNKNOWN","NOT ON SCENE (DESK REPORT)","INJURY AND / OR TOW DUE TO CRASH",,,,"$501 - $1,500","2026-04-16T19:00:00.000","FAILING TO YIELD RIGHT-OF-WAY","UNABLE TO DETERMINE","3724","N","RECREATION DR","1925",,,,,,,"2","NONINCAPACITATING INJURY","1","0","0","1","0","1","0","18","5","4","41.9513098358","-87.6440125406","POINT (-87.644012540626 41.951309835768)"
"75cf707569af5d9fecd8023c426e562e36a25260fcc1909645ec79e901451f7d98f92877350b6572bba5f991f676d5efe148679f5208ddc8fc917762604d954e",,"2026-04-16T18:30:00.000","30","NO CONTROLS","NO CONTROLS","CLEAR","DAYLIGHT","OTHER OBJECT","DIVIDED - W/MEDIAN (NOT RAISED)",,"STRAIGHT AND LEVEL","DRY","NO DEFECTS","NOT ON SCENE (DESK REPORT)","NO INJURY / DRIVE AWAY",,,,"$500 OR LESS","2026-04-16T19:59:00.000","UNABLE TO DETERMINE","UNABLE TO DETERMINE","7701","S","ASHLAND AVE","612",,,,,,,"1","NO INDICATION OF INJURY","0","0","0","0","0","2","0","18","5","4","41.7539053477","-87.6633771957","POINT (-87.663377195692 41.753905347729)"
"9bf4f80349ff2dd71566ed494cbd78c359cc794570ddf8b622ebc263daf14eda33e82ffb82fbe8a277ec1cbae26465b64a593e1b9d97c8d133c938ea9ddaef0f",,"2026-04-16T18:30:00.000","30","UNKNOWN","UNKNOWN","CLEAR","DAYLIGHT","SIDESWIPE SAME DIRECTION","NOT DIVIDED",,"STRAIGHT AND LEVEL","DRY","UNKNOWN","NOT ON SCENE (DESK REPORT)","NO INJURY / DRIVE AWAY",,,,"OVER $1,500","2026-04-16T19:00:00.000","UNABLE TO DETERMINE","UNABLE TO DETERMINE","200","E","49TH ST","224",,,,,,,"2","NO INDICATION OF INJURY","0","0","0","0","0","2","0","18","5","4","41.805780773","-87.6210410543","POINT (-87.621041054318 41.805780773025)"
"2add2ae66d3611e45d915818900defad9b6348c44a395406d3f257bd902d8c477c956091d9ca7b74d45a384205d15614df8c91ce880881c98a5f777adde37b0c",,"2026-04-16T18:29:00.000","30","UNKNOWN","UNKNOWN","CLEAR","DAYLIGHT","REAR END","NOT DIVIDED",,"STRAIGHT AND LEVEL","DRY","UNKNOWN","NOT ON SCENE (DESK REPORT)","NO INJURY / DRIVE AWAY",,,,"OVER $1,500","2026-04-16T19:00:00.000","UNABLE TO DETERMINE","UNABLE TO DETERMINE","3702","W","CONGRESS PKWY","1133",,,,,,,"2","NO INDICATION OF INJURY","0","0","0","0","0","2","0","18","5","4","41.8745940145","-87.7182060819","POINT (-87.718206081903 41.874594014502)"
"329114ac6eacc2a87f9eda6c529e6939d0f49c5da78504812a4c1780c034440d0947d5bee1932998253b77227c9b7d75fc1a3d4152f495718799c7420a00c23c",,"2026-04-16T18:25:00.000","30","TRAFFIC SIGNAL","FUNCTIONING PROPERLY","CLEAR","DAYLIGHT","TURNING","NOT DIVIDED",,"STRAIGHT AND LEVEL","DRY","NO DEFECTS","NOT ON SCENE (DESK REPORT)","NO INJURY / DRIVE AWAY",,,,"$501 - $1,500","2026-04-16T19:00:00.000","IMPROPER TURNING/NO SIGNAL","UNABLE TO DETERMINE","5254","N","PULASKI RD","1712",,,,,,,"2","NO INDICATION OF INJURY","0","0","0","0","0","2","0","18","5","4","41.9771483833","-87.7284246486","POINT (-87.728424648558 41.977148383255)"
"a29af104130c3940fe87867be15d66287780901e86d536f0307940a5fd2caf843efdcc57a2e246a57518ca579065b3c3a2c032df86abed9113529ee7b52b257e",,"2026-04-16T18:25:00.000","25","TRAFFIC SIGNAL","FUNCTIONING PROPERLY","CLEAR","DUSK","TURNING","ONE-WAY",,"STRAIGHT AND LEVEL","DRY","NO DEFECTS","NOT ON SCENE (DESK REPORT)","NO INJURY / DRIVE AWAY",,,"Y","$500 OR LESS","2026-04-16T19:30:00.000","IMPROPER OVERTAKING/PASSING","UNABLE TO DETERMINE","8300","S","LAFAYETTE AVE","622",,,,,,,"2","NO INDICATION OF INJURY","0","0","0","0","0","2","0","18","5","4","41.743541848","-87.6257732415","POINT (-87.625773241467 41.743541847975)"
"a7fd4beda0e9f359352ed541a092a28599918c9a05c842d991a2445d6c9a3fdd5de0256200f6d3b52d3da03b30226ed231b7ffbdcd19045e92af14f166e513e4",,"2026-04-16T18:24:00.000","35","STOP SIGN/FLASHER","UNKNOWN","CLEAR","DAYLIGHT","TURNING","FIVE POINT, OR MORE",,"STRAIGHT AND LEVEL","DRY","UNKNOWN","ON SCENE","INJURY AND / OR TOW DUE TO CRASH","Y",,,"OVER $1,500","2026-04-16T18:29:00.000","UNABLE TO DETERMINE","UNABLE TO DETERMINE","2600","W","PERSHING RD","911",,,,,,,"2","NO INDICATION OF INJURY","0","0","0","0","0","2","0","18","5","4","41.8229799741","-87.6900427912","POINT (-87.690042791175 41.822979974125)"
"c770836b6ec4a8d2a86c5e04bd7cd30379120a08688f21968e942a3d57383a812e0350807dbbfed46bf021fd6fd13bb40589b026b0353ed36ad10a8a40a011bc",,"2026-04-16T18:13:00.000","20","UNKNOWN","UNKNOWN","CLEAR","DAYLIGHT","PEDESTRIAN","DIVIDED - W/MEDIAN BARRIER",,"STRAIGHT AND LEVEL","DRY","UNKNOWN","ON SCENE","INJURY AND / OR TOW DUE TO CRASH",,,,"OVER $1,500","2026-04-16T18:14:00.000","UNABLE TO DETERMINE","NOT APPLICABLE","875","N","RUSH ST","1833",,,,,,,"2","NONINCAPACITATING INJURY","1","0","0","1","0","1","0","18","5","4","41.898850107","-87.6264605847","POINT (-87.626460584684 41.898850106985)"
"cc0550c68c0287abefe984dd35244c73e1ced9ccf0fe33beca0b4c587f9fac9ad2f0977c72f6d802cd2c5873982c8329914d72e9a4dd5464b6c6b48e91a7c95d",,"2026-04-16T18:11:00.000","15","NO CONTROLS","NO CONTROLS","CLEAR","DAYLIGHT","REAR END","OTHER",,"STRAIGHT AND LEVEL","DRY","UNKNOWN","NOT ON SCENE (DESK REPORT)","NO INJURY / DRIVE AWAY",,,"Y","$500 OR LESS","2026-04-16T19:15:00.000","UNABLE TO DETERMINE","UNABLE TO DETERMINE","400","W","MONTROSE HARBOR DR","1915",,,,,,,"2","NO INDICATION OF INJURY","0","0","0","0","0","2","0","18","5","4","41.9601607372","-87.637712204","POINT (-87.637712203997 41.960160737199)"
"d7a811c997d2bb770b5a4dc6636ba0964435b29b1167087267dd96305dce5fbd4375fce78b11cea132d41c55728c66b887f7d54be150761c0e95ebd78df271fb",,"2026-04-16T18:08:00.000","30","NO CONTROLS","NO CONTROLS","CLEAR","DAYLIGHT","SIDESWIPE SAME DIRECTION","ONE-WAY",,"STRAIGHT AND LEVEL","DRY","NO DEFECTS","NOT ON SCENE (DESK REPORT)","NO INJURY / DRIVE AWAY",,,,"OVER $1,500","2026-04-16T19:00:00.000","UNABLE TO DETERMINE","NOT APPLICABLE","403","W","WASHINGTON ST","121",,,,,,,"2","NO INDICATION OF INJURY","0","0","0","0","0","2","0","18","5","4","41.8830791875","-87.6382232317","POINT (-87.63822323174 41.883079187543)"
"5489a6513aabda0c2cd7f76ca683c43590af6051687a5a7ddb782308c80ddd757631e645eb3f43d75887ff83bbf01533fe84720ba89a837e42ac64dc48522d7c",,"2026-04-16T18:00:00.000","30","NO CONTROLS","NO CONTROLS","CLEAR","DAYLIGHT","PARKED MOTOR VEHICLE","DIVIDED - W/MEDIAN (NOT RAISED)",,"STRAIGHT AND LEVEL","UNKNOWN","UNKNOWN","NOT ON SCENE (DESK REPORT)","NO INJURY / DRIVE AWAY",,,"Y","OVER $1,500","2026-04-16T19:25:00.000","UNABLE TO DETERMINE","UNABLE TO DETERMINE","3052","N","CALIFORNIA AVE","1411",,,,,,,"2","NO INDICATION OF INJURY","0","0","0","0","0","1","0","18","5","4","41.9373449447","-87.6979138727","POINT (-87.697913872722 41.937344944711)"
"84d8580ac26c25b18bd9fcaaf187e243dd6627fa015c7d715624224db6a5901ceaa32a5e2a0eb174a27a80a637b010695d3d546b95045b64740a98afedd0f8cf",,"2026-04-16T18:00:00.000","30","NO CONTROLS","NO CONTROLS","CLEAR","DAYLIGHT","REAR END","NOT DIVIDED",,"STRAIGHT AND LEVEL","DRY","NO DEFECTS","ON SCENE","NO INJURY / DRIVE AWAY",,,,"OVER $1,500","2026-04-16T18:14:00.000","FAILING TO REDUCE SPEED TO AVOID CRASH","FOLLOWING TOO CLOSELY","6506","N","NORTHWEST HWY","1612",,,,,,,"3","NO INDICATION OF INJURY","0","0","0","0","0","4","0","18","5","4","41.9990061833","-87.8103755372","POINT (-87.810375537158 41.999006183318)"
"b107b8c62b927ab83a1a73399b961f469f5ca356e0d4c6909488f0baf79d6b745a7f2784c917e24a50b59d0193867206196fe4b6636a0dd54ded706aff71b664",,"2026-04-16T18:00:00.000","30","TRAFFIC SIGNAL","FUNCTIONING PROPERLY","CLEAR","DAYLIGHT","REAR END","DIVIDED - W/MEDIAN BARRIER",,"STRAIGHT AND LEVEL","DRY","UNKNOWN","NOT ON SCENE (DESK REPORT)","NO INJURY / DRIVE AWAY",,,,"$501 - $1,500","2026-04-16T19:30:00.000","FOLLOWING TOO CLOSELY","NOT APPLICABLE","1000","W","GARFIELD BLVD","934",,,,,,,"2","NO INDICATION OF INJURY","0","0","0","0","0","2","0","18","5","4","41.7943511401","-87.6500720384","POINT (-87.650072038445 41.794351140093)"
"a4201b000d8f826f8e96cc3ffa97fffd51ad6fb15ac5c1f5c9d6c116591b97573da45889400c5b0c0214f8d329d7bb8f31f4d8b30577dc36ae2ed54fbc0202a1",,"2026-04-16T17:58:00.000","30","STOP SIGN/FLASHER","FUNCTIONING PROPERLY","CLEAR","DAYLIGHT","SIDESWIPE SAME DIRECTION","NOT DIVIDED",,"STRAIGHT AND LEVEL","DRY","NO DEFECTS","NOT ON SCENE (DESK REPORT)","NO INJURY / DRIVE AWAY",,,"N","$501 - $1,500","2026-04-16T19:22:00.000","FAILING TO YIELD RIGHT-OF-WAY","NOT APPLICABLE","7900","S","WESTERN AVE","835",,,,,,,"2","NO INDICATION OF INJURY","0","0","0","0","0","2","0","17","5","4","41.7500549336","-87.6829922029","POINT (-87.682992202902 41.75005493365)"
"19ffd0bdead0f563f6fb1ef0725b08ee5056dc37913dbd582bebeb5459b468bbe5b6919daa69125c905c35e77ca30a9171b5362258ceb8408f09e09acf3a8149",,"2026-04-16T17:50:00.000","30","NO CONTROLS","NO CONTROLS","CLEAR","DAYLIGHT","SIDESWIPE SAME DIRECTION","NOT DIVIDED",,"STRAIGHT AND LEVEL","DRY","NO DEFECTS","NOT ON SCENE (DESK REPORT)","NO INJURY / DRIVE AWAY",,,,"$501 - $1,500","2026-04-16T18:10:00.000","IMPROPER OVERTAKING/PASSING","IMPROPER OVERTAKING/PASSING","5633","N","CENTRAL AVE","1623",,,,,,,"2","NO INDICATION OF INJURY","0","0","0","0","0","2","0","17","5","4","41.9839058293","-87.7681752598","POINT (-87.768175259802 41.983905829265)"
"207652501a598221d15dfcb451a91e6563fae3fa5f56948777d0b04eba5db9ce703c94e3868e79db72772b69b2793e33a93ac1fab6c5eaf3628f1c36d0435bb1",,"2026-04-16T17:45:00.000","30","TRAFFIC SIGNAL","FUNCTIONING PROPERLY","CLEAR","DAYLIGHT","SIDESWIPE SAME DIRECTION","FOUR WAY",,"STRAIGHT AND LEVEL","UNKNOWN","UNKNOWN","NOT ON SCENE (DESK REPORT)","NO INJURY / DRIVE AWAY",,,,"OVER $1,500","2026-04-16T19:15:00.000","DRIVING SKILLS/KNOWLEDGE/EXPERIENCE","NOT APPLICABLE","499","N","WESTERN AVE","1221",,,,,,,"2","NO INDICATION OF INJURY","0","0","0","0","0","2","0","17","5","4","41.8906331678","-87.6865472601","POINT (-87.686547260146 41.890633167768)"
"9790ea072a5ea802a7e7b3322e43ca38f24414370c9dcd58309f183dd71bb35f1b6cbae9aefb0147f60083ecc87146df1fc61eb74753172b5c8fac055b80213f",,"2026-04-16T17:45:00.000","30","NO CONTROLS","NO CONTROLS","FOG/SMOKE/HAZE","DAYLIGHT","SIDESWIPE SAME DIRECTION","NOT DIVIDED",,"STRAIGHT AND LEVEL","DRY","NO DEFECTS","NOT ON SCENE (DESK REPORT)","NO INJURY / DRIVE AWAY",,,,"$501 - $1,500","2026-04-16T18:15:00.000","FAILING TO YIELD RIGHT-OF-WAY","NOT APPLICABLE","5844","N","BROADWAY","2013",,,,,,,"2","NO INDICATION OF INJURY","0","0","0","0","0","3","0","17","5","4","41.9883259295","-87.6603603633","POINT (-87.660360363298 41.988325929529)"
"4f1512cf162ca4aa953e9f44884a786a168b5c832781e22cd2d1fc1ee6d6105b77f7e99037f27a924c822975073d03d99687a5e691315c3e13d8c10e5c5654a3",,"2026-04-16T17:38:00.000","30","NO CONTROLS","NO CONTROLS","CLEAR","DAYLIGHT","TURNING","NOT DIVIDED",,"STRAIGHT AND LEVEL","DRY","NO DEFECTS","NOT ON SCENE (DESK REPORT)","NO INJURY / DRIVE AWAY",,,,"$501 - $1,500","2026-04-16T18:30:00.000","UNABLE TO DETERMINE","UNABLE TO DETERMINE","7359","N","RIDGE BLVD","2424",,,,,,,"2","NO INDICATION OF INJURY","0","0","0","0","0","2","0","17","5","4","42.0157185532","-87.6840546372","POINT (-87.68405463718 42.015718553243)"
"150d1082d39720edfb240def2556e75f8a0179be19a05020194c032d6e60f23ece3f8affe5aa7ca60ffbc8076e078530a36cf8bf3ae73c448753f4aeca16065a",,"2026-04-16T17:30:00.000","30","UNKNOWN","UNKNOWN","UNKNOWN","UNKNOWN","TURNING","NOT DIVIDED",,"STRAIGHT AND LEVEL","UNKNOWN","UNKNOWN","NOT ON SCENE (DESK REPORT)","INJURY AND / OR TOW DUE TO CRASH",,,"Y","OVER $1,500","2026-04-16T19:00:00.000","FAILING TO YIELD RIGHT-OF-WAY","NOT APPLICABLE","3900","W","GRAND AVE","2535",,,,,,,"2","NO INDICATION OF INJURY","0","0","0","0","0","2","0","17","5","4","41.9053022212","-87.7239356737","POINT (-87.723935673667 41.905302221239)"
"546ef1cac7b7894a096eae1b0562075c6786ef789d1c73a38d46bbd0d080e7a17cc27788e57bd2cad957769abc5ebdd5ea78fbc9fe5d06d204e7f720917d21c3",,"2026-04-16T17:30:00.000","30","UNKNOWN","UNKNOWN","CLEAR","DAYLIGHT","SIDESWIPE SAME DIRECTION","NOT DIVIDED",,"STRAIGHT AND LEVEL","UNKNOWN","UNKNOWN","NOT ON SCENE (DESK REPORT)","NO INJURY / DRIVE AWAY",,,,"OVER $1,500","2026-04-16T18:30:00.000","UNABLE TO DETERMINE","UNABLE TO DETERMINE","224","N","CLARK ST","122",,,,,,,"2","NO INDICATION OF INJURY","0","0","0","0","0","2","0","17","5","4","41.8864099509","-87.6311381344","POINT (-87.631138134354 41.886409950888)"
"68f54648602314b9a19528c8844d6e2415d7223e5cecd8dfd4713185c73b8471c81ea3b47657ecef38fa7e3cd91be54e17327af5191deef462bc0910b8c38eb6",,"2026-04-16T17:30:00.000","30","NO CONTROLS","NO CONTROLS","FOG/SMOKE/HAZE","DARKNESS, LIGHTED ROAD","REAR END","NOT DIVIDED",,"STRAIGHT AND LEVEL","WET","UNKNOWN","NOT ON SCENE (DESK REPORT)","NO INJURY / DRIVE AWAY",,,,"OVER $1,500","2026-04-16T20:30:00.000","UNABLE TO DETERMINE","UNABLE TO DETERMINE","13300","S","TORRENCE AVE","434",,,,,,,"2","NO INDICATION OF INJURY","0","0","0","0","0","2","0","17","5","4","41.653654541","-87.5594439115","POINT (-87.55944391154 41.653654541031)"
"eeb2ecbdf14240ce3a65381cadab3949d45bfaae37a817c9d64548a4c4fcbcb9d226f5d2ee94cd72385d431d19285a08a07915117fa74656f8d3ed9f59380a0d",,"2026-04-16T17:30:00.000","30","TRAFFIC SIGNAL","FUNCTIONING PROPERLY","CLEAR","DAYLIGHT","REAR END","DIVIDED - W/MEDIAN (NOT RAISED)",,"STRAIGHT AND LEVEL","DRY","UNKNOWN","ON SCENE","NO INJURY / DRIVE AWAY","Y",,,"OVER $1,500","2026-04-16T17:45:00.000","UNABLE TO DETERMINE","UNABLE TO DETERMINE","293","E","LAKE SHORE DR","1833",,,,,,,"2","NO INDICATION OF INJURY","0","0","0","0","0","2","0","17","5","4","41.9008270117","-87.620018619","POINT (-87.620018619001 41.900827011656)"
"a984b5493180d02ae7d8d5b30bb68ef4936644cfa1cf903e8ab27f11890ca9f10b16cf865248aaa8ea784f8146b491890094de09f0ceabc370efe179b8074384",,"2026-04-16T17:28:00.000","30","NO CONTROLS","NO CONTROLS","CLEAR","DAYLIGHT","PEDALCYCLIST","FOUR WAY",,"STRAIGHT AND LEVEL","DRY","NO DEFECTS","ON SCENE","INJURY AND / OR TOW DUE TO CRASH",,,,"OVER $1,500","2026-04-16T17:28:00.000","UNABLE TO DETERMINE","NOT APPLICABLE","2734","W","NORTH AVE","1421",,,,,,,"2","NONINCAPACITATING INJURY","1","0","0","1","0","2","0","17","5","4","41.9103377456","-87.6959894906","POINT (-87.69598949065 41.910337745572)"
"403cace89feed068990627e24e235a2eef50e2dd28dfb0cd8fb46df02ea74a4d9832214564c2150171db0e33228506ab5e1bf9f5d22ceaee31394673ed39c1c5",,"2026-04-16T17:27:00.000","30","TRAFFIC SIGNAL","FUNCTIONING PROPERLY","CLEAR","DAYLIGHT","REAR END","DIVIDED - W/MEDIAN (NOT RAISED)",,"STRAIGHT AND LEVEL","DRY","UNKNOWN","NOT ON SCENE (DESK REPORT)","NO INJURY / DRIVE AWAY",,,"Y","OVER $1,500","2026-04-16T18:45:00.000","UNABLE TO DETERMINE","UNABLE TO DETERMINE","136","N","KEDZIE AVE","1123",,,,,,,"2","NO INDICATION OF INJURY","0","0","0","0","0","2","0","17","5","4","41.8839688363","-87.7063549676","POINT (-87.706354967582 41.883968836294)"
"c8ae1e0b7d57eff4183b1801df6eb1549c9eb07bb5dc19d7d308913d03bf8f4a2603c0a805fbed6116e7fe6db5aa5e92e28bee2badf2cd4343447d6e94b552cf",,"2026-04-16T17:26:00.000","25","NO CONTROLS","NO CONTROLS","CLEAR","DAYLIGHT","SIDESWIPE SAME DIRECTION","DIVIDED - W/MEDIAN (NOT RAISED)",,"STRAIGHT AND LEVEL","UNKNOWN","UNKNOWN","ON SCENE","NO INJURY / DRIVE AWAY",,,,"OVER $1,500","2026-04-16T17:28:00.000","IMPROPER LANE USAGE","UNABLE TO DETERMINE","7141","W","DIVERSEY AVE","2512",,,,,,,"2","NO INDICATION OF INJURY","0","0","0","0","0","2","0","17","5","4","41.9306664336","-87.8044482594","POINT (-87.804448259405 41.930666433564)"
"a8fc690c0858be8c3451d4aaaaf5ec14595b4dd8032e68201f2240d125ccd715a590569f906d104045e4ece52e8c94e62277e416bd2c9e9a9bcd961bfc1084bf",,"2026-04-16T17:22:00.000","30","NO CONTROLS","NO CONTROLS","CLEAR","DUSK","PARKED MOTOR VEHICLE","NOT DIVIDED",,"STRAIGHT AND LEVEL","DRY","UNKNOWN","NOT ON SCENE (DESK REPORT)","NO INJURY / DRIVE AWAY",,,"Y","OVER $1,500","2026-04-17T10:10:00.000","UNABLE TO DETERMINE","UNABLE TO DETERMINE","1109","W","BRYN MAWR AVE","2023",,,,,,,"2","NO INDICATION OF INJURY","0","0","0","0","0","1","0","17","5","4","41.98354261","-87.658429145","POINT (-87.658429145025 41.983542609998)"
"1f8793c8b39680924e55d083e4ee8db851dc7584dc17f8a94649f622e533d5df965997cd64d5242c4335c5885f7653e9a9b7d4da4cecefed2222a0f963ef0acd",,"2026-04-16T17:15:00.000","30","TRAFFIC SIGNAL","FUNCTIONING PROPERLY","CLEAR","DAYLIGHT","REAR END","FOUR WAY",,"STRAIGHT AND LEVEL","DRY","UNKNOWN","NOT ON SCENE (DESK REPORT)","NO INJURY / DRIVE AWAY","Y",,,"OVER $1,500","2026-04-16T17:43:00.000","FOLLOWING TOO CLOSELY","NOT APPLICABLE","5630","W","IRVING PARK RD","1624",,,,,,,"2","NO INDICATION OF INJURY","0","0","0","0","0","2","0","17","5","4","41.9532767337","-87.7682898289","POINT (-87.768289828911 41.953276733681)"
"5dd79833f0f460d75fa35261736d02cf5a2bffaa8974abb3f238fbee387a29024e230f8fe1d9532d7e68028286e99bde38a0ca10e7f7450dd4279acbb0442d20",,"2026-04-16T17:15:00.000","30","NO CONTROLS","NO CONTROLS","UNKNOWN","DAYLIGHT","SIDESWIPE OPPOSITE DIRECTION","NOT DIVIDED",,"STRAIGHT AND LEVEL","UNKNOWN","NO DEFECTS","NOT ON SCENE (DESK REPORT)","NO INJURY / DRIVE AWAY",,,"Y","OVER $1,500","2026-04-17T17:15:00.000","OPERATING VEHICLE IN ERRATIC, RECKLESS, CARELESS, NEGLIGENT OR AGGRESSIVE MANNER","FAILING TO REDUCE SPEED TO AVOID CRASH","901","W","THORNDALE AVE","2022",,,,,,,"2","NO INDICATION OF INJURY","0","0","0","0","0","2","0","17","5","4","41.9900026455","-87.6547342055","POINT (-87.6547342055 41.990002645478)"