"crash_record_id","crash_date_est_i","crash_date","posted_speed_limit","traffic_control_device","device_condition","weather_condition","lighting_condition","first_crash_type","trafficway_type","lane_cnt","alignment","roadway_surface_cond","road_defect","report_type","crash_type","intersection_related_i","private_property_i","hit_and_run_i","damage","date_police_notified","prim_contributory_cause","sec_contributory_cause","street_no","street_direction","street_name","beat_of_occurrence","photos_taken_i","statements_taken_i","dooring_i","work_zone_i","work_zone_type","workers_present_i","num_units","most_severe_injury","injuries_total","injuries_fatal","injuries_incapacitating","injuries_non_incapacitating","injuries_reported_not_evident","injuries_no_indication","injuries_unknown","crash_hour","crash_day_of_week","crash_month","latitude","longitude","location"
"a2c35ff74d193a16e2e339cab8640d85234050539347898a9223fe76dedaf50ebb84e5b048b9402434c1b680783fda93051b724215905defb12f8fad989de9b8",,"2026-04-16T17:15:00.000","30","NO CONTROLS","NO CONTROLS","CLEAR","DAYLIGHT","ANGLE","DIVIDED - W/MEDIAN (NOT RAISED)",,"STRAIGHT AND LEVEL","UNKNOWN","UNKNOWN","NOT ON SCENE (DESK REPORT)","NO INJURY / DRIVE AWAY",,,,"OVER $1,500","2026-04-16T17:55:00.000","DRIVING SKILLS/KNOWLEDGE/EXPERIENCE","NOT APPLICABLE","2501","N","ELSTON AVE","1432",,,,,,,"2","NO INDICATION OF INJURY","0","0","0","0","0","2","0","17","5","4","41.9270922614","-87.6802084928","POINT (-87.680208492847 41.927092261357)"
"a52141c936e6d337d34c008b70d9ecb4dad08a6490a45c4e3c224f08bb0b9272831f3c4705fcb210ca0b16f97ae8aca8d8a1b2d277a705fbb1d127d9da2b5678",,"2026-04-16T17:15:00.000","30","TRAFFIC SIGNAL","FUNCTIONING PROPERLY","CLEAR","DAYLIGHT","REAR END","DIVIDED - W/MEDIAN (NOT RAISED)",,"STRAIGHT AND LEVEL","DRY","NO DEFECTS","NOT ON SCENE (DESK REPORT)","INJURY AND / OR TOW DUE TO CRASH","Y",,,"OVER $1,500","2026-04-16T18:10:00.000","DRIVING SKILLS/KNOWLEDGE/EXPERIENCE","UNABLE TO DETERMINE","2000","W","76TH ST","611",,,,,,,"2","NONINCAPACITATING INJURY","1","0","0","1","0","1","0","17","5","4","41.7558007246","-87.6733539734","POINT (-87.673353973413 41.755800724621)"
"35f32840c3ea9a862820aaef0638cca3e02e4333e66f0582f82c265a0c3fa388d0e0109e75415ef1c07378e8523569392d6e9aa36f4efde6748fa13dc53487aa",,"2026-04-16T17:10:00.000","30","TRAFFIC SIGNAL","FUNCTIONING PROPERLY","CLEAR","DAYLIGHT","REAR END","NOT DIVIDED",,"STRAIGHT AND LEVEL","DRY","NO DEFECTS","ON SCENE","INJURY AND / OR TOW DUE TO CRASH",,,,"$501 - $1,500","2026-04-16T17:11:00.000","FOLLOWING TOO CLOSELY","DISTRACTION - FROM INSIDE VEHICLE","820","S","CLARK ST","123",,,,,,,"2","REPORTED, NOT EVIDENT","1","0","0","0","1","4","0","17","5","4","41.8718385747","-87.6307469239","POINT (-87.630746923877 41.871838574669)"
"befb04bef80ca52b5ad90a4e46a158f7294c5a532a7c7541077fdcb454fa872f6bbe30b536407ca11ee5fa2d84ce8030c82927164a8095c16d659a032236cf17",,"2026-04-16T17:10:00.000","30","TRAFFIC SIGNAL","FUNCTIONING PROPERLY","CLEAR","DAYLIGHT","ANGLE","NOT DIVIDED",,"STRAIGHT AND LEVEL","DRY","NO DEFECTS","NOT ON SCENE (DESK REPORT)","NO INJURY / DRIVE AWAY",,,,"OVER $1,500","2026-04-16T19:00:00.000","UNABLE TO DETERMINE","UNABLE TO DETERMINE","1598","S","KEELER AVE","1012",,,,,,,"2","NO INDICATION OF INJURY","0","0","0","0","0","2","0","17","5","4","41.8588887327","-87.7299901834","POINT (-87.729990183381 41.858888732719)"
"dfac9c0197e766671b2b4a945ad20fe6c180f80d754a228b0907a002811c0000f920db34ed86478e4b3843f669acd7c3f7eb1b61356881102bc7efd6c35ce243",,"2026-04-16T17:00:00.000","30","STOP SIGN/FLASHER","FUNCTIONING PROPERLY","CLEAR","DAYLIGHT","REAR END","NOT DIVIDED",,"STRAIGHT AND LEVEL","DRY","UNKNOWN","NOT ON SCENE (DESK REPORT)","NO INJURY / DRIVE AWAY",,,"Y","$501 - $1,500","2026-04-17T12:30:00.000","FOLLOWING TOO CLOSELY","FOLLOWING TOO CLOSELY","7958","S","ANTHONY AVE","411",,,,,,,"2","NO INDICATION OF INJURY","0","0","0","0","0","2","0","17","5","4","41.7500708303","-87.5868876126","POINT (-87.586887612633 41.750070830311)"
"0cf602e39d330fc57103094a18cebd8935f3bbdf946bec93af3fc82bf368ee9a36453e370638f4bdf55bef4621614a0100326dab46907f0fb8c294b24a97ae72","Y","2026-04-16T16:53:00.000","30","UNKNOWN","UNKNOWN","UNKNOWN","UNKNOWN","SIDESWIPE SAME DIRECTION","NOT DIVIDED",,"STRAIGHT AND LEVEL","UNKNOWN","UNKNOWN","NOT ON SCENE (DESK REPORT)","NO INJURY / DRIVE AWAY",,,"Y","OVER $1,500","2026-04-16T17:35:00.000","UNABLE TO DETERMINE","NOT APPLICABLE","135","E","71ST ST","323",,,,,,,"2","NO INDICATION OF INJURY","0","0","0","0","0","2","0","16","5","4","41.7655011231","-87.6201736876","POINT (-87.62017368759 41.765501123079)"
"65c4ca82d4a077f7994d317e05c91a6feb7030fb73e249784719f3561abd5b7bef9d8c8fbcc3a3d4e42c89e5e5c085cd8fea7498cbaacf0fa63dab1dc5fa7256",,"2026-04-16T16:45:00.000","30","TRAFFIC SIGNAL","FUNCTIONING PROPERLY","CLEAR","DAYLIGHT","REAR END","DIVIDED - W/MEDIAN (NOT RAISED)",,"STRAIGHT AND LEVEL","DRY","NO DEFECTS","NOT ON SCENE (DESK REPORT)","NO INJURY / DRIVE AWAY",,,,"OVER $1,500","2026-04-16T16:45:00.000","FOLLOWING TOO CLOSELY","FAILING TO REDUCE SPEED TO AVOID CRASH","3601","N","SACRAMENTO AVE","1733",,,,,,,"2","NO INDICATION OF INJURY","0","0","0","0","0","2","0","16","5","4","41.9467472662","-87.7027814922","POINT (-87.70278149219 41.946747266157)"
"958453dd57163f141a428a15b174263d87105ac12210bf42dd43b0ea94ead7840e4ee1c31b11691d1e3a389a877f3f9cb2ce7d2e18d0ac845a9b5cf1a036b8a2","Y","2026-04-16T16:45:00.000","30","NO CONTROLS","NO CONTROLS","CLEAR","DAYLIGHT","SIDESWIPE SAME DIRECTION","NOT DIVIDED",,"STRAIGHT AND LEVEL","DRY","NO DEFECTS","NOT ON SCENE (DESK REPORT)","NO INJURY / DRIVE AWAY",,,,"$501 - $1,500","2026-04-16T16:48:00.000","UNABLE TO DETERMINE","UNABLE TO DETERMINE","501","E","79TH ST","624",,,,,,,"2","NO INDICATION OF INJURY","0","0","0","0","0","2","0","16","5","4","41.7510499513","-87.6124383884","POINT (-87.612438388413 41.751049951264)"
"fd279f016c889b8b291fcd08009f0b621b5cb8643159887f6ab0d971818bf1d530afe2886e958fc3fbc6d10ee3c0bbd0c00c486b95a68dc19b8732be66189d8c",,"2026-04-16T16:45:00.000","30","TRAFFIC SIGNAL","FUNCTIONING PROPERLY","CLEAR","DAYLIGHT","TURNING","DIVIDED - W/MEDIAN BARRIER",,"STRAIGHT AND LEVEL","DRY","UNKNOWN","NOT ON SCENE (DESK REPORT)","NO INJURY / DRIVE AWAY","Y",,,"$501 - $1,500","2026-04-16T18:00:00.000","UNABLE TO DETERMINE","UNABLE TO DETERMINE","6402","N","SHERIDAN RD","2432",,,,,,,"2","NO INDICATION OF INJURY","0","0","0","0","0","2","0","16","5","4","41.9982717615","-87.6607027833","POINT (-87.660702783257 41.998271761482)"
"b32f6fef59739b6ae47cea2300bff6574d2cca95c69269fc687b2cab92af1f9eabf907aa8590a3d047c3e01a6876ec8fa06483139d59b294330b9fcc5739d8a2",,"2026-04-16T16:40:00.000","30","TRAFFIC SIGNAL","UNKNOWN","CLEAR","DAWN","SIDESWIPE OPPOSITE DIRECTION","FOUR WAY",,"STRAIGHT AND LEVEL","DRY","NO DEFECTS","ON SCENE","INJURY AND / OR TOW DUE TO CRASH",,,"Y","OVER $1,500","2026-04-16T16:51:00.000","DISREGARDING TRAFFIC SIGNALS","DISREGARDING TRAFFIC SIGNALS","3000","W","ROOSEVELT RD","1134",,,,,,,"2","NO INDICATION OF INJURY","0","0","0","0","0","2","0","16","5","4","41.866564727","-87.7008514785","POINT (-87.70085147848 41.866564726967)"
"0260f718a774f02c59f6e945af35ae11223725829703643ac6f4ad06a192c157d4f77b1eb101d8841f98f4cfb225f939b7086bafa4e26658483f490e5a2a6d07",,"2026-04-16T16:35:00.000","30","NO CONTROLS","NO CONTROLS","CLEAR","DAYLIGHT","PARKED MOTOR VEHICLE","NOT DIVIDED",,"STRAIGHT AND LEVEL","DRY","UNKNOWN","NOT ON SCENE (DESK REPORT)","NO INJURY / DRIVE AWAY",,,,"OVER $1,500","2026-04-16T16:35:00.000","IMPROPER TURNING/NO SIGNAL","NOT APPLICABLE","1108","N","PULASKI RD","1111",,,,,,,"2","NO INDICATION OF INJURY","0","0","0","0","0","1","0","16","5","4","41.9011544517","-87.7264055253","POINT (-87.726405525321 41.901154451668)"
"29951e8c49c5764d661cf23748f81193b3f15dd583ee7203de38a1435fe78264b20d5e4428517a277bbf4b5a0a44bff6b1712bf56efb39494e53e755e1de1c28",,"2026-04-16T16:35:00.000","15","NO CONTROLS","NO CONTROLS","CLEAR","DAYLIGHT","PARKED MOTOR VEHICLE","PARKING LOT",,"STRAIGHT AND LEVEL","DRY","NO DEFECTS","NOT ON SCENE (DESK REPORT)","NO INJURY / DRIVE AWAY",,,"Y","OVER $1,500","2026-04-16T17:30:00.000","UNABLE TO DETERMINE","NOT APPLICABLE","330","S","WELLS ST","122",,,,,,,"2","NO INDICATION OF INJURY","0","0","0","0","0","1","0","16","5","4","41.8773677624","-87.6338535675","POINT (-87.633853567491 41.877367762374)"
"cd7468501a2ac98c648a9b3ac185057236205f6f7a1379862471c46221d89ed457fc05994a1bc0b34b70bee7579188f3491a5270fc5b89578bd7ec8c287eb105",,"2026-04-16T16:30:00.000","30","NO CONTROLS","NO CONTROLS","CLEAR","DAYLIGHT","SIDESWIPE SAME DIRECTION","DIVIDED - W/MEDIAN (NOT RAISED)",,"STRAIGHT AND LEVEL","DRY","NO DEFECTS","ON SCENE","NO INJURY / DRIVE AWAY",,,,"OVER $1,500","2026-04-16T16:30:00.000","FAILING TO YIELD RIGHT-OF-WAY","DRIVING SKILLS/KNOWLEDGE/EXPERIENCE","8317","W","IRVING PARK RD","1631",,,,,,,"2","NO INDICATION OF INJURY","0","0","0","0","0","3","0","16","5","4","41.9519736115","-87.8349890586","POINT (-87.83498905858 41.951973611473)"
"29d508bfcec128bd8a0f3137af175b91fbfccdd340c4a26cc075a1c4b8aa69403a800507d713216254dfbcbf0137b5f2f6c759f050c5a136a85e17a77e643716",,"2026-04-16T16:25:00.000","30","NO CONTROLS","NO CONTROLS","CLEAR","DAYLIGHT","REAR END","DIVIDED - W/MEDIAN (NOT RAISED)",,"STRAIGHT AND LEVEL","DRY","UNKNOWN","NOT ON SCENE (DESK REPORT)","NO INJURY / DRIVE AWAY",,,,"OVER $1,500","2026-04-16T17:30:00.000","UNABLE TO DETERMINE","NOT APPLICABLE","5340","W","ADDISON ST","1634",,,,,,,"2","NO INDICATION OF INJURY","0","0","0","0","0","2","0","16","5","4","41.9460616355","-87.7610279454","POINT (-87.761027945425 41.946061635477)"
"4b1ba133ed20c2e3a9a48e7972b410f9359203fd2706ab400e6a060aac625eb42ebfa02f9a42f509799a1cfb47c26bbfd01f4821f09041eb96915b557974511a",,"2026-04-16T16:17:00.000","30","STOP SIGN/FLASHER","FUNCTIONING PROPERLY","CLEAR","DAYLIGHT","ANGLE","ONE-WAY",,"STRAIGHT AND LEVEL","DRY","NO DEFECTS","ON SCENE","NO INJURY / DRIVE AWAY","Y",,,"OVER $1,500","2026-04-16T16:19:00.000","DRIVING SKILLS/KNOWLEDGE/EXPERIENCE","NOT APPLICABLE","4800","S","INDIANA AVE","224",,,,,,,"2","NO INDICATION OF INJURY","0","0","0","0","0","2","0","16","5","4","41.8073980087","-87.6213080061","POINT (-87.621308006118 41.807398008746)"
"db25e7cbbc3a2208e5a3c3ace17126e454ae06197409e32a36d1dc1341d1117318df3d2d00952660308f7e33edae6726f7cc0dae33648453cc69ae1cf2db2931",,"2026-04-16T16:15:00.000","30","NO CONTROLS","NO CONTROLS","CLEAR","DAYLIGHT","SIDESWIPE SAME DIRECTION","NOT DIVIDED",,"STRAIGHT AND LEVEL","DRY","UNKNOWN","ON SCENE","NO INJURY / DRIVE AWAY",,,,"$501 - $1,500","2026-04-16T16:31:00.000","UNABLE TO DETERMINE","NOT APPLICABLE","3900","N","MILWAUKEE AVE","1731",,,,,,,"2","NO INDICATION OF INJURY","0","0","0","0","0","2","0","16","5","4","41.9518070575","-87.744932181","POINT (-87.744932180995 41.951807057498)"
"92c33bee2116b4033f591d0a1d3978134294cb7ce907c19a7b14111d9dab738a291e67c713bfaca24e488c98fcec88a1c7e6dc8f4b17ff33c71cd7b8fb0eba86",,"2026-04-16T16:10:00.000","30","TRAFFIC SIGNAL","FUNCTIONING PROPERLY","CLEAR","DAYLIGHT","SIDESWIPE SAME DIRECTION","DIVIDED - W/MEDIAN BARRIER",,"STRAIGHT AND LEVEL","DRY","NO DEFECTS","ON SCENE","INJURY AND / OR TOW DUE TO CRASH",,,,"$500 OR LESS","2026-04-16T16:13:00.000","EQUIPMENT - VEHICLE CONDITION","UNABLE TO DETERMINE","2400","N","ASHLAND AVE","1931",,,,,,,"2","NO INDICATION OF INJURY","0","0","0","0","0","3","0","16","5","4","41.9251938898","-87.6682943634","POINT (-87.668294363399 41.92519388981)"
"2be6f3ff36fc09cb723e273863eecf2da1f00434263233a98dc4f9fc16bcffb9a38600159d17e5e239db3ed7e05533b9524cb182d3210be8c56ec40f4cd9176b","Y","2026-04-16T16:05:00.000","30","NO CONTROLS","NO CONTROLS","CLEAR","DAYLIGHT","TURNING","ONE-WAY",,"STRAIGHT AND LEVEL","DRY","NO DEFECTS","ON SCENE","INJURY AND / OR TOW DUE TO CRASH",,,,"OVER $1,500","2026-04-16T16:10:00.000","FAILING TO REDUCE SPEED TO AVOID CRASH","FOLLOWING TOO CLOSELY","1799","W","31ST ST","912",,,,,,,"2","REPORTED, NOT EVIDENT","1","0","0","0","1","1","0","16","5","4","41.837582145","-87.6704673582","POINT (-87.670467358247 41.837582145042)"
"8d54711be803ea85d7f27f4b3a02be651bfe10b51259a9aa870a4c6204e220b52bc54abd6d61b93209ebf3a0416b19dd26cd93db96df30222cd76cd1ac999526",,"2026-04-16T16:05:00.000","30","NO CONTROLS","NO CONTROLS","CLEAR","DAYLIGHT","SIDESWIPE SAME DIRECTION","DIVIDED - W/MEDIAN (NOT RAISED)",,"STRAIGHT AND LEVEL","DRY","UNKNOWN","NOT ON SCENE (DESK REPORT)","NO INJURY / DRIVE AWAY",,,,"OVER $1,500","2026-04-16T16:25:00.000","UNABLE TO DETERMINE","NOT APPLICABLE","695","N","CICERO AVE","1111",,,,,,,"2","NO INDICATION OF INJURY","0","0","0","0","0","2","0","16","5","4","41.8931215233","-87.7455971326","POINT (-87.745597132646 41.893121523272)"
"65f6894551785745bf76eddc26bf662692c62a50445d077331dd8d466f75559bbce61ec718ea1eb4656c0e03aa78ed032cd8005132e92ab179c8aff7db351841",,"2026-04-16T16:00:00.000","30","TRAFFIC SIGNAL","FUNCTIONING PROPERLY","CLEAR","DAYLIGHT","REAR END","DIVIDED - W/MEDIAN BARRIER",,"STRAIGHT AND LEVEL","DRY","NO DEFECTS","ON SCENE","NO INJURY / DRIVE AWAY",,,,"OVER $1,500","2026-04-16T16:10:00.000","UNABLE TO DETERMINE","NOT APPLICABLE","4300","S","ASHLAND AVE","924",,,,,,,"2","NO INDICATION OF INJURY","0","0","0","0","0","5","0","16","5","4","41.8157784269","-87.6652928904","POINT (-87.665292890367 41.815778426908)"
"a05bfcf15c938aeff22671fc2568375c3cd9466cc4a9b1459c8cbba390cace7cb4665a75cc1aaf120bc9b95ad78873542dbbb10e178acf53aad9f80b974b7f65",,"2026-04-16T16:00:00.000","30","STOP SIGN/FLASHER","FUNCTIONING PROPERLY","CLEAR","DAYLIGHT","PARKED MOTOR VEHICLE","NOT DIVIDED",,"STRAIGHT AND LEVEL","DRY","NO DEFECTS","ON SCENE","NO INJURY / DRIVE AWAY",,,,"OVER $1,500","2026-04-16T16:05:00.000","IMPROPER OVERTAKING/PASSING","NOT APPLICABLE","1701","W","83RD ST","614",,,,,,,"2","NO INDICATION OF INJURY","0","0","0","0","0","1","0","16","5","4","41.7429293911","-87.6657410066","POINT (-87.665741006627 41.74292939114)"
"f6d2fd4aa24d11f7d2b516d027e2251b4dfdb78812da13ed9c9dc46c280c99afc501d23fbdbf66e16a7350fbcbdd1ea7c7cc59502211cd981cac3de4cf583d3b",,"2026-04-16T15:57:00.000","20","NO CONTROLS","NO CONTROLS","CLEAR","DAYLIGHT","SIDESWIPE SAME DIRECTION","ONE-WAY",,"STRAIGHT AND LEVEL","DRY","NO DEFECTS","ON SCENE","NO INJURY / DRIVE AWAY",,,"Y","$501 - $1,500","2026-04-16T16:25:00.000","UNABLE TO DETERMINE","NOT APPLICABLE","1250","N","LAWNDALE AVE","2535",,,,,,,"2","NO INDICATION OF INJURY","0","0","0","0","0","2","0","15","5","4","41.9043079319","-87.7193967326","POINT (-87.719396732602 41.904307931914)"
"9d435f3f11f497298787b27789fca7078d94b85e7a74422359323907f4fd6b90d9f8c8bedb26d476603e4921e7b3a0b1a97fc32a2b641de3fafb5202683999d3",,"2026-04-16T15:51:00.000","30","TRAFFIC SIGNAL","UNKNOWN","CLEAR","DAYLIGHT","TURNING","FOUR WAY",,"STRAIGHT AND LEVEL","UNKNOWN","UNKNOWN","NOT ON SCENE (DESK REPORT)","NO INJURY / DRIVE AWAY","Y",,,"OVER $1,500","2026-04-16T17:35:00.000","IMPROPER TURNING/NO SIGNAL","IMPROPER LANE USAGE","802","N","LA SALLE DR","1832",,,,,,,"2","NO INDICATION OF INJURY","0","0","0","0","0","3","0","15","5","4","41.8967364276","-87.6328587306","POINT (-87.632858730599 41.896736427623)"
"39ba491f6b125a162b9838482062aba2a6c7adec0910822e1e7a2a94fe076f3462898a4acaf05ad14239e96eb2d27e6169a19ec9e3a00f0e366dd3a6f066cfac",,"2026-04-16T15:50:00.000","15","NO CONTROLS","NO CONTROLS","CLEAR","DAYLIGHT","REAR TO FRONT","ALLEY",,"STRAIGHT AND LEVEL","DRY","NO DEFECTS","ON SCENE","NO INJURY / DRIVE AWAY",,,,"OVER $1,500","2026-04-16T15:58:00.000","UNABLE TO DETERMINE","UNABLE TO DETERMINE","6158","N","WASHTENAW AVE","2413",,,,,,,"2","NO INDICATION OF INJURY","0","0","0","0","0","2","0","15","5","4","41.9939137439","-87.6972244603","POINT (-87.697224460306 41.993913743894)"
"d741b8d570b3cd32331bee08142740f90388551b99084514dedea612c59fe278786522cd67aa6818248607c4673b099ab7adb49af9c9242cecfb0f7066379e79",,"2026-04-16T15:50:00.000","25","NO CONTROLS","NO CONTROLS","UNKNOWN","DAYLIGHT","PARKED MOTOR VEHICLE","ONE-WAY",,"STRAIGHT AND LEVEL","UNKNOWN","UNKNOWN","NOT ON SCENE (DESK REPORT)","NO INJURY / DRIVE AWAY",,,"Y","$501 - $1,500","2026-04-16T16:30:00.000","UNABLE TO DETERMINE","NOT APPLICABLE","5440","W","HADDON AVE","1524",,,,,,,"2","NO INDICATION OF INJURY","0","0","0","0","0","2","0","15","5","4","41.9013734423","-87.7625199401","POINT (-87.762519940122 41.90137344227)"
"f3a87f9447ddf139ec94712f6d7c79638ab3434f30ebf3018d46b88f2f1582ef1dd4d3c082e85b99b02b0c233a6e024e5c9f3268c66f618343840dd1546fdfc3",,"2026-04-16T15:45:00.000","30","NO CONTROLS","NO CONTROLS","CLEAR","DAYLIGHT","ANGLE","ONE-WAY",,"STRAIGHT AND LEVEL","DRY","NO DEFECTS","NOT ON SCENE (DESK REPORT)","NO INJURY / DRIVE AWAY",,,,"OVER $1,500","2026-04-16T16:17:00.000","FAILING TO YIELD RIGHT-OF-WAY","NOT APPLICABLE","5520","S","KEELER AVE","813",,,,,,,"2","NO INDICATION OF INJURY","0","0","0","0","0","2","0","15","5","4","41.7924849447","-87.7281895967","POINT (-87.728189596731 41.792484944733)"
"25da446f37a867a56b5894d419952b628eace419de1b780e7c72cb88a8cd317cf850990123a9a8db10a5b5e9adcb0f03659f1870bd6de0148274efda3cb4a3ca",,"2026-04-16T15:40:00.000","15","NO CONTROLS","NO CONTROLS","CLEAR","DAYLIGHT","ANGLE","PARKING LOT",,"STRAIGHT AND LEVEL","DRY","NO DEFECTS",,"NO INJURY / DRIVE AWAY",,,"Y","OVER $1,500","2026-04-16T18:37:00.000","UNABLE TO DETERMINE","UNABLE TO DETERMINE","5343","N","BROADWAY","2023",,,,,,,"2","NO INDICATION OF INJURY","0","0","0","0","0","2","0","15","5","4","41.9794282549","-87.6598058547","POINT (-87.659805854713 41.979428254922)"
"58362cebce2bdba4f5a9259b93f967f3558c250dbb246bbf0f6566779496cfed010d8c3b19359b897774ee3586eb3e394268f6ab72c066f73addd943e746d16d",,"2026-04-16T15:40:00.000","30","TRAFFIC SIGNAL","FUNCTIONING PROPERLY","UNKNOWN","UNKNOWN","TURNING","DIVIDED - W/MEDIAN (NOT RAISED)",,"STRAIGHT AND LEVEL","UNKNOWN","UNKNOWN","NOT ON SCENE (DESK REPORT)","NO INJURY / DRIVE AWAY","Y",,,"$501 - $1,500","2026-04-16T16:10:00.000","FOLLOWING TOO CLOSELY","FOLLOWING TOO CLOSELY","1415","W","LAKE ST","1224",,,,,,,"2","NO INDICATION OF INJURY","0","0","0","0","0","2","0","15","5","4","41.8852994989","-87.6627586377","POINT (-87.662758637707 41.88529949893)"
"4899abcdde2cc46512783621e3d4f99accabea79da0ee9e8305b1379059391784cb435804fc2897d5c2d717db4657ed12b106e7e45a81f76459e559e0acb9bd7",,"2026-04-16T15:39:00.000","15","NO CONTROLS","NO CONTROLS","CLEAR","DAYLIGHT","HEAD ON","NOT DIVIDED",,"STRAIGHT AND LEVEL","DRY","NO DEFECTS","ON SCENE","NO INJURY / DRIVE AWAY",,,,"$500 OR LESS","2026-04-16T15:40:00.000","IMPROPER OVERTAKING/PASSING","NOT APPLICABLE","5226","S","HARPER AVE","234",,,,,,,"2","NO INDICATION OF INJURY","0","0","0","0","0","2","0","15","5","4","41.8001285102","-87.589209883","POINT (-87.589209882973 41.800128510195)"
"429d3df30c2178769b2825f28d42b1914713a0e529e2b69fca0f3724deed6937a768c325e1fa0bf37b0c589e976cc474996f091c4424c0f06a4b66b380cb12e1",,"2026-04-16T15:38:00.000","30","STOP SIGN/FLASHER","UNKNOWN","CLEAR","DAYLIGHT","ANGLE","NOT DIVIDED",,"STRAIGHT AND LEVEL","DRY","SHOULDER DEFECT","ON SCENE","NO INJURY / DRIVE AWAY","Y",,,"OVER $1,500","2026-04-16T16:04:00.000","UNABLE TO DETERMINE","UNABLE TO DETERMINE","338","E","63RD ST","311",,,,,,,"2","NO INDICATION OF INJURY","0","0","0","0","0","2","0","15","5","4","41.7803198844","-87.6172265634","POINT (-87.617226563408 41.780319884421)"
"589eeb451b951a6f167f7c054e80b8e95fb3fd7e7835413664af26452539102bde1c7fb89a417fd398b85869ff5d1bda81f935fbf1e46a467f9456fee22b96c0",,"2026-04-16T15:35:00.000","20","NO CONTROLS","NO CONTROLS","CLEAR","DAYLIGHT","SIDESWIPE OPPOSITE DIRECTION","NOT DIVIDED",,"STRAIGHT AND LEVEL","DRY","UNKNOWN","ON SCENE","INJURY AND / OR TOW DUE TO CRASH",,,,"OVER $1,500","2026-04-16T15:47:00.000","FAILING TO REDUCE SPEED TO AVOID CRASH","NOT APPLICABLE","10205","S","SANGAMON ST","2232",,,,,,,"3","NONINCAPACITATING INJURY","1","0","0","1","0","2","0","15","5","4","41.7084986941","-87.6463752357","POINT (-87.646375235743 41.708498694062)"
"9496dc62715e5bc02d59061fa2e50e82cbe091afee6b6978a9fdf07fb10d01fdf012af1a73abf3bd9639f43f1e441079e00ad2dcd785ac36d8e299646671bd5b","Y","2026-04-16T15:34:00.000","30","TRAFFIC SIGNAL","FUNCTIONING PROPERLY","CLEAR","DAYLIGHT","SIDESWIPE SAME DIRECTION","FOUR WAY",,"STRAIGHT AND LEVEL","UNKNOWN","NO DEFECTS","NOT ON SCENE (DESK REPORT)","NO INJURY / DRIVE AWAY",,,,"OVER $1,500","2026-04-16T16:10:00.000","UNABLE TO DETERMINE","UNABLE TO DETERMINE","6401","W","MONTROSE AVE","1632",,,,,,,"2","NO INDICATION OF INJURY","0","0","0","0","0","2","0","15","5","4","41.9601064914","-87.7868634926","POINT (-87.7868634926 41.960106491383)"
"3565f23ed69efab5c2e9e99307aa4f03dd6a06f7a7e6aa1176d8f0d34b8a48351420ad4113f705a1d0af813248db9474bf4da32ccdfe8ac62d93c948c92490ba",,"2026-04-16T15:28:00.000","30","TRAFFIC SIGNAL","FUNCTIONING PROPERLY","CLEAR","DAYLIGHT","OTHER OBJECT","NOT DIVIDED",,"STRAIGHT AND LEVEL","DRY","NO DEFECTS","ON SCENE","INJURY AND / OR TOW DUE TO CRASH",,,,"$500 OR LESS","2026-04-16T15:45:00.000","UNABLE TO DETERMINE","NOT APPLICABLE","2798","N","AUSTIN AVE","2512",,,,,,,"2","NONINCAPACITATING INJURY","1","0","0","1","0","1","0","15","5","4","41.9311144287","-87.7761123","POINT (-87.776112299979 41.931114428732)"
"977b2400bfafefd88e62e6bfcab98ea6f356ec40379e839ca98e3b75b2427017517db70577e7e469d41db11115c345565c93a452055d93ff56228158136377ef",,"2026-04-16T15:21:00.000","30","TRAFFIC SIGNAL","FUNCTIONING PROPERLY","CLEAR","DAYLIGHT","TURNING","FOUR WAY",,"STRAIGHT AND LEVEL","DRY","UNKNOWN","NOT ON SCENE (DESK REPORT)","NO INJURY / DRIVE AWAY","Y",,"Y","$500 OR LESS","2026-04-16T15:37:00.000","FAILING TO YIELD RIGHT-OF-WAY","NOT APPLICABLE","5600","W","LAWRENCE AVE","1622",,,,,,,"2","NO INDICATION OF INJURY","0","0","0","0","0","2","0","15","5","4","41.9678905005","-87.7676022956","POINT (-87.767602295606 41.967890500498)"
"2ac504af54b5a5878e79431e3f5eb1297b9adee6cb459674f6f8a568e1305e462d347fb68e76748f05e683d65c263d47a8a73870b7d6d15c94e96f9cf9af21c1",,"2026-04-16T15:20:00.000","30","TRAFFIC SIGNAL","FUNCTIONING PROPERLY","CLEAR","DAYLIGHT","TURNING","NOT DIVIDED",,"STRAIGHT AND LEVEL","DRY","NO DEFECTS","ON SCENE","INJURY AND / OR TOW DUE TO CRASH",,,,"OVER $1,500","2026-04-16T16:03:00.000","FAILING TO REDUCE SPEED TO AVOID CRASH","NOT APPLICABLE","1600","N","WESTERN AVE","1434",,,,,,,"2","NO INDICATION OF INJURY","0","0","0","0","0","2","0","15","5","4","41.9104090236","-87.6873702684","POINT (-87.687370268401 41.910409023629)"
"680d304c8d46ea3d53aad44d36c16d87b3f637a8dda38fbd0cc713d84a86cd88503b2d51716cca39813565abbba5831962964569916c162a52a9d31b05ae1dc7",,"2026-04-16T15:20:00.000","25","NO CONTROLS","NO CONTROLS","CLEAR","DAYLIGHT","PARKED MOTOR VEHICLE","NOT DIVIDED",,"STRAIGHT ON GRADE","DRY","UNKNOWN","ON SCENE","INJURY AND / OR TOW DUE TO CRASH",,,,"OVER $1,500","2026-04-16T15:20:00.000","UNABLE TO DETERMINE","UNABLE TO DETERMINE","3526","E","109TH ST","432",,,,,,,"2","NO INDICATION OF INJURY","0","0","0","0","0","1","0","15","5","4","41.6974101874","-87.5377607458","POINT (-87.537760745775 41.697410187371)"