"crash_record_id","crash_date_est_i","crash_date","posted_speed_limit","traffic_control_device","device_condition","weather_condition","lighting_condition","first_crash_type","trafficway_type","lane_cnt","alignment","roadway_surface_cond","road_defect","report_type","crash_type","intersection_related_i","private_property_i","hit_and_run_i","damage","date_police_notified","prim_contributory_cause","sec_contributory_cause","street_no","street_direction","street_name","beat_of_occurrence","photos_taken_i","statements_taken_i","dooring_i","work_zone_i","work_zone_type","workers_present_i","num_units","most_severe_injury","injuries_total","injuries_fatal","injuries_incapacitating","injuries_non_incapacitating","injuries_reported_not_evident","injuries_no_indication","injuries_unknown","crash_hour","crash_day_of_week","crash_month","latitude","longitude","location"
"c00782f34bcd821f872ebaa884ccd2174526a67d3530ed34e7511b652fb0966dd81a293161a37b768a703e838eccd60538ac2594b9f1ad10ba836de6e7dab6fb",,"2026-04-16T15:20:00.000","30","TRAFFIC SIGNAL","FUNCTIONING PROPERLY","CLEAR","DAYLIGHT","SIDESWIPE SAME DIRECTION","NOT DIVIDED",,"STRAIGHT AND LEVEL","DRY","NO DEFECTS","ON SCENE","NO INJURY / DRIVE AWAY","Y",,,"OVER $1,500","2026-04-16T15:31:00.000","IMPROPER OVERTAKING/PASSING","UNABLE TO DETERMINE","3405","W","ADDISON ST","1732",,,,,,,"2","NO INDICATION OF INJURY","0","0","0","0","0","3","0","15","5","4","41.9464535742","-87.7129311116","POINT (-87.71293111156 41.946453574237)"
"2c33e7e6f09ebda3ef8b256f319e0fae9277b9050696b32d33ef371f2fa4d1ad413fe0f0be0bbd7d6b7cdb3633457f45840bd5c43958ff0be0d6b0939f18a993",,"2026-04-16T15:14:00.000","25","NO CONTROLS","NO CONTROLS","CLEAR","DAYLIGHT","PARKED MOTOR VEHICLE","NOT DIVIDED",,"STRAIGHT AND LEVEL","DRY","UNKNOWN","NOT ON SCENE (DESK REPORT)","NO INJURY / DRIVE AWAY",,,"Y","$501 - $1,500","2026-04-16T16:43:00.000","UNABLE TO DETERMINE","UNABLE TO DETERMINE","6220","N","GREENVIEW AVE","2433",,,,,,,"2","NO INDICATION OF INJURY","0","0","0","0","0","1","0","15","5","4","41.995140194","-87.6678885586","POINT (-87.667888558587 41.99514019396)"
"3464b272af9a4994f40e1bd9aa04b6d33fff568d0d70234804c418d8d5b7ba16506ab29510d2a1dc2926676a5e210b9140b5b5583e134fb0abcb462cf6d1ab2c",,"2026-04-16T15:08:00.000","15","OTHER","FUNCTIONING PROPERLY","CLOUDY/OVERCAST","DAYLIGHT","FIXED OBJECT","PARKING LOT",,"STRAIGHT AND LEVEL","DRY","NO DEFECTS","ON SCENE","NO INJURY / DRIVE AWAY",,"Y",,"$501 - $1,500","2026-04-16T15:12:00.000","DISREGARDING OTHER TRAFFIC SIGNS","NOT APPLICABLE","2333","W","JACKSON BLVD","1225",,,,,,,"1","NO INDICATION OF INJURY","0","0","0","0","0","1","0","15","5","4","41.8774528982","-87.6851408872","POINT (-87.685140887208 41.877452898243)"
"0182b17f934402edb22f0fcf73b5810407a76a8ae31968ab056e2fc2d444ff513239b1218ef609495793d3e7607698ccafaaa3c0eb3d455c461e2f5a0a8a0dcb",,"2026-04-16T15:00:00.000","30","NO CONTROLS","NO CONTROLS","CLEAR","DAYLIGHT","TURNING","DIVIDED - W/MEDIAN (NOT RAISED)",,"STRAIGHT AND LEVEL","DRY","NO DEFECTS","NOT ON SCENE (DESK REPORT)","NO INJURY / DRIVE AWAY",,,"Y","OVER $1,500","2026-04-16T16:35:00.000","UNABLE TO DETERMINE","NOT APPLICABLE","3932","W","26TH ST","1013",,,,,,,"2","NO INDICATION OF INJURY","0","0","0","0","0","2","0","15","5","4","41.8443799977","-87.7232737958","POINT (-87.72327379577 41.844379997698)"
"26fbe2c41e2b200e892b6b78834568ece26c74372b2e0dadedd874d88ade53011d87fe1a9aa8e67cd199400b1e2c1ebb29a9331327b843c5c10dc48d4347594f","Y","2026-04-16T15:00:00.000","30","UNKNOWN","UNKNOWN","UNKNOWN","UNKNOWN","TURNING","FOUR WAY",,"STRAIGHT AND LEVEL","UNKNOWN","UNKNOWN","NOT ON SCENE (DESK REPORT)","NO INJURY / DRIVE AWAY",,,"Y","OVER $1,500","2026-04-16T17:30:00.000","UNABLE TO DETERMINE","NOT APPLICABLE","2400","N","OAKLEY AVE","1432",,,,,,,"2","NO INDICATION OF INJURY","0","0","0","0","0","3","0","15","5","4","41.9249674408","-87.6853577235","POINT (-87.685357723516 41.924967440757)"
"40366181358c92b8887c74e50f467c267a181f5a29705302ecc6e8f5317ca0257af10ca039310540e0b37b967ae969fabce554f8d27fee5ef9a9f94b121ebb34",,"2026-04-16T15:00:00.000","30","UNKNOWN","UNKNOWN","CLEAR","DAYLIGHT","REAR END","DIVIDED - W/MEDIAN (NOT RAISED)",,"STRAIGHT AND LEVEL","DRY","UNKNOWN","ON SCENE","NO INJURY / DRIVE AWAY",,,,"OVER $1,500","2026-04-16T15:14:00.000","FOLLOWING TOO CLOSELY","UNABLE TO DETERMINE","1013","W","87TH ST","2222",,,,,,,"2","NO INDICATION OF INJURY","0","0","0","0","0","2","0","15","5","4","41.735885116","-87.6490530752","POINT (-87.649053075215 41.735885116006)"
"44043173668b7779eb6270073457799f59464efa0d27d8f5fd94ad253849a1e7fb6fee6a61af16217757cd1eb2893a76e47cc862fba936c838f518e3f6f18322",,"2026-04-16T15:00:00.000","30","UNKNOWN","UNKNOWN","UNKNOWN","DAYLIGHT","REAR END","NOT DIVIDED",,"STRAIGHT AND LEVEL","UNKNOWN","UNKNOWN","NOT ON SCENE (DESK REPORT)","NO INJURY / DRIVE AWAY",,,,"OVER $1,500","2026-04-16T15:00:00.000","FOLLOWING TOO CLOSELY","NOT APPLICABLE","10","S","DEARBORN ST","112",,,,,,,"2","NO INDICATION OF INJURY","0","0","0","0","0","2","0","15","5","4","41.8818069601","-87.6295431154","POINT (-87.629543115394 41.881806960065)"
"6a3d7ff0cfd4fcff5828502bed8e7a80a0858978362fe5b19657e3f7ad049156076ff63f32c5c28d62d310be2373b8e3e4acd56b7a883ee7751253d7cca0896c",,"2026-04-16T15:00:00.000","30","NO CONTROLS","NO CONTROLS","CLEAR","DAYLIGHT","SIDESWIPE SAME DIRECTION","NOT DIVIDED",,"STRAIGHT AND LEVEL","UNKNOWN","UNKNOWN","NOT ON SCENE (DESK REPORT)","NO INJURY / DRIVE AWAY",,,,"$501 - $1,500","2026-04-16T19:40:00.000","UNABLE TO DETERMINE","UNABLE TO DETERMINE","3516","W","26TH ST","1024",,,,,,,"2","NO INDICATION OF INJURY","0","0","0","0","0","2","0","15","5","4","41.8445143922","-87.7131425744","POINT (-87.713142574357 41.844514392181)"
"adb6a938d445aa95c032713924e4f4960d6e413d1165b43c5502e82009579fc304d81081263c8f6f3057f12691d62b44bf691f69f64122f4286115d34f374b32","Y","2026-04-16T15:00:00.000","30","NO CONTROLS","NO CONTROLS","UNKNOWN","UNKNOWN","PARKED MOTOR VEHICLE","DIVIDED - W/MEDIAN BARRIER",,"STRAIGHT AND LEVEL","UNKNOWN","UNKNOWN","ON SCENE","NO INJURY / DRIVE AWAY",,,"Y","OVER $1,500","2026-04-17T11:16:00.000","NOT APPLICABLE","NOT APPLICABLE","6738","S","ASHLAND AVE","725",,,,,,,"2","NO INDICATION OF INJURY","0","0","0","0","0","1","0","15","5","4","41.7710255243","-87.6641334945","POINT (-87.664133494532 41.771025524272)"
"bc15c878d4ef7c5a6a82dad090b3421fd2a5a3d28a5a0ef790d1a845bcc10b6fb7ba38d4d6a145948b6fc3a4136c76adf25993fe3478aa8e8ac0c357d2c92d03",,"2026-04-16T15:00:00.000","10","NO CONTROLS","NO CONTROLS","CLEAR","DAYLIGHT","SIDESWIPE OPPOSITE DIRECTION","PARKING LOT",,"STRAIGHT AND LEVEL","UNKNOWN","UNKNOWN","NOT ON SCENE (DESK REPORT)","NO INJURY / DRIVE AWAY",,,,"$501 - $1,500","2026-04-16T21:00:00.000","UNABLE TO DETERMINE","NOT APPLICABLE","1358","E","47TH ST","222",,,,,,,"2","NO INDICATION OF INJURY","0","0","0","0","0","2","0","15","5","4","41.8097943068","-87.5927904181","POINT (-87.592790418075 41.809794306835)"
"3e6e4f5c9e5025dd42be7d82bb28f7679b571a79ca833989b90ed55a5b464fd55c9812108e5eb497a11924f78f27f78b53ec5f38c4a127e34912af4e634a532e",,"2026-04-16T14:55:00.000","30","NO CONTROLS","NO CONTROLS","CLEAR","DAYLIGHT","REAR END","NOT DIVIDED",,"STRAIGHT AND LEVEL","DRY","NO DEFECTS","NOT ON SCENE (DESK REPORT)","NO INJURY / DRIVE AWAY",,,,"$501 - $1,500","2026-04-16T16:12:00.000","FOLLOWING TOO CLOSELY","NOT APPLICABLE","6204","S","PULASKI RD","813",,,,,,,"3","NO INDICATION OF INJURY","0","0","0","0","0","3","0","14","5","4","41.7802848758","-87.7229525525","POINT (-87.722952552543 41.780284875844)"
"cc421ee7d27c1eb02132ef2f1f6eeeb01de43f137b67d7cf6a5ac4ebe03051f6644f43354d7d53104c01dcf9c6f040e0e743a7c1e330c8640bb94547f267ff6d",,"2026-04-16T14:55:00.000","30","NO CONTROLS","NO CONTROLS","CLEAR","DAYLIGHT","REAR END","DIVIDED - W/MEDIAN BARRIER",,"STRAIGHT AND LEVEL","DRY","UNKNOWN","ON SCENE","INJURY AND / OR TOW DUE TO CRASH",,,,"OVER $1,500","2026-04-16T14:55:00.000","UNABLE TO DETERMINE","NOT APPLICABLE","1619","W","ROOSEVELT RD","1233",,,,,,,"2","NO INDICATION OF INJURY","0","0","0","0","0","2","0","14","5","4","41.8667507949","-87.6672130141","POINT (-87.667213014095 41.866750794922)"
"299cb013fc9b8de0daf1c62176b9fe2ddbd0994bf24e93829555c403a8b9200fae31486eba8e790fb1a6cf57eeb1c777ab6b045103975608a0562665018ce118",,"2026-04-16T14:50:00.000","40","TRAFFIC SIGNAL","FUNCTIONING PROPERLY","CLEAR","DAYLIGHT","SIDESWIPE SAME DIRECTION","DIVIDED - W/MEDIAN BARRIER",,"STRAIGHT AND LEVEL","DRY","NO DEFECTS","ON SCENE","NO INJURY / DRIVE AWAY",,,,"$500 OR LESS","2026-04-16T15:50:00.000","IMPROPER OVERTAKING/PASSING","NOT APPLICABLE","1451","S","LAKE SHORE DR NB","132",,,,,,,"2","NO INDICATION OF INJURY","0","0","0","0","0","2","0","14","5","4","41.8627943719","-87.6183607693","POINT (-87.618360769338 41.862794371926)"
"ecc38ec85b5db537a6cffb9f5af192a50ec2847dda82bf5200162b05b44f2e4b42b2e413d677d20af3bf25dbf4854c5130f80f6b4764df28a920c733e9a64042",,"2026-04-16T14:50:00.000","30","TRAFFIC SIGNAL","FUNCTIONING PROPERLY","CLEAR","DAYLIGHT","REAR END","DIVIDED - W/MEDIAN (NOT RAISED)",,"STRAIGHT AND LEVEL","UNKNOWN","UNKNOWN","ON SCENE","INJURY AND / OR TOW DUE TO CRASH",,,,"OVER $1,500","2026-04-16T14:51:00.000","UNABLE TO DETERMINE","UNABLE TO DETERMINE","9454","S","COMMERCIAL AVE","423",,,,,,,"4","NONINCAPACITATING INJURY","4","0","0","3","1","1","0","14","5","4","41.722946213","-87.5512243108","POINT (-87.551224310835 41.72294621297)"
"658c2b1632beddfb94dc85ef05b32e70bce66d5298c44fe0ca6b8bb078d1755ad9c41ba3bd0c4e5c5a30cd4d4939800ae7bdfcd5e4cf4f19a37f2b414ca4f91f",,"2026-04-16T14:45:00.000","20","NO CONTROLS","NO CONTROLS","CLEAR","DAYLIGHT","ANGLE","PARKING LOT",,"STRAIGHT AND LEVEL","DRY","UNKNOWN","NOT ON SCENE (DESK REPORT)","NO INJURY / DRIVE AWAY",,,,"OVER $1,500","2026-04-16T16:17:00.000","FAILING TO YIELD RIGHT-OF-WAY","NOT APPLICABLE","4200","W","115TH ST","2211",,,,,,,"2","NO INDICATION OF INJURY","0","0","0","0","0","2","0","14","5","4","41.6839918156","-87.7250172758","POINT (-87.725017275758 41.683991815644)"
"adb3df7d46f0284870ee2b3c078772cb9f13a636b437e5f50f3ac7a30e809608910c9cc63797dc34d9d0374d419218eb360f7f45419431a105425b1372da5348",,"2026-04-16T14:40:00.000","30","NO CONTROLS","NO CONTROLS","CLEAR","DAYLIGHT","SIDESWIPE SAME DIRECTION","NOT DIVIDED",,"STRAIGHT AND LEVEL","DRY","NO DEFECTS","NOT ON SCENE (DESK REPORT)","NO INJURY / DRIVE AWAY",,,,"OVER $1,500","2026-04-16T17:00:00.000","UNABLE TO DETERMINE","UNABLE TO DETERMINE","3401","S","CALIFORNIA AVE","911",,,,,,,"2","NO INDICATION OF INJURY","0","0","0","0","0","2","0","14","5","4","41.8321338029","-87.6947280593","POINT (-87.694728059276 41.83213380291)"
"5f5a71591d4cf3d7df144d2b6530707f4bac9b27ed91acdf8708123ea51f4267bbafb2da240dfa69a86f20a285f16bb1b43fdd92bc25525ebee4250fb673ea0d",,"2026-04-16T14:35:00.000","10","UNKNOWN","UNKNOWN","UNKNOWN","UNKNOWN","REAR TO REAR","PARKING LOT",,"STRAIGHT AND LEVEL","UNKNOWN","UNKNOWN","NOT ON SCENE (DESK REPORT)","NO INJURY / DRIVE AWAY",,"Y",,"OVER $1,500","2026-04-16T15:00:00.000","UNABLE TO DETERMINE","NOT APPLICABLE","6525","W","DIVERSEY AVE","2512",,,,,,,"2","NO INDICATION OF INJURY","0","0","0","0","0","3","0","14","5","4","41.9308339152","-87.7891337875","POINT (-87.789133787544 41.93083391524)"
"0aae0aac9c989b58ef1edfc122862402bff65be5cbb408d965e7ce455ef28283bb4585f3fc881cd533fcb73dce940177e018833689e812695039ef5b5fd32bfe",,"2026-04-16T14:33:00.000","30","NO CONTROLS","NO CONTROLS","CLEAR","DAYLIGHT","REAR END","NOT DIVIDED",,"STRAIGHT AND LEVEL","DRY","NO DEFECTS","NOT ON SCENE (DESK REPORT)","NO INJURY / DRIVE AWAY",,,,"OVER $1,500","2026-04-16T15:48:00.000","FOLLOWING TOO CLOSELY","NOT APPLICABLE","4220","S","WESTERN AVE","921",,,,,,,"2","NO INDICATION OF INJURY","0","0","0","0","0","3","0","14","5","4","41.8168555426","-87.6848061333","POINT (-87.684806133346 41.816855542555)"
"14901b933d7297cad2e9dcddc0292b6a8cd0846e210768642c6dbba60b3f8e7a9c3a5c2c968a6bbac12e7dbd30dd146a17054287f980de6759248d0e95db491f",,"2026-04-16T14:30:00.000","25","STOP SIGN/FLASHER","FUNCTIONING PROPERLY","CLEAR","DAYLIGHT","TURNING","NOT DIVIDED",,"STRAIGHT AND LEVEL","DRY","NO DEFECTS","ON SCENE","NO INJURY / DRIVE AWAY",,,,"$501 - $1,500","2026-04-16T14:47:00.000","UNABLE TO DETERMINE","NOT APPLICABLE","501","S","FRANCISCO AVE","1135",,,,,,,"2","NO INDICATION OF INJURY","0","0","0","0","0","2","0","14","5","4","41.8748238842","-87.6984268763","POINT (-87.698426876339 41.874823884176)"
"fed8a63eb9c24b3e385649f6ffcb086fe5700b646ebc725945fa6f6f3cea802d51426685184dc86b57a1054553563addbfc8ecfeb521b49950d2839828cdc509",,"2026-04-16T14:30:00.000","30","TRAFFIC SIGNAL","FUNCTIONING PROPERLY","UNKNOWN","UNKNOWN","TURNING","DIVIDED - W/MEDIAN (NOT RAISED)",,"STRAIGHT AND LEVEL","UNKNOWN","UNKNOWN","NOT ON SCENE (DESK REPORT)","NO INJURY / DRIVE AWAY","Y",,,"$501 - $1,500","2026-04-16T16:54:00.000","FAILING TO YIELD RIGHT-OF-WAY","FAILING TO YIELD RIGHT-OF-WAY","1185","N","ASHLAND AVE","1213",,,,,,,"2","NO INDICATION OF INJURY","0","0","0","0","0","2","0","14","5","4","41.9033030099","-87.6673470201","POINT (-87.667347020112 41.903303009942)"
"aa6a50fae6b5be692496c370ad4b5ace0840092bffa905d24da6812abb529572f60936c1230b5380f4f95bb62fae593c9bbf4442649db39b06e3fd1f0b638bc9",,"2026-04-16T14:18:00.000","30","NO CONTROLS","NO CONTROLS","CLEAR","DAYLIGHT","TURNING","DIVIDED - W/MEDIAN (NOT RAISED)",,"STRAIGHT AND LEVEL","DRY","UNKNOWN","ON SCENE","INJURY AND / OR TOW DUE TO CRASH",,,"Y","OVER $1,500","2026-04-16T14:57:00.000","IMPROPER LANE USAGE","NOT APPLICABLE","312","N","LARAMIE AVE","1523",,,,,,,"2","NO INDICATION OF INJURY","0","0","0","0","0","2","0","14","5","4","41.8860655994","-87.7554219269","POINT (-87.755421926873 41.886065599397)"
"ef225e136d197dcc07ff496af7a5e9eef97b8be1c652778eec5c81a03246c3386afe5fe9a5dcf041fdf45756dba3d8190be9d273b589aaf00bfe8c8631390392",,"2026-04-16T14:15:00.000","30","OTHER","OTHER","CLEAR","DAYLIGHT","REAR END","OTHER",,"STRAIGHT AND LEVEL","DRY","WORN SURFACE","ON SCENE","INJURY AND / OR TOW DUE TO CRASH",,,,"$501 - $1,500","2026-04-16T14:44:00.000","DRIVING SKILLS/KNOWLEDGE/EXPERIENCE","FOLLOWING TOO CLOSELY","3543","S","WESTERN BLVD","912",,,,,,,"2","REPORTED, NOT EVIDENT","1","0","0","0","1","1","0","14","5","4","41.8290480204","-87.6842735515","POINT (-87.684273551464 41.829048020412)"
"88a4d880a21d6968a6ca1c39c5f9d8d6b5d446a6e4e8c6d8ae283afcaf4afe2fe6d1b2dffb8ce4ba96ded3d7fb1c8cee579e57a401c9405eff40c8f388b5af97",,"2026-04-16T14:10:00.000","30","NO CONTROLS","NO CONTROLS","CLEAR","DAYLIGHT","SIDESWIPE SAME DIRECTION","NOT DIVIDED",,"STRAIGHT AND LEVEL","WET","RUT, HOLES","ON SCENE","INJURY AND / OR TOW DUE TO CRASH","Y",,,"OVER $1,500","2026-04-16T14:12:00.000","FAILING TO YIELD RIGHT-OF-WAY","FAILING TO REDUCE SPEED TO AVOID CRASH","200","W","127TH ST","523",,,,,,,"2","REPORTED, NOT EVIDENT","2","0","0","0","2","2","0","14","5","4","41.663496902","-87.6270467027","POINT (-87.627046702722 41.663496901965)"
"178d5a89818132e198e85f257fc2b338d3c7de20a57cfde6cea70f0174e30fb8f9e5b75b1c2044d33f6aa7a9fbcf4af291cc5e7fb7d5502a19a0c2ae0d1096d2",,"2026-04-16T14:06:00.000","30","TRAFFIC SIGNAL","FUNCTIONING PROPERLY","CLEAR","DAYLIGHT","REAR END","FOUR WAY",,"STRAIGHT AND LEVEL","UNKNOWN","UNKNOWN","NOT ON SCENE (DESK REPORT)","NO INJURY / DRIVE AWAY",,,,"OVER $1,500","2026-04-16T15:45:00.000","DRIVING SKILLS/KNOWLEDGE/EXPERIENCE","NOT APPLICABLE","1647","N","LA SALLE DR","1814",,,,,,,"2","NO INDICATION OF INJURY","0","0","0","0","0","2","0","14","5","4","41.9125032395","-87.6330119329","POINT (-87.633011932875 41.912503239452)"
"52d892ca8985c8da907d4b6c2b8ba72b3c61dc225acc60855a27fd47f1fd5c6f3c6f2ece934b42c6e4e7d98f304bbf4fee49226aee785de5ef3589114b933094",,"2026-04-16T14:00:00.000","30","NO CONTROLS","NO CONTROLS","RAIN","DAYLIGHT","ANGLE","NOT DIVIDED",,"STRAIGHT AND LEVEL","WET","NO DEFECTS","ON SCENE","NO INJURY / DRIVE AWAY",,,,"OVER $1,500","2026-04-16T15:07:00.000","FAILING TO YIELD RIGHT-OF-WAY","NOT APPLICABLE","5521","S","KEDZIE AVE","824",,,,,,,"2","NO INDICATION OF INJURY","0","0","0","0","0","2","0","14","5","4","41.7928616696","-87.7033892581","POINT (-87.703389258136 41.792861669618)"
"57cae8cbcf824105ae881676e92c2cbff71923809d2018c59405e3fbc61f73fd252aa80eb1e1afde17f5792b3010b485127906875a3f4cee6910b42f285531ae",,"2026-04-16T13:55:00.000","30","NO CONTROLS","NO CONTROLS","CLEAR","DAYLIGHT","ANGLE","NOT DIVIDED",,"STRAIGHT AND LEVEL","DRY","NO DEFECTS","ON SCENE","INJURY AND / OR TOW DUE TO CRASH",,,,"OVER $1,500","2026-04-16T14:01:00.000","FAILING TO YIELD RIGHT-OF-WAY","FAILING TO YIELD RIGHT-OF-WAY","4412","N","CICERO AVE","1623","Y",,,,,,"2","REPORTED, NOT EVIDENT","1","0","0","0","1","5","0","13","5","4","41.9611224541","-87.747712054","POINT (-87.747712054046 41.961122454078)"
"57fa6e1f1e632303b232da585e11d6f426b00ad158bf73bca1d596e7fbf2e6ec7959c5053ffbec379fda93bfbeec722a9cfcbb65f463b8a3dc5e7304643bfe6d",,"2026-04-16T13:55:00.000","30","STOP SIGN/FLASHER","FUNCTIONING PROPERLY","CLEAR","DAYLIGHT","REAR END","NOT DIVIDED",,"STRAIGHT AND LEVEL","DRY","NO DEFECTS","NOT ON SCENE (DESK REPORT)","NO INJURY / DRIVE AWAY",,,,"OVER $1,500","2026-04-16T14:28:00.000","FOLLOWING TOO CLOSELY","NOT APPLICABLE","1601","W","43RD ST","924",,,,,,,"2","NO INDICATION OF INJURY","0","0","0","0","0","6","0","13","5","4","41.8157603111","-87.6652072375","POINT (-87.665207237467 41.815760311075)"
"a44162ffd09be719b3ea4ff2beb20654ab4ed374e6aa724902f774eea85ed987c1c11cceecbf43372fcab01d53f01d14356f38c794712744ffd3eb597ddeeab8",,"2026-04-16T13:52:00.000","30","STOP SIGN/FLASHER","UNKNOWN","CLEAR","DAYLIGHT","REAR END","FOUR WAY",,"STRAIGHT AND LEVEL","UNKNOWN","UNKNOWN","NOT ON SCENE (DESK REPORT)","NO INJURY / DRIVE AWAY",,,"Y","OVER $1,500","2026-04-16T14:55:00.000","UNABLE TO DETERMINE","UNABLE TO DETERMINE","1179","N","CENTRAL AVE","1524",,,,,,,"2","NO INDICATION OF INJURY","0","0","0","0","0","2","0","13","5","4","41.9021013501","-87.765505587","POINT (-87.765505586971 41.90210135012)"
"3bea8dd9d4cd1b04b683a690366b06fd6dc1d5e16ef45fcdef9c38e5c5f2db1187ca52db4c7542e3cc31f47f6035a89c086420e41ef02185d9e59651b7341182",,"2026-04-16T13:50:00.000","30","TRAFFIC SIGNAL","FUNCTIONING PROPERLY","CLEAR","DAYLIGHT","TURNING","FOUR WAY",,"STRAIGHT AND LEVEL","WET","OTHER","ON SCENE","INJURY AND / OR TOW DUE TO CRASH","Y",,,"OVER $1,500","2026-04-16T13:54:00.000","FAILING TO YIELD RIGHT-OF-WAY","UNABLE TO DETERMINE","4359","N","CICERO AVE","1722",,,,,,,"2","NO INDICATION OF INJURY","0","0","0","0","0","2","0","13","5","4","41.9606849048","-87.7473842477","POINT (-87.747384247664 41.960684904831)"
"cf1d75a5f50c93488a9bec533c262c074d97194d79a89e0e5b9e20b58e50af6b1cc468d43bb671796375b9ab5a3803b50134199f15e143d48cc209526f8d0125",,"2026-04-16T13:45:00.000","30","UNKNOWN","UNKNOWN","CLEAR","DAYLIGHT","SIDESWIPE SAME DIRECTION","NOT DIVIDED",,"STRAIGHT AND LEVEL","UNKNOWN","UNKNOWN","NOT ON SCENE (DESK REPORT)","NO INJURY / DRIVE AWAY",,,,"OVER $1,500","2026-04-16T16:00:00.000","UNABLE TO DETERMINE","UNABLE TO DETERMINE","2900","N","SHERIDAN RD","1934",,,,,,,"2","NO INDICATION OF INJURY","0","0","0","0","0","2","0","13","5","4","41.9344047039","-87.6394945532","POINT (-87.639494553241 41.934404703898)"
"334d19ea415c61718461f496ce34f6d52c985c592b51fb0115b46048558daed51c4e7ee5cf469c95fdb51b750e45907803f19f5ee15d5ff69b8e3cb73c739bd2",,"2026-04-16T13:43:00.000","30","STOP SIGN/FLASHER","FUNCTIONING PROPERLY","CLEAR","DAYLIGHT","REAR END","NOT DIVIDED",,"STRAIGHT AND LEVEL","DRY","NO DEFECTS","NOT ON SCENE (DESK REPORT)","NO INJURY / DRIVE AWAY",,,,"OVER $1,500","2026-04-16T14:45:00.000","FOLLOWING TOO CLOSELY","NOT APPLICABLE","1537","W","41ST ST","924",,,,,,,"2","NO INDICATION OF INJURY","0","0","0","0","0","2","0","13","5","4","41.8192145188","-87.6637293834","POINT (-87.663729383418 41.819214518845)"
"48ae860b03177e5166031a16d23d8acf8108804fb6012d795f98694ddfde70a1fac888a6e211f0d3ba679e0398010c0b14336b812a2ec28c63e4ec090b4f3670",,"2026-04-16T13:40:00.000","25","STOP SIGN/FLASHER","FUNCTIONING PROPERLY","CLEAR","DAYLIGHT","TURNING","NOT DIVIDED",,"STRAIGHT AND LEVEL","WET","NO DEFECTS","ON SCENE","NO INJURY / DRIVE AWAY","Y",,,"OVER $1,500","2026-04-16T13:45:00.000","UNABLE TO DETERMINE","NOT APPLICABLE","1959","N","RACINE AVE","1811",,,,,,,"2","NO INDICATION OF INJURY","0","0","0","0","0","2","0","13","5","4","41.9175679032","-87.6580600194","POINT (-87.658060019363 41.917567903192)"
"e23208a23bd8db93671ae1c103e4e14d5cb21816955f88372c85c31571a75610eaff77680236224b96d415b2fb2d205159d5ff55376a1296de3b53b9c40752d3",,"2026-04-16T13:40:00.000","30","UNKNOWN","UNKNOWN","CLEAR","DAYLIGHT","PARKED MOTOR VEHICLE","NOT DIVIDED",,"STRAIGHT AND LEVEL","UNKNOWN","UNKNOWN","NOT ON SCENE (DESK REPORT)","NO INJURY / DRIVE AWAY",,,,"OVER $1,500","2026-04-16T15:10:00.000","UNABLE TO DETERMINE","UNABLE TO DETERMINE","1543","W","DIVISION ST","1213",,,,,,,"2","NO INDICATION OF INJURY","0","0","0","0","0","1","0","13","5","4","41.9032453067","-87.6668368625","POINT (-87.66683686254 41.903245306703)"
"88b5d8a85cad14be5a6c7ebd8810e77afb0ac0fdac1ed36c9be3d863070fc24099c822a004b6154113ed3268feaa2f69534d5da89743cbc87fc2ffdf7d13a1c7",,"2026-04-16T13:39:00.000","30","UNKNOWN","UNKNOWN","UNKNOWN","UNKNOWN","OTHER OBJECT","ONE-WAY",,"STRAIGHT AND LEVEL","UNKNOWN","UNKNOWN","NOT ON SCENE (DESK REPORT)","NO INJURY / DRIVE AWAY",,,,"OVER $1,500","2026-04-16T15:40:00.000","UNABLE TO DETERMINE","NOT APPLICABLE","6258","W","WELLINGTON AVE","2511",,,,,,,"2","NO INDICATION OF INJURY","0","0","0","0","0","1","0","13","5","4","41.9348021987","-87.7833207252","POINT (-87.783320725156 41.93480219872)"
"3b2b2cc547912803572c9bfd2e5b61cf0463a104b71c03596c900dc863ef51f92471a9e2b7bc1e7fc079b7b6795a0bb8ea4b650ca97f5703e63407ed99a35f75",,"2026-04-16T13:35:00.000","30","UNKNOWN","UNKNOWN","UNKNOWN","DAYLIGHT","PARKED MOTOR VEHICLE","DIVIDED - W/MEDIAN (NOT RAISED)",,"STRAIGHT AND LEVEL","UNKNOWN","UNKNOWN","NOT ON SCENE (DESK REPORT)","NO INJURY / DRIVE AWAY",,,"Y","$501 - $1,500","2026-04-16T16:50:00.000","UNABLE TO DETERMINE","NOT APPLICABLE","6458","N","SHERIDAN RD","2432",,,,,,,"2","NO INDICATION OF INJURY","0","0","0","0","0","2","0","13","5","4","41.9998430581","-87.6608354019","POINT (-87.660835401879 41.999843058097)"
"cb2537990ccebdfbc485a466a14f261e424a7c4976efbae2d82b690f9873e5ea0d3d90a3a3cae4ffc8a9b9427a3543ffa2d151ab6408fd41ee9256a84e30ea66",,"2026-04-16T13:30:00.000","30","TRAFFIC SIGNAL","FUNCTIONING PROPERLY","CLEAR","DAYLIGHT","TURNING","OTHER",,"STRAIGHT AND LEVEL","DRY","NO DEFECTS","NOT ON SCENE (DESK REPORT)","NO INJURY / DRIVE AWAY","Y",,,"OVER $1,500","2026-04-16T14:00:00.000","FAILING TO YIELD RIGHT-OF-WAY","FAILING TO YIELD RIGHT-OF-WAY","1601","W","CERMAK RD","1034",,,,,,,"2","NO INDICATION OF INJURY","0","0","0","0","0","3","0","13","5","4","41.8522186106","-87.6661435753","POINT (-87.666143575324 41.852218610561)"