"crash_record_id","crash_date_est_i","crash_date","posted_speed_limit","traffic_control_device","device_condition","weather_condition","lighting_condition","first_crash_type","trafficway_type","lane_cnt","alignment","roadway_surface_cond","road_defect","report_type","crash_type","intersection_related_i","private_property_i","hit_and_run_i","damage","date_police_notified","prim_contributory_cause","sec_contributory_cause","street_no","street_direction","street_name","beat_of_occurrence","photos_taken_i","statements_taken_i","dooring_i","work_zone_i","work_zone_type","workers_present_i","num_units","most_severe_injury","injuries_total","injuries_fatal","injuries_incapacitating","injuries_non_incapacitating","injuries_reported_not_evident","injuries_no_indication","injuries_unknown","crash_hour","crash_day_of_week","crash_month","latitude","longitude","location"
"3bccb893ee27ad62cfa263d65ebf0acd47c92b92b03fe03759d50b48b27a48cba4d30599942885921bb18dc9c14bdb8e6273fc274c7bc530461523a81d8168d5",,"2026-04-16T07:00:00.000","35","NO CONTROLS","NO CONTROLS","CLEAR","DAYLIGHT","SIDESWIPE SAME DIRECTION","NOT DIVIDED",,"STRAIGHT AND LEVEL","WET","NO DEFECTS","ON SCENE","NO INJURY / DRIVE AWAY",,,,"$500 OR LESS","2026-04-16T07:05:00.000","UNABLE TO DETERMINE","UNABLE TO DETERMINE","5717","S","KEDZIE AVE","824",,,,,,,"2","NO INDICATION OF INJURY","0","0","0","0","0","2","0","7","5","4","41.7893434276","-87.7032933257","POINT (-87.703293325694 41.78934342755)"
"7d6b8b7fc6c59b1f15535df8f712eb472556052f005b46a58a8d9bb3f20310bc5ca5f2113d3eb0ceb2d23ea222f0b412bdaa3e60f4092edaa584a6dbd6ce32ea",,"2026-04-16T07:00:00.000","30","TRAFFIC SIGNAL","FUNCTIONING PROPERLY","CLEAR","DAYLIGHT","ANGLE","NOT DIVIDED",,"STRAIGHT AND LEVEL","DRY","NO DEFECTS","NOT ON SCENE (DESK REPORT)","NO INJURY / DRIVE AWAY",,,,"OVER $1,500","2026-04-16T14:20:00.000","FAILING TO YIELD RIGHT-OF-WAY","NOT APPLICABLE","3600","W","79TH ST","833",,,,,,,"2","NO INDICATION OF INJURY","0","0","0","0","0","2","0","7","5","4","41.7498291506","-87.7121980026","POINT (-87.712198002634 41.749829150554)"
"bad3386e03382bfa2b4e14753701fbefe64f924010ed90150359ae046f005c1c5800a00816dce410850f7bafb5d886226750fa59cfb0400ef919f4cdcc9e949a",,"2026-04-16T07:00:00.000","30","TRAFFIC SIGNAL","FUNCTIONING PROPERLY","RAIN","DAYLIGHT","SIDESWIPE SAME DIRECTION","DIVIDED - W/MEDIAN (NOT RAISED)",,"STRAIGHT AND LEVEL","WET","NO DEFECTS","NOT ON SCENE (DESK REPORT)","NO INJURY / DRIVE AWAY",,,"Y","OVER $1,500","2026-04-16T18:30:00.000","IMPROPER LANE USAGE","FAILING TO REDUCE SPEED TO AVOID CRASH","3996","W","MONTROSE AVE","1723",,,,,,,"2","NO INDICATION OF INJURY","0","0","0","0","0","4","0","7","5","4","41.9610573776","-87.7277695343","POINT (-87.727769534346 41.961057377572)"
"860eb4e41c364345d250bf4b0ad056626ddd6d23b1e8f2643da924ea2e0e128734094f40ad83aa065a85c14a734edfddbb77c3bff42ec593459c76074a3c8b3c",,"2026-04-16T06:58:00.000","35","TRAFFIC SIGNAL","FUNCTIONING PROPERLY","CLEAR","DAWN","SIDESWIPE SAME DIRECTION","DIVIDED - W/MEDIAN (NOT RAISED)",,"STRAIGHT AND LEVEL","UNKNOWN","UNKNOWN","ON SCENE","NO INJURY / DRIVE AWAY",,,,"$500 OR LESS","2026-04-16T07:04:00.000","IMPROPER OVERTAKING/PASSING","IMPROPER OVERTAKING/PASSING","7200","W","BELMONT AVE","1631",,,,,,,"2","NO INDICATION OF INJURY","0","0","0","0","0","2","0","6","5","4","41.9381054794","-87.8068095524","POINT (-87.806809552407 41.938105479395)"
"0c2513ed92f2ac155f589623db7267802ce03909b5e5ae756793fe1adfe85f6c4ffe267f01061faa3531122135625cac7b6f73a028a6d5f8e1aa7fb6728f0f03",,"2026-04-16T06:55:00.000","30","NO CONTROLS","UNKNOWN","UNKNOWN","UNKNOWN","TURNING","FOUR WAY",,"STRAIGHT AND LEVEL","UNKNOWN","UNKNOWN","NOT ON SCENE (DESK REPORT)","NO INJURY / DRIVE AWAY",,,"Y","OVER $1,500","2026-04-16T16:25:00.000","IMPROPER OVERTAKING/PASSING","NOT APPLICABLE","10756","S","WENTWORTH AVE","513",,,,,,,"2","NO INDICATION OF INJURY","0","0","0","0","0","2","0","6","5","4","41.6980936756","-87.6281896694","POINT (-87.628189669432 41.698093675616)"
"f7b377a6790b96d5c5914063d2acf838d43d3dbaa0030d0b7d5ce52d9441134a88e1595ffbe3559343ac4097df62678424b64dc82d51270f21a1b13787e5ed6a",,"2026-04-16T06:50:00.000","30","TRAFFIC SIGNAL","FUNCTIONING PROPERLY","CLEAR","DAYLIGHT","ANGLE","FOUR WAY",,"STRAIGHT AND LEVEL","DRY","NO DEFECTS","ON SCENE","INJURY AND / OR TOW DUE TO CRASH",,,,"OVER $1,500","2026-04-16T08:24:00.000","FAILING TO REDUCE SPEED TO AVOID CRASH","NOT APPLICABLE","6901","S","STATE ST","322",,,,,,,"2","NO INDICATION OF INJURY","0","0","0","0","0","2","0","6","5","4","41.7690980427","-87.6247991399","POINT (-87.624799139878 41.769098042657)"
"c335fc624146c556214cae4507eb046cb81b132212bc2abc83b566154d7c157c96b08427958c0af460c553aaaab452af3278a0bfb720c7bdac7cfd4e34212ce6",,"2026-04-16T06:42:00.000","25","NO CONTROLS","NO CONTROLS","CLEAR","DAYLIGHT","PARKED MOTOR VEHICLE","NOT DIVIDED",,"STRAIGHT AND LEVEL","WET","NO DEFECTS","NOT ON SCENE (DESK REPORT)","NO INJURY / DRIVE AWAY","Y",,,"$501 - $1,500","2026-04-16T08:00:00.000","DRIVING SKILLS/KNOWLEDGE/EXPERIENCE","DRIVING SKILLS/KNOWLEDGE/EXPERIENCE","1216","E","69TH ST","321",,"Y",,,,,"2","NO INDICATION OF INJURY","0","0","0","0","0","1","0","6","5","4","41.769988976","-87.5951952824","POINT (-87.595195282441 41.769988976004)"
"e8ce11bbbc8d376d132f91982d866ae41b25903f6bbcadacba468355e9193384009944cbfd87422aa3f52b33deca19495a5fa99906c067931cc7e00182754b56",,"2026-04-16T05:45:00.000","30","TRAFFIC SIGNAL","FUNCTIONING PROPERLY","RAIN","DARKNESS, LIGHTED ROAD","PEDESTRIAN","FOUR WAY",,"STRAIGHT AND LEVEL","WET","NO DEFECTS","ON SCENE","INJURY AND / OR TOW DUE TO CRASH","Y",,"Y","OVER $1,500","2026-04-16T07:50:00.000","NOT APPLICABLE","NOT APPLICABLE","3000","W","MADISON ST","1222",,,,,,,"2","REPORTED, NOT EVIDENT","1","0","0","0","1","1","0","5","5","4","41.8811351342","-87.7012509135","POINT (-87.701250913492 41.881135134187)"
"607ff1556a8a2d1d7ff357132e8e9e134ba731b01cb3d345b3da66a95ca52f94e30dd6f5b8002e85176513ddd24ba198303e30a87885da915986192ac30ef1a0",,"2026-04-16T05:32:00.000","30","STOP SIGN/FLASHER","NO CONTROLS","RAIN","DARKNESS, LIGHTED ROAD","REAR TO SIDE","FOUR WAY",,"STRAIGHT AND LEVEL","WET","NO DEFECTS","ON SCENE","INJURY AND / OR TOW DUE TO CRASH","Y",,,"OVER $1,500","2026-04-16T05:32:00.000","DISREGARDING STOP SIGN","FAILING TO REDUCE SPEED TO AVOID CRASH","4030","W","AUGUSTA BLVD","1111",,,,,,,"2","NO INDICATION OF INJURY","0","0","0","0","0","3","0","5","5","4","41.8991102253","-87.7273640062","POINT (-87.727364006239 41.899110225335)"
"5ba12d1082d543d50dc75bf8260bfc9f54e1b3016eeb9d179a284445320a98fd3e37e05f75167c72c61e838692c48aefc97f0df0600ddb16e506e18b1c111f48","N","2026-04-16T05:30:00.000","5","NO CONTROLS","NO CONTROLS","CLEAR","UNKNOWN","PARKED MOTOR VEHICLE","RAMP",,"STRAIGHT ON HILLCREST","DRY","NO DEFECTS","ON SCENE","NO INJURY / DRIVE AWAY",,"Y","Y","$501 - $1,500","2026-04-16T16:15:00.000","IMPROPER TURNING/NO SIGNAL","UNABLE TO DETERMINE","365","N","JEFFERSON ST","1214",,,,,,,"5","NO INDICATION OF INJURY","0","0","0","0","0","1","0","5","5","4","41.8884778776","-87.6427227369","POINT (-87.642722736941 41.888477877571)"
"e1ea2f99fb25ed1f1dd870f2d3bb0c4ecf25fcc86caff11c87c7babac6e5093c815879a8739aa155c5c79c79a8f54d4eb3d270e793d8815318ea5cd5e117ba71","Y","2026-04-16T05:00:00.000","25","NO CONTROLS","NO CONTROLS","CLEAR","DAYLIGHT","PARKED MOTOR VEHICLE","ONE-WAY",,"STRAIGHT AND LEVEL","DRY","NO DEFECTS","NOT ON SCENE (DESK REPORT)","NO INJURY / DRIVE AWAY",,,"Y","OVER $1,500","2026-04-16T16:20:00.000","UNABLE TO DETERMINE","UNABLE TO DETERMINE","1637","S","DRAKE AVE","1021",,,,,,,"2","NO INDICATION OF INJURY","0","0","0","0","0","1","0","5","5","4","41.8578776936","-87.7138111216","POINT (-87.713811121606 41.85787769355)"
"00d94b5f0fbbddc7365cee12c470ab48fd41235970577c0c64eea0a3f06b8c11902db07e50adf0932315d98e726c26820adf4beba4fb701ce05cc97a06d351d6",,"2026-04-16T04:40:00.000","10","NO CONTROLS","NO CONTROLS","CLEAR","DARKNESS, LIGHTED ROAD","REAR END","NOT DIVIDED",,"STRAIGHT AND LEVEL","DRY","NO DEFECTS","NOT ON SCENE (DESK REPORT)","NO INJURY / DRIVE AWAY",,,,"OVER $1,500","2026-04-16T06:15:00.000","UNABLE TO DETERMINE","UNABLE TO DETERMINE","4300","S","HALSTED ST","925",,,,,,,"3","NO INDICATION OF INJURY","0","0","0","0","0","3","0","4","5","4","41.8161130299","-87.645871563","POINT (-87.645871563037 41.816113029851)"
"6b2ae95191562747db01d5106c54928e1be49521f34f1525bc524d8546e1ade059441cedd364477680b2111f9d9191f6951c47b70944fe3dfab309c6fff61820",,"2026-04-16T04:29:00.000","30","NO CONTROLS","NO CONTROLS","CLEAR","DARKNESS, LIGHTED ROAD","FIXED OBJECT","DIVIDED - W/MEDIAN BARRIER",,"STRAIGHT AND LEVEL","DRY","NO DEFECTS","ON SCENE","INJURY AND / OR TOW DUE TO CRASH",,"Y","N","OVER $1,500","2026-04-16T04:29:00.000","OPERATING VEHICLE IN ERRATIC, RECKLESS, CARELESS, NEGLIGENT OR AGGRESSIVE MANNER","OPERATING VEHICLE IN ERRATIC, RECKLESS, CARELESS, NEGLIGENT OR AGGRESSIVE MANNER","4018","N","CICERO AVE","1624",,,,,,,"1","INCAPACITATING INJURY","5","0","3","2","0","0","0","4","5","4","41.9539979987","-87.7474635203","POINT (-87.747463520302 41.953997998665)"
"9961b2ac3a5a1702e0c7669c790733f730b2298967b84e1e14519456520d08cb862a48dfa8fcd51b8b5ee3e4dff3a1125396db48dc5219e832bbf2f1dd8fa661",,"2026-04-16T03:58:00.000","30","NO CONTROLS","NO CONTROLS","CLEAR","DARKNESS, LIGHTED ROAD","PARKED MOTOR VEHICLE","DIVIDED - W/MEDIAN (NOT RAISED)",,"STRAIGHT AND LEVEL","WET","NO DEFECTS","ON SCENE","INJURY AND / OR TOW DUE TO CRASH",,,,"OVER $1,500","2026-04-16T03:59:00.000","UNDER THE INFLUENCE OF ALCOHOL/DRUGS (USE WHEN ARREST IS EFFECTED)","UNDER THE INFLUENCE OF ALCOHOL/DRUGS (USE WHEN ARREST IS EFFECTED)","4631","W","ARMITAGE AVE","2533",,,,,,,"3","NO INDICATION OF INJURY","0","0","0","0","0","1","0","3","5","4","41.9168635892","-87.7426746031","POINT (-87.742674603128 41.916863589203)"
"faa95d426fa9377c56422c978a226578bbe0b4a26ad652c377352340eab4c586a74ef6766718cca0f1df345a48d03682d71615f548f079d23f00c6b83fd76772",,"2026-04-16T03:50:00.000","35","TRAFFIC SIGNAL","UNKNOWN","CLEAR","DARKNESS, LIGHTED ROAD","TURNING","FOUR WAY",,"STRAIGHT AND LEVEL","DRY","UNKNOWN","ON SCENE","INJURY AND / OR TOW DUE TO CRASH","Y",,,"OVER $1,500","2026-04-16T03:50:00.000","UNABLE TO DETERMINE","UNABLE TO DETERMINE","3123","S","DAMEN AVE","912",,,,,,,"2","NO INDICATION OF INJURY","0","0","0","0","0","2","0","3","5","4","41.837058572","-87.6752940046","POINT (-87.67529400456 41.837058572021)"
"26d9c226e9875c0c0167743ee81cd7c5f089579b481eb168396ddbe853710e8cb9f6a22379aa17c3de66ceaaec6a3530bce22bc223045ec8a8a5b1b731b2ff7d","Y","2026-04-16T03:00:00.000","30","NO CONTROLS","NO CONTROLS","RAIN","DARKNESS","PARKED MOTOR VEHICLE","NOT DIVIDED",,"STRAIGHT AND LEVEL","WET","NO DEFECTS","ON SCENE","NO INJURY / DRIVE AWAY",,,"Y","$501 - $1,500","2026-04-16T07:24:00.000","UNABLE TO DETERMINE","NOT APPLICABLE","218","W","76TH ST","623",,,,,,,"2","NO INDICATION OF INJURY","0","0","0","0","0","1","0","3","5","4","41.7564251898","-87.6304430426","POINT (-87.630443042614 41.756425189849)"
"3223e5415e26d9468bd18e563aa98d5cf494b34e6bc4a878a0e04a6ec3396a41621eedf3b5549db881990e6e3d7b8a2a2814322ed0ab7bde8357f0e29a596706",,"2026-04-16T02:00:00.000","30","NO CONTROLS","NO CONTROLS","RAIN","DARKNESS, LIGHTED ROAD","FIXED OBJECT","NOT DIVIDED",,"STRAIGHT AND LEVEL","WET","UNKNOWN","NOT ON SCENE (DESK REPORT)","INJURY AND / OR TOW DUE TO CRASH",,,,"OVER $1,500","2026-04-16T11:30:00.000","WEATHER","WEATHER","12610","S","TORRENCE AVE","433",,,,,,,"1","NONINCAPACITATING INJURY","1","0","0","1","0","0","0","2","5","4","41.6658808871","-87.5590111388","POINT (-87.559011138806 41.665880887136)"
"a627dd3e9533ddd3c0ed6254623c690dcdc2270448410e1eb3454daab32163dd2cf1b5eea4ccb13a4f127ec3600c26f01dea03e65af0871f7bd13916124b980c",,"2026-04-16T01:45:00.000","30","STOP SIGN/FLASHER","UNKNOWN","RAIN","DARKNESS","TURNING","T-INTERSECTION",,"STRAIGHT AND LEVEL","WET","NO DEFECTS","ON SCENE","NO INJURY / DRIVE AWAY",,,"Y","OVER $1,500","2026-04-16T02:02:00.000","DISREGARDING STOP SIGN","FAILING TO YIELD RIGHT-OF-WAY","2518","E","73RD ST","334",,,,,,,"3","NO INDICATION OF INJURY","0","0","0","0","0","3","0","1","5","4","41.7627878278","-87.5633987467","POINT (-87.563398746688 41.762787827767)"
"46ea518f2e11a7cb35a3af47503b0e9712237347e0a6d61a3d661fd1f75239b12bba6d5d8af0892a65fd7fb61ca52f51b2031b8562af4e05520089e6cf6710e9",,"2026-04-16T01:35:00.000","10","NO CONTROLS","NO CONTROLS","RAIN","DARKNESS","FIXED OBJECT","PARKING LOT",,"STRAIGHT AND LEVEL","WET","NO DEFECTS","NOT ON SCENE (DESK REPORT)","NO INJURY / DRIVE AWAY",,,,"$500 OR LESS","2026-04-16T02:15:00.000","UNABLE TO DETERMINE","UNABLE TO DETERMINE","8738","S","GENOA AVE","2223",,,,,,,"1","NO INDICATION OF INJURY","0","0","0","0","0","2","0","1","5","4","41.7347990906","-87.6446860001","POINT (-87.644686000131 41.734799090561)"
"53eb273dfdd1dfca2e2d4d4f18a6a223631252b05fbb41375ef8f52974b73ba1c6c127096585c64e8eeb5ad705f8ffee75f0b59ffe8392514da9950b47562f4c",,"2026-04-16T01:00:00.000","30","NO CONTROLS","NO CONTROLS","RAIN","UNKNOWN","HEAD ON","NOT DIVIDED",,"STRAIGHT ON GRADE","WET","UNKNOWN","NOT ON SCENE (DESK REPORT)","INJURY AND / OR TOW DUE TO CRASH",,,"N","OVER $1,500","2026-04-17T01:14:00.000","UNABLE TO DETERMINE","NOT APPLICABLE","6000","S","CALUMET AVE","311",,,,,,,"2","REPORTED, NOT EVIDENT","2","0","0","0","2","1","0","1","5","4","41.7855821087","-87.6175237846","POINT (-87.617523784643 41.785582108716)"
"9eac974afbef6de0595baa2dca1821a81975eaa362e5ac7e033f84a179959fbef52f2e9caace9275a305b20d8474a2a60f2f156690044968353890f505d67333",,"2026-04-16T01:00:00.000","30","NO CONTROLS","NO CONTROLS","CLEAR","DARKNESS","PARKED MOTOR VEHICLE","NOT DIVIDED",,"STRAIGHT AND LEVEL","DRY","NO DEFECTS","NOT ON SCENE (DESK REPORT)","NO INJURY / DRIVE AWAY",,,"Y","OVER $1,500","2026-04-16T18:05:00.000","FAILING TO REDUCE SPEED TO AVOID CRASH","FOLLOWING TOO CLOSELY","3054","S","LOOMIS ST","913",,,,,,,"2","NO INDICATION OF INJURY","0","0","0","0","0","1","0","1","5","4","41.838373187","-87.6549090097","POINT (-87.654909009747 41.838373186961)"
"c1c8ce187b4401be978da5d10a0c3ded61aab02ef6715a8615613c59547792dfd8383d32c66b5751ba9bb2347c5b481af9f3f008b827d31627595e39ba41152f",,"2026-04-16T00:40:00.000","30","NO CONTROLS","NO CONTROLS","RAIN","DARKNESS, LIGHTED ROAD","TURNING","FOUR WAY",,"STRAIGHT AND LEVEL","WET","NO DEFECTS","ON SCENE","INJURY AND / OR TOW DUE TO CRASH",,,,"OVER $1,500","2026-04-16T00:51:00.000","UNABLE TO DETERMINE","UNABLE TO DETERMINE","332","N","SACRAMENTO BLVD","1222",,,"N",,,,"4","REPORTED, NOT EVIDENT","3","0","0","0","3","0","0","0","5","4","41.8875214782","-87.7015342463","POINT (-87.701534246329 41.887521478216)"
"c1532129fda7a9c52534cd337c4a81356bd1574f1cb4fc7cd0377b752c191ef5d43efd8c9d70d90db985903d983643d5229d2ffcf730e29b8d83f481fc2cbb50",,"2026-04-16T00:37:00.000","30","TRAFFIC SIGNAL","FUNCTIONING PROPERLY","RAIN","DARKNESS, LIGHTED ROAD","PEDESTRIAN","NOT DIVIDED",,"STRAIGHT AND LEVEL","WET","NO DEFECTS","ON SCENE","INJURY AND / OR TOW DUE TO CRASH","Y",,,"$500 OR LESS","2026-04-16T00:39:00.000","NOT APPLICABLE","NOT APPLICABLE","5654","N","NAGLE AVE","1612",,,,,,,"2","NONINCAPACITATING INJURY","1","0","0","1","0","1","0","0","5","4","41.9846882066","-87.787851056","POINT (-87.787851056034 41.984688206561)"
"f3e652eedcbec7c9ac629ded936799557b6ddf113fd2b28e02a74e3cb0564cb28906696ba3bea28c2c5a7bd95d25f4e4c7c2b03b0a7e985cca10f59c93775a0b",,"2026-04-16T00:29:00.000","30","TRAFFIC SIGNAL","FUNCTIONING PROPERLY","RAIN","DARKNESS, LIGHTED ROAD","SIDESWIPE SAME DIRECTION","FOUR WAY",,"STRAIGHT AND LEVEL","WET","NO DEFECTS","NOT ON SCENE (DESK REPORT)","INJURY AND / OR TOW DUE TO CRASH",,,"Y","OVER $1,500","2026-04-16T00:29:00.000","UNABLE TO DETERMINE","UNABLE TO DETERMINE","6499","S","COTTAGE GROVE AVE","312",,,,,,,"2","NO INDICATION OF INJURY","0","0","0","0","0","2","0","0","5","4","41.7768705434","-87.6057050177","POINT (-87.605705017705 41.77687054339)"
"9e6aada37bd17352025e749cde53ea431de2dcba451c94879365117ed8604f8a331badd1473c2b5837c078e7b8ce7f237ed193051566d6dc35496d1d05fc2f16",,"2026-04-16T00:27:00.000","30","NO CONTROLS","NO CONTROLS","RAIN","DARKNESS, LIGHTED ROAD","PARKED MOTOR VEHICLE","ONE-WAY",,"STRAIGHT AND LEVEL","WET","UNKNOWN","ON SCENE","NO INJURY / DRIVE AWAY",,,,"$501 - $1,500","2026-04-16T00:27:00.000","IMPROPER BACKING","NOT APPLICABLE","2746","W","SUMMERDALE AVE","2011",,,,,,,"2","NO INDICATION OF INJURY","0","0","0","0","0","1","0","0","5","4","41.9786717408","-87.6984372285","POINT (-87.698437228502 41.978671740755)"
"6478f44f82c943046006b58dee371aa355e5de9a231f202509969945e24871dd7dac4e0f4dde1e768c7070f62ed5d00a9090d81dcb7db4284df11b58c68abec4",,"2026-04-16T00:26:00.000","30","TRAFFIC SIGNAL","FUNCTIONING PROPERLY","RAIN","DARKNESS, LIGHTED ROAD","REAR END","FOUR WAY",,"STRAIGHT AND LEVEL","WET","UNKNOWN","NOT ON SCENE (DESK REPORT)","NO INJURY / DRIVE AWAY",,,"Y","$500 OR LESS","2026-04-16T02:15:00.000","UNABLE TO DETERMINE","UNABLE TO DETERMINE","607","S","STATE ST","123",,,,,,,"2","NO INDICATION OF INJURY","0","0","0","0","0","2","0","0","5","4","41.8743819374","-87.6274603401","POINT (-87.6274603401 41.874381937443)"
"9d92142ad8d8b2736783186eb000afb1ee085e529bca9c55beac14eb1bd8126054591664a43bc6c1f0b2e05b3a5421e2b687e9ab76b73331169ba9e6a2058575",,"2026-04-15T23:45:00.000","30","NO CONTROLS","NO CONTROLS","RAIN","DARKNESS, LIGHTED ROAD","PARKED MOTOR VEHICLE","DIVIDED - W/MEDIAN BARRIER",,"STRAIGHT AND LEVEL","DRY","UNKNOWN","ON SCENE","INJURY AND / OR TOW DUE TO CRASH",,,,"OVER $1,500","2026-04-15T23:45:00.000","DISTRACTION - FROM INSIDE VEHICLE","DRIVING SKILLS/KNOWLEDGE/EXPERIENCE","1626","W","IRVING PARK RD","1912",,,,,,,"2","NO INDICATION OF INJURY","0","0","0","0","0","1","0","23","4","4","41.9543847379","-87.6701406328","POINT (-87.67014063283 41.954384737854)"
"b86bcb61ec8b5f35c55d90c656338103406ed475b47f8c79a220d5278436a426f3e6ac80abfcc22ae5e961f75322936bf3c494e0b760e618cefadf720a4ba823",,"2026-04-15T23:45:00.000","35","STOP SIGN/FLASHER","FUNCTIONING PROPERLY","RAIN","DARKNESS","REAR END","T-INTERSECTION",,"STRAIGHT AND LEVEL","WET","NO DEFECTS","ON SCENE","INJURY AND / OR TOW DUE TO CRASH",,,"Y","OVER $1,500","2026-04-16T00:13:00.000","FAILING TO REDUCE SPEED TO AVOID CRASH","DISREGARDING STOP SIGN","4500","W","HARRISON ST","1131",,,,,,,"2","NONINCAPACITATING INJURY","2","0","0","2","0","1","0","23","4","4","41.8733970866","-87.7377801953","POINT (-87.737780195319 41.873397086576)"
"dff508223e63657ca8d84209b92473418c014ad779bc13a64c841d88ec8ae5b30dddc919ca12156aedf28bf703e31601838f77111a5121166a788ec58a965501",,"2026-04-15T23:01:00.000","30","UNKNOWN","UNKNOWN","UNKNOWN","UNKNOWN","PARKED MOTOR VEHICLE","ONE-WAY",,"STRAIGHT AND LEVEL","UNKNOWN","UNKNOWN","ON SCENE","INJURY AND / OR TOW DUE TO CRASH",,,,"OVER $1,500","2026-04-16T00:33:00.000","EQUIPMENT - VEHICLE CONDITION","UNABLE TO DETERMINE","7826","S","HERMITAGE AVE","611",,,,,,,"2","NO INDICATION OF INJURY","0","0","0","0","0","1","0","23","4","4","41.7513011316","-87.6672502605","POINT (-87.667250260546 41.751301131627)"
"19819183701f5e6e030f5ef0011dca527b4b841aae7a888d1c4ab63a9c356eb8eba8de15a719c72f0f7f607c8878ec97cbe90bfbea0605f97edca770e490286d",,"2026-04-15T23:00:00.000","30","STOP SIGN/FLASHER","FUNCTIONING PROPERLY","RAIN","DARKNESS, LIGHTED ROAD","TURNING","DIVIDED - W/MEDIAN (NOT RAISED)",,"STRAIGHT AND LEVEL","WET","UNKNOWN","NOT ON SCENE (DESK REPORT)","INJURY AND / OR TOW DUE TO CRASH",,,,"OVER $1,500","2026-04-15T23:00:00.000","IMPROPER TURNING/NO SIGNAL","IMPROPER TURNING/NO SIGNAL","13035","S","DOTY AVE E","434",,,,,,,"2","NO INDICATION OF INJURY","0","0","0","0","0","6","0","23","4","4","41.6602442218","-87.5838348062","POINT (-87.583834806185 41.660244221804)"
"fdf85fad37b02767a4ef2070349ca35513bf04d1565911c06714495f59d32e38138e9d2d3583ac86106aa1d74be26cb9c15cf4d05dd4e2eb20cba044d5e6f276",,"2026-04-15T22:55:00.000","30","TRAFFIC SIGNAL","FUNCTIONING PROPERLY","RAIN","DARKNESS, LIGHTED ROAD","PEDESTRIAN","FOUR WAY",,"STRAIGHT AND LEVEL","WET","NO DEFECTS","ON SCENE","INJURY AND / OR TOW DUE TO CRASH","Y",,,"$500 OR LESS","2026-04-15T22:57:00.000","WEATHER","UNABLE TO DETERMINE","1059","W","WILSON AVE","1914",,,,,,,"3","NONINCAPACITATING INJURY","2","0","0","2","0","1","0","22","4","4","41.9652923755","-87.6573111904","POINT (-87.657311190382 41.965292375535)"
"e38a45dab49b0eb8d8fab734e7463ac21ddeb773274668ee9896020b07ddd7dafca89540e161ef0de55d809faf1d4556304fe6d9014f39de411d02910b00dd14",,"2026-04-15T22:15:00.000","30","TRAFFIC SIGNAL","FUNCTIONING PROPERLY","CLEAR","DARKNESS, LIGHTED ROAD","REAR END","DIVIDED - W/MEDIAN (NOT RAISED)",,"STRAIGHT AND LEVEL","DRY","NO DEFECTS","NOT ON SCENE (DESK REPORT)","INJURY AND / OR TOW DUE TO CRASH",,,,"$501 - $1,500","2026-04-15T22:35:00.000","UNABLE TO DETERMINE","FOLLOWING TOO CLOSELY","1400","S","STATE ST","131",,,,,,,"2","REPORTED, NOT EVIDENT","1","0","0","0","1","1","0","22","4","4","41.8639678813","-87.6274877399","POINT (-87.627487739919 41.86396788126)"
"d4108ab4a3d52db5580e9cf1c33274d8c5e0aae58607021e64fa8ffe7d65f3b51ba53155ac79eae6bb63c800fbbc44067f57149a3ea4d8e3e971698ae7ec929e",,"2026-04-15T22:00:00.000","30","UNKNOWN","UNKNOWN","CLEAR","DARKNESS, LIGHTED ROAD","REAR END","FOUR WAY",,"STRAIGHT AND LEVEL","UNKNOWN","UNKNOWN","NOT ON SCENE (DESK REPORT)","INJURY AND / OR TOW DUE TO CRASH",,,"Y","OVER $1,500","2026-04-15T22:30:00.000","UNABLE TO DETERMINE","NOT APPLICABLE","2201","S","LEAVITT ST","1034",,,,,,,"2","NO INDICATION OF INJURY","0","0","0","0","0","2","0","22","4","4","41.8520554179","-87.6805952958","POINT (-87.68059529577 41.852055417946)"
"ea1bf1f146871dbca2630e7cc3738a3c8c48849d30998c5e664b846f7333b98b4a12b0de968c851aebd6dd9481586dc4247afbdda2f870709cad8364f06be09f","N","2026-04-15T22:00:00.000","30","NO CONTROLS","NO CONTROLS","RAIN","DARKNESS, LIGHTED ROAD","PEDESTRIAN","NOT DIVIDED",,"STRAIGHT AND LEVEL","WET","NO DEFECTS","ON SCENE","INJURY AND / OR TOW DUE TO CRASH",,,"Y","OVER $1,500","2026-04-15T23:09:00.000","FAILING TO YIELD RIGHT-OF-WAY","UNABLE TO DETERMINE","3924","W","26TH ST","1013",,,,,,,"2","NONINCAPACITATING INJURY","1","0","0","1","0","1","0","22","4","4","41.8443799977","-87.7232737958","POINT (-87.72327379577 41.844379997698)"
"5277c4975de6235e10d298366a105d3f042d33535ef4624e81cc9d8974592ffbe5c5f9c0313aa699222296bda28f94d94b91c53bb4efb5a9852b53ef0573af29",,"2026-04-15T21:55:00.000","30","NO CONTROLS","NO CONTROLS","CLEAR","DARKNESS, LIGHTED ROAD","TURNING","ONE-WAY",,"STRAIGHT AND LEVEL","DRY","NO DEFECTS","ON SCENE","INJURY AND / OR TOW DUE TO CRASH",,,"Y","$501 - $1,500","2026-04-15T22:03:00.000","FOLLOWING TOO CLOSELY","DRIVING SKILLS/KNOWLEDGE/EXPERIENCE","2650","W","26TH ST","1034",,,,,,,"2","REPORTED, NOT EVIDENT","1","0","0","0","1","1","0","21","4","4","41.8448388567","-87.6923473838","POINT (-87.692347383823 41.84483885674)"