"crash_record_id","crash_date_est_i","crash_date","posted_speed_limit","traffic_control_device","device_condition","weather_condition","lighting_condition","first_crash_type","trafficway_type","lane_cnt","alignment","roadway_surface_cond","road_defect","report_type","crash_type","intersection_related_i","private_property_i","hit_and_run_i","damage","date_police_notified","prim_contributory_cause","sec_contributory_cause","street_no","street_direction","street_name","beat_of_occurrence","photos_taken_i","statements_taken_i","dooring_i","work_zone_i","work_zone_type","workers_present_i","num_units","most_severe_injury","injuries_total","injuries_fatal","injuries_incapacitating","injuries_non_incapacitating","injuries_reported_not_evident","injuries_no_indication","injuries_unknown","crash_hour","crash_day_of_week","crash_month","latitude","longitude","location"
"48eb7ccb26a9505df98c91d243b3ad9a8e02d5ebc721d04441857e26d5c00d99af4c0f18585cba861ea80461c86e4d50ab8569dca444c35ca99045be1a01f2df",,"2026-04-15T21:45:00.000","30","NO CONTROLS","NO CONTROLS","CLEAR","DARKNESS, LIGHTED ROAD","TURNING","NOT DIVIDED",,"STRAIGHT AND LEVEL","DRY","NO DEFECTS","ON SCENE","INJURY AND / OR TOW DUE TO CRASH",,,,"OVER $1,500","2026-04-15T21:45:00.000","IMPROPER TURNING/NO SIGNAL","NOT APPLICABLE","10902","S","HALSTED ST","2233","N","N",,,,,"2","NO INDICATION OF INJURY","0","0","0","0","0","3","0","21","4","4","41.6958475702","-87.6426337178","POINT (-87.642633717837 41.695847570231)"
"df774d471c25a15803d77ef07b591113f229e73311a81d9830d11d23f1f1725e0eb33d0d3bf7eb8ce50591151e37f58cd260aa573f407a2cb0ff15460c48b334",,"2026-04-15T21:39:00.000","30","TRAFFIC SIGNAL","FUNCTIONING PROPERLY","CLEAR","DARKNESS, LIGHTED ROAD","TURNING","CENTER TURN LANE",,"STRAIGHT ON GRADE","DRY","NO DEFECTS","ON SCENE","INJURY AND / OR TOW DUE TO CRASH",,,"Y","OVER $1,500","2026-04-15T21:52:00.000","UNABLE TO DETERMINE","NOT APPLICABLE","750","S","CENTRAL AVE","1513",,,,,,,"2","NONINCAPACITATING INJURY","1","0","0","1","0","2","0","21","4","4","41.87038861","-87.7645962034","POINT (-87.764596203359 41.870388610011)"
"037c013f53078a6d9159a7f3787d31a5fc4da604daf8d885f5a3b81beb5f4f95a30ecc28bdd5cc16fe7ff9a579e8509733d9ae7de4cc03d5bdd64c387ed709b8",,"2026-04-15T21:30:00.000","20","STOP SIGN/FLASHER","FUNCTIONING PROPERLY","CLEAR","DARKNESS, LIGHTED ROAD","TURNING","FOUR WAY",,"STRAIGHT AND LEVEL","DRY","NO DEFECTS","NOT ON SCENE (DESK REPORT)","NO INJURY / DRIVE AWAY",,,,"OVER $1,500","2026-04-15T22:08:00.000","DRIVING SKILLS/KNOWLEDGE/EXPERIENCE","FAILING TO REDUCE SPEED TO AVOID CRASH","3900","W","60TH ST","822",,,,,,,"2","NO INDICATION OF INJURY","0","0","0","0","0","2","0","21","4","4","41.7842603142","-87.7205844073","POINT (-87.720584407347 41.784260314206)"
"2901509beca95d50e700fbb73ddd8f3dcb90cc2d4ff263036437754fd34b2b3780a7efe1d36a5166796a067769adfa1c92fb3fbf67c6e13579183f785da9414a",,"2026-04-15T21:16:00.000","30","NO CONTROLS","NO CONTROLS","CLEAR","DARKNESS, LIGHTED ROAD","PARKED MOTOR VEHICLE","OTHER",,"STRAIGHT AND LEVEL","DRY","UNKNOWN","ON SCENE","INJURY AND / OR TOW DUE TO CRASH",,,,"OVER $1,500","2026-04-15T21:20:00.000","NOT APPLICABLE","NOT APPLICABLE","8743","S","UNION AVE","2223",,,,,,,"3","NO INDICATION OF INJURY","0","0","0","0","0","1","0","21","4","4","41.7346310224","-87.6409975323","POINT (-87.640997532272 41.734631022399)"
"f6779b1be392ff7a75e2de35c91daa05dd056c23f0bbcccf1a8865651c5b54f8e77e2a1a84d2327ba1b939a31bf91047d690a9da35c75a99d8bd744091a7b551",,"2026-04-15T21:16:00.000","30","TRAFFIC SIGNAL","UNKNOWN","UNKNOWN","DARKNESS, LIGHTED ROAD","REAR END","NOT DIVIDED",,"STRAIGHT AND LEVEL","UNKNOWN","UNKNOWN","NOT ON SCENE (DESK REPORT)","INJURY AND / OR TOW DUE TO CRASH",,,,"OVER $1,500","2026-04-15T21:50:00.000","UNABLE TO DETERMINE","NOT APPLICABLE","2816","N","HALSTED ST","1933",,,,,,,"2","REPORTED, NOT EVIDENT","1","0","0","0","1","1","0","21","4","4","41.9332620738","-87.6491783402","POINT (-87.64917834018 41.933262073773)"
"1c237bc6f992c0d7c0734750844f98719799cc71b124a64ef3a35b7e27332bb5b049640741d4c9331936f0900daca0c0b3c02539b6aea0e5c36c07ff75e79723",,"2026-04-15T21:08:00.000","15","NO CONTROLS","NO CONTROLS","UNKNOWN","UNKNOWN","PARKED MOTOR VEHICLE","PARKING LOT",,"STRAIGHT AND LEVEL","UNKNOWN","UNKNOWN","NOT ON SCENE (DESK REPORT)","NO INJURY / DRIVE AWAY",,"Y",,"OVER $1,500","2026-04-16T00:31:00.000","NOT APPLICABLE","NOT APPLICABLE","2650","N","LAKEVIEW AVE","1935",,,,,,,"2","NO INDICATION OF INJURY","0","0","0","0","0","1","0","21","4","4","41.9310689939","-87.6394628486","POINT (-87.639462848619 41.931068993945)"
"53642716d47847170c8662880989515f66066067f6f8f4b7cba0e3cf5981d4a0266f7fd101267574e48b6955f7db038bdcf19b82bb7a6d1f093c50d463c824af",,"2026-04-15T21:00:00.000","30","NO CONTROLS","NO CONTROLS","UNKNOWN","DARKNESS, LIGHTED ROAD","PARKED MOTOR VEHICLE","NOT DIVIDED",,"STRAIGHT AND LEVEL","WET","NO DEFECTS","NOT ON SCENE (DESK REPORT)","INJURY AND / OR TOW DUE TO CRASH",,,"Y","OVER $1,500","2026-04-16T09:45:00.000","UNABLE TO DETERMINE","NOT APPLICABLE","320","W","110TH PL","513",,,,,,,"2","NO INDICATION OF INJURY","0","0","0","0","0","1","0","21","4","4","41.6935080415","-87.6311216777","POINT (-87.631121677693 41.693508041475)"
"a5d97953eff7ec2ebcb8686bea06d6b3889ec4b2760f357a9d91d5ee68f70f612e23d494a11b6a107ad49dc00c294bae80a37e8ce1b441c153e33a995b5f3dd9",,"2026-04-15T21:00:00.000","30","NO CONTROLS","NO CONTROLS","CLEAR","DARKNESS, LIGHTED ROAD","PARKED MOTOR VEHICLE","DIVIDED - W/MEDIAN (NOT RAISED)",,"STRAIGHT AND LEVEL","DRY","UNKNOWN","ON SCENE","INJURY AND / OR TOW DUE TO CRASH",,,,"OVER $1,500","2026-04-15T21:01:00.000","UNABLE TO DETERMINE","UNABLE TO DETERMINE","9338","S","COLFAX AVE","423",,,,,,,"3","NO INDICATION OF INJURY","0","0","0","0","0","1","0","21","4","4","41.7251413852","-87.5609304446","POINT (-87.560930444601 41.725141385168)"
"b2944da4e4d912f54d7d168ac9483c7c3bcfd276978dac6ff01f87ac8f305ff5f4edf14e7e49e82c689080e13b124791dd2c91ee503276b948a0fe212535f5f9",,"2026-04-15T21:00:00.000","30","UNKNOWN","UNKNOWN","UNKNOWN","UNKNOWN","REAR END","NOT DIVIDED",,"STRAIGHT AND LEVEL","UNKNOWN","UNKNOWN","NOT ON SCENE (DESK REPORT)","NO INJURY / DRIVE AWAY",,,,"OVER $1,500","2026-04-16T10:38:00.000","UNABLE TO DETERMINE","UNABLE TO DETERMINE","1701","E","83RD ST","412",,,,,,,"2","NO INDICATION OF INJURY","0","0","0","0","0","2","0","21","4","4","41.7441308856","-87.5828486877","POINT (-87.58284868766 41.744130885621)"
"f475c7c8d9fa6b29f131cb81f8834f2c8bcd7427468b3108dbb7a0315ada69b02046027dff740f55021c0bc99a6e80ce524849d207249fe007d89fa81c69b46e",,"2026-04-15T20:43:00.000","30","TRAFFIC SIGNAL","NO CONTROLS","CLEAR","DARKNESS, LIGHTED ROAD","PEDESTRIAN","DIVIDED - W/MEDIAN (NOT RAISED)",,"STRAIGHT AND LEVEL","DRY","NO DEFECTS","ON SCENE","INJURY AND / OR TOW DUE TO CRASH",,,"Y","$500 OR LESS","2026-04-15T20:43:00.000","DISREGARDING TRAFFIC SIGNALS","DISREGARDING TRAFFIC SIGNALS","8700","S","STONY ISLAND AVE","412",,,,,,,"2","NONINCAPACITATING INJURY","1","0","0","1","0","1","0","20","4","4","41.7368226302","-87.5857834203","POINT (-87.585783420329 41.736822630157)"
"b7ed5eafb6071196a5c7e144161838b96e0bec61f9b434913579f72516427898bab21ca56d4eef5516c41047285ca22c07f8608bedd83a656ddf1523c332e15f",,"2026-04-15T20:40:00.000","30","NO CONTROLS","NO CONTROLS","CLOUDY/OVERCAST","DARKNESS, LIGHTED ROAD","REAR END","NOT DIVIDED",,"STRAIGHT AND LEVEL","DRY","NO DEFECTS",,"NO INJURY / DRIVE AWAY",,,,"OVER $1,500","2026-04-15T21:05:00.000","FOLLOWING TOO CLOSELY","FAILING TO REDUCE SPEED TO AVOID CRASH","2452","N","SHEFFIELD AVE","1932",,,,,,,"2","NO INDICATION OF INJURY","0","0","0","0","0","2","0","20","4","4","41.926956155","-87.6538091567","POINT (-87.653809156684 41.926956155012)"
"be3666c50ad1a90c4343f5ed3fd533d308f2b85a571ea2d98417a780c0e38bdf76c336f809162e0ef9d445b3c504e4ae6ed586784bb487c2ba2ba60c03c8655f",,"2026-04-15T20:30:00.000","20","NO CONTROLS","NO CONTROLS","OTHER","UNKNOWN","PARKED MOTOR VEHICLE","PARKING LOT",,"STRAIGHT AND LEVEL","DRY","NO DEFECTS","ON SCENE","NO INJURY / DRIVE AWAY",,"Y",,"OVER $1,500","2026-04-16T12:38:00.000","DRIVING SKILLS/KNOWLEDGE/EXPERIENCE","UNABLE TO DETERMINE","365","N","JEFFERSON ST","1214",,,,,,,"3","NO INDICATION OF INJURY","0","0","0","0","0","1","0","20","4","4","41.8884778776","-87.6427227369","POINT (-87.642722736941 41.888477877571)"
"98a409f3a85f0c6accc2aa55313cd06fe16ab600eb545b7f51389d558d0a2f07b5c27144280133458bd0a0f8dc08fa028f965609202821fe923858cdcec4e90c",,"2026-04-15T20:18:00.000","30","TRAFFIC SIGNAL","FUNCTIONING PROPERLY","CLEAR","DARKNESS, LIGHTED ROAD","REAR TO FRONT","NOT DIVIDED",,"STRAIGHT AND LEVEL","DRY","NO DEFECTS","NOT ON SCENE (DESK REPORT)","NO INJURY / DRIVE AWAY",,,,"OVER $1,500","2026-04-16T13:50:00.000","UNABLE TO DETERMINE","UNABLE TO DETERMINE","988","S","ASHLAND AVE","1231",,,,,,,"2","NO INDICATION OF INJURY","0","0","0","0","0","2","0","20","4","4","41.8693195024","-87.666609962","POINT (-87.666609961952 41.869319502409)"
"2f01ef90b2bebd86e3728e91ef3fa34db894fa7681dd4fce4356a61737d76d18a812cc0cc57f97ac41ab952c3dba29933a10e60a8e698e895d9d1c2309e1239d",,"2026-04-15T20:05:00.000","30","NO CONTROLS","NO CONTROLS","CLEAR","DARKNESS, LIGHTED ROAD","REAR END","NOT DIVIDED",,"STRAIGHT AND LEVEL","DRY","UNKNOWN","NOT ON SCENE (DESK REPORT)","NO INJURY / DRIVE AWAY",,,,"$501 - $1,500","2026-04-15T21:55:00.000","UNABLE TO DETERMINE","UNABLE TO DETERMINE","300","W","KINZIE ST","1831",,,,,,,"2","NO INDICATION OF INJURY","0","0","0","0","0","2","0","20","4","4","41.8892581895","-87.6355708424","POINT (-87.635570842423 41.889258189498)"
"765fe214506cb007dc6661fea793f643cf3ea85b542cf8d29f2bc18a84deeaa9dd8bad6cb53f24d60c2e62a8bb8871c4c5efc14038a0e3d6670d5ea48a4e83db",,"2026-04-15T20:05:00.000","30","TRAFFIC SIGNAL","FUNCTIONING PROPERLY","CLEAR","DARKNESS, LIGHTED ROAD","REAR END","NOT DIVIDED",,"STRAIGHT AND LEVEL","UNKNOWN","UNKNOWN","NOT ON SCENE (DESK REPORT)","NO INJURY / DRIVE AWAY","Y",,,"OVER $1,500","2026-04-15T20:30:00.000","UNABLE TO DETERMINE","UNABLE TO DETERMINE","8700","S","LAFAYETTE AVE","634",,,,,,,"2","NO INDICATION OF INJURY","0","0","0","0","0","2","0","20","4","4","41.7361651101","-87.625587569","POINT (-87.625587568999 41.736165110086)"
"af51d2a1b4c7b0565ac624eb8d4caa38659c106ce8f984eb572b0d59e5356dc3ccfd62daa9d9b91be41245b091a3622d83dd1e3c715b0733a4c332aad6a131cb",,"2026-04-15T20:05:00.000","30","NO CONTROLS","NO CONTROLS","CLEAR","DARKNESS, LIGHTED ROAD","PEDALCYCLIST","NOT DIVIDED",,"STRAIGHT AND LEVEL","DRY","NO DEFECTS","ON SCENE","INJURY AND / OR TOW DUE TO CRASH",,,,"OVER $1,500","2026-04-15T20:11:00.000","UNABLE TO DETERMINE","UNABLE TO DETERMINE","868","N","WELLS ST","1823",,,"Y",,,,"2","NONINCAPACITATING INJURY","1","0","0","1","0","2","0","20","4","4","41.8985899043","-87.6344236929","POINT (-87.634423692947 41.898589904335)"
"b791ae39f2605517fc6d26e7d984bd1f9e6180fc0e09dd358755f3d9d412c118ff9bf04b44c50662d651749aae358ed6449644ad77055812f5d24759925944c8",,"2026-04-15T20:01:00.000","30","NO CONTROLS","NO CONTROLS","CLEAR","DARKNESS, LIGHTED ROAD","PARKED MOTOR VEHICLE","NOT DIVIDED",,"STRAIGHT AND LEVEL","DRY","NO DEFECTS","ON SCENE","INJURY AND / OR TOW DUE TO CRASH",,,,"OVER $1,500","2026-04-15T20:01:00.000","DISTRACTION - FROM INSIDE VEHICLE","NOT APPLICABLE","5214","W","BLOOMINGDALE AVE","2532",,,,,,,"2","REPORTED, NOT EVIDENT","1","0","0","0","1","4","0","20","4","4","41.9132592686","-87.756453337","POINT (-87.75645333695 41.91325926862)"
"7c61a306fcb43e1cfe271d2b9a16060c2c0649fc066a8bf5e15c467125bbe3c6f2bda610e4c46d9c8fa31359b555e4b0ac40066cc2674430b7f8736baa8e2418",,"2026-04-15T20:00:00.000","30","NO CONTROLS","NO CONTROLS","CLEAR","DAWN","REAR END","NOT DIVIDED",,"STRAIGHT AND LEVEL","DRY","NO DEFECTS","NOT ON SCENE (DESK REPORT)","NO INJURY / DRIVE AWAY",,,"Y","OVER $1,500","2026-04-15T20:30:00.000","FOLLOWING TOO CLOSELY","UNABLE TO DETERMINE","2828","W","BELMONT AVE","1733",,,,,,,"2","NO INDICATION OF INJURY","0","0","0","0","0","2","0","20","4","4","41.9394968184","-87.6989812106","POINT (-87.698981210593 41.939496818406)"
"b9f163a72af56523d3a9d0034e85a46b1c288cafd31e7872ea1763e31bc6087af67998b8a93a980ed0d37126b62eaab987bc40db4d774821cd210cf8e266a0d4",,"2026-04-15T20:00:00.000","30","NO CONTROLS","NO CONTROLS","CLOUDY/OVERCAST","DARKNESS, LIGHTED ROAD","PARKED MOTOR VEHICLE","ONE-WAY",,"STRAIGHT AND LEVEL","DRY","NO DEFECTS","ON SCENE","INJURY AND / OR TOW DUE TO CRASH",,,"Y","OVER $1,500","2026-04-15T20:58:00.000","UNABLE TO DETERMINE","NOT APPLICABLE","824","N","KEELER AVE","1111",,,,,,,"3","NO INDICATION OF INJURY","0","0","0","0","0","1","0","20","4","4","41.8960489249","-87.7311829156","POINT (-87.731182915602 41.896048924947)"
"e36c2aa60215ad39c3f9cb83f8a4148c88288ea931d7969e508fb00d3c1dc2f86dd2d6db29d1418f06079b6e117711c5d1d8cd2b6f5179d789949c7901336953",,"2026-04-15T19:52:00.000","20","NO CONTROLS","NO CONTROLS","CLEAR","DARKNESS, LIGHTED ROAD","TURNING","NOT DIVIDED",,"STRAIGHT AND LEVEL","DRY","NO DEFECTS","ON SCENE","NO INJURY / DRIVE AWAY",,,"Y","$500 OR LESS","2026-04-15T19:58:00.000","IMPROPER OVERTAKING/PASSING","DRIVING SKILLS/KNOWLEDGE/EXPERIENCE","9510","S","JEFFERY AVE","431",,,,,,,"2","NO INDICATION OF INJURY","0","0","0","0","0","4","0","19","4","4","41.7220824768","-87.575493305","POINT (-87.575493304979 41.722082476841)"
"869a6cf3a1c3542aee1d56db4e55c629f07d3b21247446ab4ebe3598b0a06aff23b547609e492980132b153e3215d0145d171600e86bed193271fa94a7f15fd9",,"2026-04-15T19:32:00.000","20","TRAFFIC SIGNAL","FUNCTIONING PROPERLY","CLEAR","DAWN","REAR END","FOUR WAY",,"STRAIGHT AND LEVEL","DRY","NO DEFECTS","ON SCENE","INJURY AND / OR TOW DUE TO CRASH","Y",,,"OVER $1,500","2026-04-15T19:35:00.000","DISTRACTION - FROM INSIDE VEHICLE","UNABLE TO DETERMINE","10401","W","ZEMKE RD","1654",,,,,,,"2","NO INDICATION OF INJURY","0","0","0","0","0","3","0","19","4","4","41.9948031898","-87.884595299","POINT (-87.884595299043 41.994803189847)"
"c84a69dfc0bc01647f5de07a7f2b18461baff0b569d9f975059b893e1d6714a73eee4c1b895731a2179bb0df590baf6a893e619ffd9d4c825a2a23460b40237d",,"2026-04-15T19:15:00.000","30","NO CONTROLS","NO CONTROLS","CLEAR","DAYLIGHT","TURNING","NOT DIVIDED",,"STRAIGHT AND LEVEL","DRY","NO DEFECTS","ON SCENE","INJURY AND / OR TOW DUE TO CRASH","Y",,,"OVER $1,500","2026-04-15T19:33:00.000","FAILING TO YIELD RIGHT-OF-WAY","FAILING TO YIELD RIGHT-OF-WAY","3920","N","LINCOLN AVE","1922",,,,,,,"3","INCAPACITATING INJURY","2","0","1","0","1","0","0","19","4","4","41.9528729915","-87.6780285249","POINT (-87.678028524895 41.952872991516)"
"f1249b2e80feb4646dd593772ee33d2d92814898de8a07e2e1196814e65e3ba657d205c8da296a7e717cf0ea5d8e27cf1394fdbbb5ef8a3c547833301276d301","Y","2026-04-15T19:14:00.000","30","NO CONTROLS","NO CONTROLS","CLEAR","DAYLIGHT","FIXED OBJECT","DIVIDED - W/MEDIAN BARRIER",,"STRAIGHT AND LEVEL","DRY","NO DEFECTS","ON SCENE","NO INJURY / DRIVE AWAY","Y",,,"OVER $1,500","2026-04-15T19:16:00.000","IMPROPER LANE USAGE","NOT APPLICABLE","402","N","CENTRAL AVE","1512",,,,,,,"1","NO INDICATION OF INJURY","0","0","0","0","0","1","0","19","4","4","41.8878631596","-87.7652701605","POINT (-87.765270160538 41.887863159627)"
"6a84356a04b4576eee3a913b9d0997211165b31223347ec882f94ec58272ad69a8a53f56b236852ceeefc6b72b3da2d3b395ace80fb3f6b0a83ecc6586e07c82",,"2026-04-15T19:13:00.000","30","TRAFFIC SIGNAL","FUNCTIONING PROPERLY","UNKNOWN","UNKNOWN","REAR END","FOUR WAY",,"STRAIGHT AND LEVEL","UNKNOWN","UNKNOWN","NOT ON SCENE (DESK REPORT)","NO INJURY / DRIVE AWAY","Y",,"Y","$501 - $1,500","2026-04-16T09:20:00.000","UNABLE TO DETERMINE","NOT APPLICABLE","3326","W","BELMONT AVE","1733",,,,,,,"2","NO INDICATION OF INJURY","0","0","0","0","0","2","0","19","4","4","41.9394091651","-87.7111305607","POINT (-87.711130560712 41.939409165095)"
"4ccce6f21ed0471f15ee351fc53b02e93880d6d6fd60666c3c12c7fcc9c9001624ef2f9f3519110b37383ca9f3a53f267f510ffc7d28c293c10edba1734d2681",,"2026-04-15T19:01:00.000","10","NO CONTROLS","NO CONTROLS","UNKNOWN","UNKNOWN","REAR TO REAR","PARKING LOT",,"STRAIGHT AND LEVEL","UNKNOWN","UNKNOWN","NOT ON SCENE (DESK REPORT)","NO INJURY / DRIVE AWAY",,,,"OVER $1,500","2026-04-15T19:31:00.000","UNABLE TO DETERMINE","NOT APPLICABLE","3644","S","ARCHER AVE","912",,,,,,,"2","NO INDICATION OF INJURY","0","0","0","0","0","2","0","19","4","4","41.8275838968","-87.6824544425","POINT (-87.682454442461 41.827583896764)"
"f53dba508eb050e3273e2b6388902e428e397087514143c5ad87bd9057013398e070c9f99ec7ac8dba414d84b39d199c4f75cba71985f59176bd58aea09c01d8",,"2026-04-15T19:00:00.000","30","NO CONTROLS","NO CONTROLS","CLEAR","DARKNESS, LIGHTED ROAD","PARKED MOTOR VEHICLE","ONE-WAY",,"STRAIGHT AND LEVEL","DRY","NO DEFECTS","NOT ON SCENE (DESK REPORT)","NO INJURY / DRIVE AWAY",,,,"OVER $1,500","2026-04-15T19:50:00.000","DRIVING SKILLS/KNOWLEDGE/EXPERIENCE","NOT APPLICABLE","7956","S","ABERDEEN ST","612",,,,,,,"2","NO INDICATION OF INJURY","0","0","0","0","0","1","0","19","4","4","41.7488562272","-87.6514156661","POINT (-87.6514156661 41.748856227214)"
"2b80cfac739ff7487629ee1b6d236dc0ac038ad76d10e5cd6f421cda2b05507e17a3912504df3896b2697c9458d933b2cbcc4d5eb114a14ff7e78559aecd7909",,"2026-04-15T18:58:00.000","25","NO CONTROLS","NO CONTROLS","CLEAR","DAYLIGHT","ANGLE","ONE-WAY",,"STRAIGHT AND LEVEL","DRY","NO DEFECTS","ON SCENE","NO INJURY / DRIVE AWAY","N",,,"OVER $1,500","2026-04-15T18:59:00.000","NOT APPLICABLE","NOT APPLICABLE","3118","W","64TH ST","823",,,,,,,"2","NO INDICATION OF INJURY","0","0","0","0","0","3","0","18","4","4","41.777279394","-87.7015366384","POINT (-87.701536638391 41.777279393996)"
"78effa75a8a8aca1c70f358e4fcb700a2a0de3cff2ae35e85f1a25f0a196f1f82b153113fa9191cdfe9a643ae1390fe72c5449ad9f071310cbbb89eba670a5bc",,"2026-04-15T18:45:00.000","25","NO CONTROLS","NO CONTROLS","CLEAR","DAYLIGHT","PARKED MOTOR VEHICLE","ONE-WAY",,"STRAIGHT AND LEVEL","DRY","NO DEFECTS","NOT ON SCENE (DESK REPORT)","NO INJURY / DRIVE AWAY",,,,"OVER $1,500","2026-04-16T14:55:00.000","UNABLE TO DETERMINE","UNABLE TO DETERMINE","2355","S","WHIPPLE ST","1033",,,,,,,"2","NO INDICATION OF INJURY","0","0","0","0","0","2","0","18","4","4","41.8484442127","-87.7013360957","POINT (-87.701336095679 41.848444212683)"
"28347e709aa6a8879917b0dd86b29b537584370f8b659a8c7dbde7890706cd7a4012a2538276b6343cee4ffeb45bae85685d7ad4255fea9d7ffb148cbed9c863",,"2026-04-15T18:30:00.000","30","TRAFFIC SIGNAL","FUNCTIONING PROPERLY","CLEAR","DAYLIGHT","REAR TO FRONT","DIVIDED - W/MEDIAN (NOT RAISED)",,"STRAIGHT AND LEVEL","DRY","NO DEFECTS","NOT ON SCENE (DESK REPORT)","NO INJURY / DRIVE AWAY","Y",,,"$501 - $1,500","2026-04-16T09:50:00.000","DRIVING SKILLS/KNOWLEDGE/EXPERIENCE","UNABLE TO DETERMINE","8029","W","FOREST PRESERVE AVE","1631",,,,,,,"2","NO INDICATION OF INJURY","0","0","0","0","0","2","0","18","4","4","41.9440091272","-87.8274819284","POINT (-87.827481928438 41.94400912718)"
"c8a637381bed031bd5793d17862795ac9377ead506b93e762299c8ef29587e2e62c0a80ba300dd6a6055a850bc9e00d5d9c9ba3930be19aa14ba396ba247e9bb",,"2026-04-15T18:30:00.000","30","NO CONTROLS","NO CONTROLS","CLEAR","DAYLIGHT","SIDESWIPE SAME DIRECTION","ONE-WAY",,"STRAIGHT AND LEVEL","DRY","NO DEFECTS","ON SCENE","NO INJURY / DRIVE AWAY",,,,"OVER $1,500","2026-04-15T18:32:00.000","FAILING TO YIELD RIGHT-OF-WAY","NOT APPLICABLE","3207","W","BERWYN AVE","1712",,,,,,,"2","NO INDICATION OF INJURY","0","0","0","0","0","3","0","18","4","4","41.9774683414","-87.7090396559","POINT (-87.709039655918 41.977468341433)"
"da0e0f3e723185c14f721cb54e6b6c063f2c38b466a37d5a08d7d9d685391998f5d27cdff74ac762dd7a73deab550021a0816dfd7b7a8b3f7c3469f524ba26fb",,"2026-04-15T18:22:00.000","25","STOP SIGN/FLASHER","FUNCTIONING PROPERLY","CLEAR","DAYLIGHT","PEDALCYCLIST","FOUR WAY",,"STRAIGHT AND LEVEL","DRY","NO DEFECTS","ON SCENE","INJURY AND / OR TOW DUE TO CRASH","Y",,,"$500 OR LESS","2026-04-15T18:22:00.000","NOT APPLICABLE","NOT APPLICABLE","5100","N","LOCKWOOD AVE","1623",,,,,,,"2","INCAPACITATING INJURY","1","0","1","0","0","1","0","18","4","4","41.9734137831","-87.7603437146","POINT (-87.760343714563 41.97341378308)"
"a1ad7b22f1064735cc136bf7fe1cb36b5dc0c89733df4230ae91767d8a05be41746c4af321f7e44e5e91c2051bc877296d6719aca636d06b3531cd1a0f185958",,"2026-04-15T18:21:00.000","35","NO CONTROLS","FUNCTIONING PROPERLY","CLEAR","DAYLIGHT","SIDESWIPE SAME DIRECTION","DIVIDED - W/MEDIAN (NOT RAISED)",,"STRAIGHT AND LEVEL","DRY","NO DEFECTS","ON SCENE","NO INJURY / DRIVE AWAY",,,,"$500 OR LESS","2026-04-15T18:28:00.000","FAILING TO YIELD RIGHT-OF-WAY","IMPROPER LANE USAGE","7401","N","WESTERN AVE","2411",,,,,,,"2","NO INDICATION OF INJURY","0","0","0","0","0","2","0","18","4","4","42.015675848","-87.6900689645","POINT (-87.690068964544 42.015675847992)"
"806f15eff53ee8f305917917e58aadf55263f00b7288e7ce7db4c402fda82a19d0c4aeb06643d071251b22edce5d361f79ec94d1c8ba665a5372bfa876db9d04",,"2026-04-15T18:20:00.000","35","NO CONTROLS","NO CONTROLS","CLEAR","DAYLIGHT","TURNING","NOT DIVIDED",,"STRAIGHT AND LEVEL","DRY","NO DEFECTS","NOT ON SCENE (DESK REPORT)","NO INJURY / DRIVE AWAY",,,,"OVER $1,500","2026-04-15T19:05:00.000","VISION OBSCURED (SIGNS, TREE LIMBS, BUILDINGS, ETC.)","NOT APPLICABLE","3443","S","WALLACE ST","915",,,,,,,"2","NO INDICATION OF INJURY","0","0","0","0","0","2","0","18","4","4","41.8313346048","-87.6410992444","POINT (-87.641099244396 41.831334604819)"
"fb881f04882b366fecad9cb057f70b734cb74c2a6aa03cdb6dd0f3787f960dbc76bc716414ca11bfe86d5eea7b157cb6c122175c7dd8e8531fbc10aa4c14c3e3",,"2026-04-15T18:18:00.000","30","TRAFFIC SIGNAL","FUNCTIONING PROPERLY","CLEAR","DAYLIGHT","SIDESWIPE SAME DIRECTION","NOT DIVIDED",,"STRAIGHT AND LEVEL","DRY","NO DEFECTS","NOT ON SCENE (DESK REPORT)","NO INJURY / DRIVE AWAY",,,,"OVER $1,500","2026-04-15T20:20:00.000","IMPROPER OVERTAKING/PASSING","NOT APPLICABLE","5520","S","NARRAGANSETT AVE","811",,,,,,,"2","NO INDICATION OF INJURY","0","0","0","0","0","2","0","18","4","4","41.7916834482","-87.7819292153","POINT (-87.781929215257 41.791683448249)"
"e2d49cb97dd55f8709a39cab7e66b9fa4fbea672508d87594a4a4171ebd39f7a5c486fab0736aa54f3271a567e6131ab3ea7e58a628dbd88d413fb2e0fb3e166",,"2026-04-15T18:15:00.000","30","TRAFFIC SIGNAL","FUNCTIONING PROPERLY","CLEAR","DUSK","PARKED MOTOR VEHICLE","NOT DIVIDED",,"STRAIGHT AND LEVEL","DRY","NO DEFECTS","ON SCENE","NO INJURY / DRIVE AWAY",,,,"OVER $1,500","2026-04-15T18:24:00.000","RELATED TO BUS STOP","DRIVING SKILLS/KNOWLEDGE/EXPERIENCE","1601","W","63RD ST","725",,,,,,,"2","NO INDICATION OF INJURY","0","0","0","0","0","1","0","18","4","4","41.7793515528","-87.6642712632","POINT (-87.664271263155 41.779351552818)"
"ca93b5ca63f719db3252a29ca6dda826f69449815c6f380c7beda96fe1632fb90019babbbc3c5dbe8f3df5e4894eae192efa9af085624eec35a778c1aefae534",,"2026-04-15T18:10:00.000","20","NO CONTROLS","NO CONTROLS","CLEAR","DAYLIGHT","SIDESWIPE SAME DIRECTION","ONE-WAY",,"STRAIGHT AND LEVEL","DRY","NO DEFECTS","NOT ON SCENE (DESK REPORT)","NO INJURY / DRIVE AWAY",,,,"$501 - $1,500","2026-04-15T19:32:00.000","UNABLE TO DETERMINE","NOT APPLICABLE","6410","N","CLAREMONT AVE","2412",,,,,,,"2","NO INDICATION OF INJURY","0","0","0","0","0","2","0","18","4","4","41.9981208875","-87.6888221333","POINT (-87.688822133269 41.998120887549)"