"crash_record_id","crash_date_est_i","crash_date","posted_speed_limit","traffic_control_device","device_condition","weather_condition","lighting_condition","first_crash_type","trafficway_type","lane_cnt","alignment","roadway_surface_cond","road_defect","report_type","crash_type","intersection_related_i","private_property_i","hit_and_run_i","damage","date_police_notified","prim_contributory_cause","sec_contributory_cause","street_no","street_direction","street_name","beat_of_occurrence","photos_taken_i","statements_taken_i","dooring_i","work_zone_i","work_zone_type","workers_present_i","num_units","most_severe_injury","injuries_total","injuries_fatal","injuries_incapacitating","injuries_non_incapacitating","injuries_reported_not_evident","injuries_no_indication","injuries_unknown","crash_hour","crash_day_of_week","crash_month","latitude","longitude","location"
"29cc26df702c838dd0a33de8e693114614a27b09bcc0670b41a2cbe1232cf03191780f73b39e6ce7859b0566158d0367c135843cfa5b21b3230e64bec7a19757",,"2026-04-15T18:05:00.000","15","NO CONTROLS","NO CONTROLS","CLEAR","DAYLIGHT","ANGLE","PARKING LOT",,"STRAIGHT AND LEVEL","DRY","NO DEFECTS","NOT ON SCENE (DESK REPORT)","NO INJURY / DRIVE AWAY",,,,"OVER $1,500","2026-04-16T15:42:00.000","UNABLE TO DETERMINE","UNABLE TO DETERMINE","2500","W","BRADLEY PL","1921",,,,,,,"2","NO INDICATION OF INJURY","0","0","0","0","0","3","0","18","4","4","41.949575803","-87.6908923675","POINT (-87.690892367522 41.949575803019)"
"489510e5daa78596ca077a45afed949d7bd4f37893858a57a569e6439d3455cceec0c1eb40bba18ce333492cfeffaab6b37b425bdd6ac6e5e99f40602637f3ac",,"2026-04-15T18:02:00.000","30","NO CONTROLS","NO CONTROLS","CLEAR","DAYLIGHT","REAR END","NOT DIVIDED",,"STRAIGHT AND LEVEL","DRY","NO DEFECTS","ON SCENE","INJURY AND / OR TOW DUE TO CRASH",,,"Y","OVER $1,500","2026-04-15T18:59:00.000","DRIVING SKILLS/KNOWLEDGE/EXPERIENCE","DRIVING SKILLS/KNOWLEDGE/EXPERIENCE","100","E","IDA B WELLS DR","114",,,,,,,"2","NONINCAPACITATING INJURY","2","0","0","1","1","1","0","18","4","4","41.8758350816","-87.6242128863","POINT (-87.624212886292 41.875835081627)"
"b79625d8e4f1c348f2cbeb6af50b21fcd7d573928365113d9fc497fa770d93c98262ac8fb3bb95af45d6c807429b3def359439bc0e02911d64102ec2248b3b1c",,"2026-04-15T18:02:00.000","25","NO CONTROLS","NO CONTROLS","CLEAR","DAYLIGHT","SIDESWIPE SAME DIRECTION","ONE-WAY",,"STRAIGHT AND LEVEL","DRY","UNKNOWN","NOT ON SCENE (DESK REPORT)","NO INJURY / DRIVE AWAY",,,,"$501 - $1,500","2026-04-15T18:45:00.000","UNABLE TO DETERMINE","UNABLE TO DETERMINE","6412","N","CLAREMONT AVE","2412",,,,,,,"2","NO INDICATION OF INJURY","0","0","0","0","0","2","0","18","4","4","41.9981772041","-87.6888232496","POINT (-87.688823249582 41.998177204078)"
"04cff4e5abe4f77a50d48e2ff6295c5dbc215f284ccc38913a8351eb0d9540344ca5147d271e52d00bea72b4dbfdabc9b9a05afbcb10a02e0f2c165a8f5708ec",,"2026-04-15T18:00:00.000","30","TRAFFIC SIGNAL","FUNCTIONING PROPERLY","CLEAR","DAYLIGHT","ANGLE","DIVIDED - W/MEDIAN (NOT RAISED)",,"STRAIGHT AND LEVEL","DRY","UNKNOWN","NOT ON SCENE (DESK REPORT)","NO INJURY / DRIVE AWAY","Y",,,"OVER $1,500","2026-04-15T18:20:00.000","DISREGARDING TRAFFIC SIGNALS","UNABLE TO DETERMINE","3600","W","31ST ST","1032",,,,,,,"2","NO INDICATION OF INJURY","0","0","0","0","0","2","0","18","4","4","41.8371648015","-87.7146578767","POINT (-87.714657876743 41.837164801519)"
"f9dc7c4e4b81ed92e100f824bcf5bd9ddfbca54a6aaee5077f7fd4f3095fe30b9abb4630c432f10ffa9448b2a77b95af05ac9c985e9afb475d1b0d0580bdf1fb",,"2026-04-15T18:00:00.000","30","NO CONTROLS","NO CONTROLS","UNKNOWN","UNKNOWN","PARKED MOTOR VEHICLE","NOT DIVIDED",,"STRAIGHT AND LEVEL","UNKNOWN","UNKNOWN","NOT ON SCENE (DESK REPORT)","NO INJURY / DRIVE AWAY",,,,"OVER $1,500","2026-04-16T13:00:00.000","UNABLE TO DETERMINE","NOT APPLICABLE","2274","N","CLYBOURN AVE","1811",,,,,,,"2","NO INDICATION OF INJURY","0","0","0","0","0","1","0","18","4","4","41.9231449661","-87.6667434774","POINT (-87.666743477365 41.923144966146)"
"c099035b3c1053fbf5d808f105e20fefc077602f8fc45f83d3f279e807539f2c07abe0f54c3a2b21ab4d44f7c2bfbb775c9a45a3bff2927e42eb798814651910",,"2026-04-15T17:52:00.000","30","TRAFFIC SIGNAL","FUNCTIONING PROPERLY","CLEAR","DAYLIGHT","REAR END","DIVIDED - W/MEDIAN BARRIER",,"STRAIGHT AND LEVEL","DRY","NO DEFECTS","NOT ON SCENE (DESK REPORT)","NO INJURY / DRIVE AWAY",,,"Y","$501 - $1,500","2026-04-15T22:10:00.000","FOLLOWING TOO CLOSELY","UNABLE TO DETERMINE","803","S","WESTERN AVE","1225",,,,,,,"2","NO INDICATION OF INJURY","0","0","0","0","0","2","0","17","4","4","41.871170946","-87.6860181187","POINT (-87.68601811869 41.871170946021)"
"f9cb863d4f487c663a4d66ae6ab6eeb22da32dd1be4e56804ca4acd6ba115f312abecfc605ba24356a51323db9145477c27957a28acadab70d91563991bf3790",,"2026-04-15T17:52:00.000","25","TRAFFIC SIGNAL","NO CONTROLS","CLEAR","DAYLIGHT","REAR END","TRAFFIC ROUTE",,"STRAIGHT AND LEVEL","DRY","NO DEFECTS","ON SCENE","INJURY AND / OR TOW DUE TO CRASH",,,,"OVER $1,500","2026-04-15T17:52:00.000","DRIVING SKILLS/KNOWLEDGE/EXPERIENCE","NOT APPLICABLE","6510","S","COTTAGE GROVE AVE","321",,,,,,,"2","NO INDICATION OF INJURY","0","0","0","0","0","4","0","17","4","4","41.7764026063","-87.6059863525","POINT (-87.605986352454 41.776402606299)"
"2411c56a44ec87184c285b464c588a9904b994856d7627a5b6b0db3d069b53e68fb3864bc0c0c44daad3fbbabfd22f7b18c4400f6e67d8be94c23e5b26bf85b7",,"2026-04-15T17:43:00.000","30","TRAFFIC SIGNAL","FUNCTIONING PROPERLY","CLEAR","DAYLIGHT","ANGLE","T-INTERSECTION",,"STRAIGHT AND LEVEL","DRY","NO DEFECTS","ON SCENE","INJURY AND / OR TOW DUE TO CRASH","Y",,,"OVER $1,500","2026-04-15T17:44:00.000","DISREGARDING TRAFFIC SIGNALS","DISREGARDING TRAFFIC SIGNALS","6500","S","COTTAGE GROVE AVE","321",,,,,,,"2","NO INDICATION OF INJURY","0","0","0","0","0","3","0","17","4","4","41.7766846147","-87.6059935789","POINT (-87.60599357891 41.776684614718)"
"5edb3db7cd18a718988fb59c8e9b241c817add9d57971c02e870863bd65a10f9a99cc91c5d01c80753173815413b6ea22516e6fb9d3fe99b88ba98e7b62752cf",,"2026-04-15T17:40:00.000","30","STOP SIGN/FLASHER","FUNCTIONING PROPERLY","CLOUDY/OVERCAST","DAYLIGHT","TURNING","NOT DIVIDED",,"STRAIGHT AND LEVEL","DRY","NO DEFECTS","NOT ON SCENE (DESK REPORT)","NO INJURY / DRIVE AWAY","Y",,,"OVER $1,500","2026-04-15T18:50:00.000","FAILING TO YIELD RIGHT-OF-WAY","IMPROPER TURNING/NO SIGNAL","6101","N","PULASKI RD","1711",,,,,,,"2","NO INDICATION OF INJURY","0","0","0","0","0","2","0","17","4","4","41.9920070976","-87.7287225602","POINT (-87.728722560173 41.992007097572)"
"76aebc4d00a1ac65e7f59d6eb402692d2ce568d630a33e1af51a114f76723f14ce3c0d6a28e6b6d0774031ee9674edf2d640146478857b0f2d12cefb0dcdabcd",,"2026-04-15T17:39:00.000","30","RAILROAD CROSSING GATE","FUNCTIONING PROPERLY","CLEAR","DAYLIGHT","FIXED OBJECT","DIVIDED - W/MEDIAN (NOT RAISED)",,"STRAIGHT AND LEVEL","DRY","NO DEFECTS","ON SCENE","NO INJURY / DRIVE AWAY",,,,"OVER $1,500","2026-04-15T17:39:00.000","DISREGARDING OTHER TRAFFIC SIGNS","NOT APPLICABLE","1990","N","NARRAGANSETT AVE","2512",,,,,,,"1","NO INDICATION OF INJURY","0","0","0","0","0","1","0","17","4","4","41.9166239116","-87.7853780945","POINT (-87.785378094471 41.916623911633)"
"82f22cdc3f6738dd40e2f80e633c9050b6e8a2f9a71bee73d3e170538f5fc320ffdfa6fd68343b239d625a82f748c549c6d8ff93199469b8157bcd16a74eeddd",,"2026-04-15T17:35:00.000","30","TRAFFIC SIGNAL","UNKNOWN","CLEAR","DAYLIGHT","REAR END","DIVIDED - W/MEDIAN (NOT RAISED)",,"STRAIGHT AND LEVEL","DRY","UNKNOWN","NOT ON SCENE (DESK REPORT)","INJURY AND / OR TOW DUE TO CRASH",,,,"OVER $1,500","2026-04-15T17:35:00.000","UNABLE TO DETERMINE","UNABLE TO DETERMINE","10","S","CICERO AVE","1533",,,,,,,"2","NONINCAPACITATING INJURY","3","0","0","3","0","3","0","17","4","4","41.8801463618","-87.7454125989","POINT (-87.745412598883 41.880146361751)"
"035f21c45f4dcb28457ed99721be95d7849d804c6284df93e048dd1b5a97be9b140dbc016626f01e486eaa5b251f551403ae1b1f93c50cda760944ca24aad28f",,"2026-04-15T17:30:00.000","30","TRAFFIC SIGNAL","FUNCTIONING PROPERLY","CLEAR","DAYLIGHT","TURNING","DIVIDED - W/MEDIAN (NOT RAISED)",,"STRAIGHT AND LEVEL","DRY","NO DEFECTS","NOT ON SCENE (DESK REPORT)","NO INJURY / DRIVE AWAY","Y",,,"OVER $1,500","2026-04-15T18:45:00.000","FAILING TO YIELD RIGHT-OF-WAY","UNABLE TO DETERMINE","3800","W","IRVING PARK RD","1723",,,,,,,"2","NO INDICATION OF INJURY","0","0","0","0","0","3","0","17","4","4","41.9538343971","-87.7227754787","POINT (-87.722775478732 41.953834397066)"
"0a19dcadeed7b902f69a8bbb3046377fe28d5274532d855685b444c7d282cff57600973b106e37012f69443448aaa73bc5e0b81cbdbc6f0241dfdea31fec3b17",,"2026-04-15T17:30:00.000","25","NO CONTROLS","NO CONTROLS","RAIN","DARKNESS, LIGHTED ROAD","PARKED MOTOR VEHICLE","ONE-WAY",,"STRAIGHT AND LEVEL","WET","NO DEFECTS","NOT ON SCENE (DESK REPORT)","NO INJURY / DRIVE AWAY",,,"Y","OVER $1,500","2026-04-16T11:55:00.000","UNABLE TO DETERMINE","UNABLE TO DETERMINE","7145","N","NAGLE AVE","1621",,,,,,,"2","NO INDICATION OF INJURY","0","0","0","0","0","1","0","17","4","4","42.0114891495","-87.7865921611","POINT (-87.786592161099 42.011489149492)"
"b03be16390b32f33935a1f5417dd80b0b0d8dff56f52b7a353a52fa7a61a36f435f6823a58a3e63075afd7a0337439aaa4601ace90c0adb874ee210531f3370f",,"2026-04-15T17:30:00.000","30","NO CONTROLS","NO CONTROLS","CLEAR","DAYLIGHT","SIDESWIPE SAME DIRECTION","NOT DIVIDED",,"STRAIGHT AND LEVEL","DRY","NO DEFECTS","NOT ON SCENE (DESK REPORT)","NO INJURY / DRIVE AWAY",,,,"$500 OR LESS","2026-04-15T18:20:00.000","UNABLE TO DETERMINE","NOT APPLICABLE","4798","W","55TH ST","815",,,,,,,"2","NO INDICATION OF INJURY","0","0","0","0","0","2","0","17","4","4","41.7931260893","-87.7427584177","POINT (-87.742758417714 41.793126089262)"
"67c136ce0a692cc5262594db7450b0070051003c85833d9a69e32a18d64bf6481928a25b1dd34464e429c6fbf7fe575fb6ffa708e4b5a71cddfaf6ead067d7e0",,"2026-04-15T17:15:00.000","30","NO CONTROLS","NO CONTROLS","CLOUDY/OVERCAST","DAYLIGHT","REAR END","DIVIDED - W/MEDIAN (NOT RAISED)",,"STRAIGHT AND LEVEL","DRY","NO DEFECTS","NOT ON SCENE (DESK REPORT)","NO INJURY / DRIVE AWAY",,,,"OVER $1,500","2026-04-15T18:15:00.000","FOLLOWING TOO CLOSELY","FAILING TO REDUCE SPEED TO AVOID CRASH","4840","N","ELSTON AVE","1712",,,,,,,"2","NO INDICATION OF INJURY","0","0","0","0","0","2","0","17","4","4","41.9687365984","-87.7414090172","POINT (-87.741409017235 41.96873659839)"
"37fb0bb3364845ce11b83f593653e44528f1f454c7335e3434377a7b0bb7c7f12096ef3dd6a191fe4ad9b9c7fbfa96e674c6d611acb41cd3f4a95e4c739858b2",,"2026-04-15T17:10:00.000","30","UNKNOWN","UNKNOWN","CLEAR","DAYLIGHT","TURNING","CENTER TURN LANE",,"STRAIGHT AND LEVEL","UNKNOWN","UNKNOWN","NOT ON SCENE (DESK REPORT)","NO INJURY / DRIVE AWAY",,,,"OVER $1,500","2026-04-15T19:24:00.000","IMPROPER TURNING/NO SIGNAL","IMPROPER TURNING/NO SIGNAL","57","W","IDA B WELLS DR","123","Y","Y",,,,,"2","NO INDICATION OF INJURY","0","0","0","0","0","5","0","17","4","4","41.8755125171","-87.6296707326","POINT (-87.629670732602 41.875512517101)"
"2b1bd8b3a54b65cb118bf7d875549c34db5129626ba7db7ac6350619f4afe611f05eaa01bf24ebbba318ab68aa16dcc5b3c839baa14be39adf3e4edfe2a3e19b",,"2026-04-15T17:00:00.000","25","STOP SIGN/FLASHER","FUNCTIONING PROPERLY","CLEAR","DAYLIGHT","REAR END","FOUR WAY",,"STRAIGHT AND LEVEL","DRY","NO DEFECTS","NOT ON SCENE (DESK REPORT)","NO INJURY / DRIVE AWAY",,,,"$500 OR LESS","2026-04-15T17:52:00.000","FOLLOWING TOO CLOSELY","FOLLOWING TOO CLOSELY","5159","W","ARGYLE ST","1623",,,,,,,"2","NO INDICATION OF INJURY","0","0","0","0","0","2","0","17","4","4","41.9714572796","-87.7574488206","POINT (-87.757448820633 41.971457279635)"
"7abdaf6bd4574d38e77fc45936336174a13e84acea5993c7852080b3a1ca70c8c37302ad6d6c2776493981d169a59d7773f16e57a19d2b39a54fb2af228942fd",,"2026-04-15T17:00:00.000","40","UNKNOWN","UNKNOWN","UNKNOWN","UNKNOWN","REAR END","DIVIDED - W/MEDIAN (NOT RAISED)",,"STRAIGHT AND LEVEL","UNKNOWN","UNKNOWN","NOT ON SCENE (DESK REPORT)","NO INJURY / DRIVE AWAY",,,,"$501 - $1,500","2026-04-15T17:50:00.000","UNABLE TO DETERMINE","NOT APPLICABLE","500","S","LAKE SHORE DR NB","114",,,,,,,"2","NO INDICATION OF INJURY","0","0","0","0","0","2","0","17","4","4","41.8757562552","-87.6175156798","POINT (-87.617515679751 41.875756255241)"
"7aca1bf4d54c694e77935a3ca7e46043bd1ffcc0740a8fa185b923f7511d89ea4497ecf39c6b01b99dd42be75f280ee3d4d5874fdea6934ba99ac69887cf1bc2",,"2026-04-15T17:00:00.000","30","NO CONTROLS","NO CONTROLS","CLEAR","DAYLIGHT","PARKED MOTOR VEHICLE","NOT DIVIDED",,"STRAIGHT AND LEVEL","DRY","NO DEFECTS","NOT ON SCENE (DESK REPORT)","NO INJURY / DRIVE AWAY",,,,"$501 - $1,500","2026-04-15T17:57:00.000","UNABLE TO DETERMINE","NOT APPLICABLE","9753","S","WINCHESTER AVE","2213",,,,,,,"2","NO INDICATION OF INJURY","0","0","0","0","0","1","0","17","4","4","41.7159132629","-87.6704591033","POINT (-87.670459103272 41.715913262945)"
"ab1e894afd292293dc2658b1864e2cbed4d2da752654536568dee02fc9cb104d1ac91585e996db18e1e0c04ffdf50b160fc52cb95fb7fa7017b89609c60693e0",,"2026-04-15T17:00:00.000","30","TRAFFIC SIGNAL","FUNCTIONING PROPERLY","UNKNOWN","UNKNOWN","TURNING","DIVIDED - W/MEDIAN (NOT RAISED)",,"STRAIGHT AND LEVEL","UNKNOWN","UNKNOWN","NOT ON SCENE (DESK REPORT)","NO INJURY / DRIVE AWAY","Y",,,"OVER $1,500","2026-04-15T18:00:00.000","UNABLE TO DETERMINE","UNABLE TO DETERMINE","1201","S","CALIFORNIA BLVD","1023",,,,,,,"2","NO INDICATION OF INJURY","0","0","0","0","0","3","0","17","4","4","41.8664685943","-87.6957597759","POINT (-87.695759775897 41.866468594276)"
"b951534bf676f906d8a9fb027de3d1fbd753daca4efe9c6d4cbcc07f5d20788fbed35ba34b96f2c23b01e5c59411e528c8bc69eca78081bc4ebf7327673c58df",,"2026-04-15T17:00:00.000","30","UNKNOWN","UNKNOWN","CLOUDY/OVERCAST","DAYLIGHT","SIDESWIPE SAME DIRECTION","ONE-WAY",,"STRAIGHT AND LEVEL","UNKNOWN","UNKNOWN","NOT ON SCENE (DESK REPORT)","NO INJURY / DRIVE AWAY",,,,"OVER $1,500","2026-04-15T19:50:00.000","UNABLE TO DETERMINE","UNABLE TO DETERMINE","259","E","ERIE ST","1834",,,,,,,"2","NO INDICATION OF INJURY","0","0","0","0","0","2","0","17","4","4","41.8940853807","-87.62040431","POINT (-87.620404310022 41.894085380663)"
"c8b5ebff7cf966b6b5d28d413223ba8098e3d38e971ecfa32616793d98452b6a371e506c1add8d02dee408a17acce5a6f6fc4f94977182cd78bd15d214627f3d",,"2026-04-15T17:00:00.000","35","NO CONTROLS","NO CONTROLS","CLEAR","DAYLIGHT","TURNING","DIVIDED - W/MEDIAN BARRIER",,"STRAIGHT AND LEVEL","DRY","NO DEFECTS","NOT ON SCENE (DESK REPORT)","NO INJURY / DRIVE AWAY",,,"Y","$501 - $1,500","2026-04-15T20:09:00.000","UNABLE TO DETERMINE","NOT APPLICABLE","6300","S","WENTWORTH AVE","312",,,,,,,"2","NO INDICATION OF INJURY","0","0","0","0","0","2","0","17","4","4","41.7799026134","-87.6302938056","POINT (-87.630293805556 41.779902613439)"
"f0f88876258521995c5a4bafbd170dade7b880670d1f5a56c7a17f6221f73e4f6228aa0876bd051bed1a4ef5d8e64c46ba5f73c1198f4adf18b37495f9f24f04",,"2026-04-15T16:55:00.000","30","UNKNOWN","UNKNOWN","UNKNOWN","UNKNOWN","REAR TO FRONT","T-INTERSECTION",,"STRAIGHT AND LEVEL","UNKNOWN","UNKNOWN","NOT ON SCENE (DESK REPORT)","NO INJURY / DRIVE AWAY","Y",,,"OVER $1,500","2026-04-16T16:00:00.000","UNABLE TO DETERMINE","UNABLE TO DETERMINE","532","W","FULLERTON PKWY","1935",,,,,,,"2","NO INDICATION OF INJURY","0","0","0","0","0","2","0","16","4","4","41.9256618384","-87.6426206535","POINT (-87.642620653501 41.925661838374)"
"65bce548cedb46ead4e40b4730e98f1606b253a34bf3dc592d42b542145fbb1e1fd7147345492131b590ac236d211d30eb946fa970406e696f08c029302e4620",,"2026-04-15T16:51:00.000","30","TRAFFIC SIGNAL","FUNCTIONING PROPERLY","CLEAR","DAYLIGHT","ANGLE","DIVIDED - W/MEDIAN (NOT RAISED)",,"STRAIGHT AND LEVEL","DRY","NO DEFECTS","NOT ON SCENE (DESK REPORT)","NO INJURY / DRIVE AWAY",,,,"OVER $1,500","2026-04-15T17:20:00.000","UNABLE TO DETERMINE","NOT APPLICABLE","2369","W","MARQUETTE RD","832",,,,,,,"2","NO INDICATION OF INJURY","0","0","0","0","0","2","0","16","4","4","41.7718691268","-87.6833736321","POINT (-87.683373632067 41.771869126848)"
"d4cfd5fed8e59114893a78fb8cb2ac5b549fb5883460440318bef03fcbbf12de831cde587efa5f90c5744b89d45f930b51e5b2d98e65759bd51b896e5cc6c228",,"2026-04-15T16:50:00.000","30","NO CONTROLS","NO CONTROLS","CLEAR","DAYLIGHT","SIDESWIPE SAME DIRECTION","NOT DIVIDED",,"STRAIGHT AND LEVEL","DRY","UNKNOWN","NOT ON SCENE (DESK REPORT)","NO INJURY / DRIVE AWAY",,,,"$500 OR LESS","2026-04-15T17:28:00.000","UNABLE TO DETERMINE","NOT APPLICABLE","3819","W","MARQUETTE RD","833",,,,,,,"2","NO INDICATION OF INJURY","0","0","0","0","0","2","0","16","4","4","41.7713273795","-87.7184774149","POINT (-87.7184774149 41.771327379493)"
"f28b5215669836214af13509ecf195f922e8e662d0e1b6c1dc1b42eb6abe2675d3e0b05041ad30f042692b67d763edbb642d7025cd19f95850a99d3cfb817376",,"2026-04-15T16:50:00.000","30","NO CONTROLS","NO CONTROLS","CLOUDY/OVERCAST","DAYLIGHT","REAR END","DIVIDED - W/MEDIAN (NOT RAISED)",,"STRAIGHT AND LEVEL","UNKNOWN","UNKNOWN","NOT ON SCENE (DESK REPORT)","NO INJURY / DRIVE AWAY",,,,"OVER $1,500","2026-04-15T17:15:00.000","UNABLE TO DETERMINE","UNABLE TO DETERMINE","2455","N","CENTRAL AVE","2515",,,,,,,"2","NO INDICATION OF INJURY","0","0","0","0","0","2","0","16","4","4","41.9256028969","-87.7659009776","POINT (-87.765900977622 41.925602896912)"
"a479b3bef3ffce74ae89e9cc01f2b438aefb14f816bee3fbdb2e2ec3ead37df020c21b99ddbfa986955772224ce8de9bca004c0472b9381709488c72864e9333",,"2026-04-15T16:48:00.000","30","STOP SIGN/FLASHER","FUNCTIONING PROPERLY","CLEAR","DAYLIGHT","ANGLE","NOT DIVIDED",,"STRAIGHT AND LEVEL","DRY","NO DEFECTS","ON SCENE","INJURY AND / OR TOW DUE TO CRASH","Y",,,"OVER $1,500","2026-04-15T16:48:00.000","FAILING TO YIELD RIGHT-OF-WAY","FAILING TO YIELD RIGHT-OF-WAY","8430","S","STONY ISLAND AVE","412",,,,,,,"2","NO INDICATION OF INJURY","0","0","0","0","0","4","0","16","4","4","41.7415108652","-87.5858940003","POINT (-87.585894000323 41.741510865246)"
"17f3d0af8557d4668748f1c1ddb0e69b5e5e5c6effa164bf85a91a59b06f0089d2208a0f0d0854c9669594ac93411aa9306cff1a53b3bb27925b7fca71136c90",,"2026-04-15T16:45:00.000","30","NO CONTROLS","NO CONTROLS","CLEAR","DAYLIGHT","TURNING","FOUR WAY",,"STRAIGHT AND LEVEL","DRY","NO DEFECTS","ON SCENE","NO INJURY / DRIVE AWAY",,,,"$501 - $1,500","2026-04-15T17:11:00.000","UNABLE TO DETERMINE","NOT APPLICABLE","4700","W","DIVERSEY AVE","2521",,,,,,,"2","NO INDICATION OF INJURY","0","0","0","0","0","2","0","16","4","4","41.9316745148","-87.7442082439","POINT (-87.74420824392 41.931674514756)"
"c65c4cd4e3b4eea8e764e448c859c39627fabfd07405a0e780afed4145e6db51fde331f8bfff0a44dd51d7f8b8c8a726958a9c8c5307ce1969915212bd95bccc",,"2026-04-15T16:45:00.000","30","NO CONTROLS","NO CONTROLS","CLEAR","DAYLIGHT","ANGLE","UNKNOWN",,"STRAIGHT AND LEVEL","DRY","UNKNOWN","NOT ON SCENE (DESK REPORT)","NO INJURY / DRIVE AWAY",,,,"OVER $1,500","2026-04-15T17:50:00.000","FAILING TO YIELD RIGHT-OF-WAY","UNABLE TO DETERMINE","500","W","VAN BUREN ST","121",,,,,,,"2","NO INDICATION OF INJURY","0","0","0","0","0","2","0","16","4","4","41.8768807268","-87.6396363852","POINT (-87.639636385215 41.876880726785)"
"f7c376a29f3ba182f33f197d68d9ed0687509d327c7540fe3329883b219af3b8686f358bd34b732be03938c25d4587104d11a9c7777df40770d5bd116a4e6045",,"2026-04-15T16:45:00.000","20","NO CONTROLS","NO CONTROLS","CLEAR","DAYLIGHT","REAR END","NOT DIVIDED",,"STRAIGHT AND LEVEL","DRY","NO DEFECTS","ON SCENE","NO INJURY / DRIVE AWAY",,,"Y","$500 OR LESS","2026-04-15T16:56:00.000","FOLLOWING TOO CLOSELY","UNABLE TO DETERMINE","2242","W","ADDISON ST","1921",,,,,,,"2","NO INDICATION OF INJURY","0","0","0","0","0","2","0","16","4","4","41.9468877525","-87.6851021913","POINT (-87.685102191298 41.946887752543)"
"470f1bea598cea13f633cb98e2ca0194221bc2d2c078af813295df8d55719e30276579c167c85a7c6d8fbe5185007336655d78ff337f50069164288f889229ab",,"2026-04-15T16:35:00.000","45","TRAFFIC SIGNAL","FUNCTIONING PROPERLY","CLEAR","DAYLIGHT","REAR END","NOT DIVIDED",,"STRAIGHT AND LEVEL","DRY","NO DEFECTS","NOT ON SCENE (DESK REPORT)","INJURY AND / OR TOW DUE TO CRASH",,,,"OVER $1,500","2026-04-16T17:35:00.000","FOLLOWING TOO CLOSELY","FAILING TO REDUCE SPEED TO AVOID CRASH","8500","S","LAKE SHORE DR","424",,,,,,,"2","REPORTED, NOT EVIDENT","1","0","0","0","1","1","0","16","4","4","41.741060992","-87.5405310006","POINT (-87.540531000596 41.741060991994)"
"2025d88ed808e1c80c6f3017b63af41bd5ad99d3a617b742bb6d96aa8161eefe711059d7e5adf182c82df55d0f18c1514d313d9bcceaf8adf70707490dcfb07d",,"2026-04-15T16:30:00.000","35","TRAFFIC SIGNAL","FUNCTIONING PROPERLY","CLEAR","DAYLIGHT","REAR END","DIVIDED - W/MEDIAN (NOT RAISED)",,"STRAIGHT AND LEVEL","DRY","NO DEFECTS","ON SCENE","NO INJURY / DRIVE AWAY",,,,"OVER $1,500","2026-04-15T16:38:00.000","UNABLE TO DETERMINE","UNABLE TO DETERMINE","5100","N","BROADWAY","2033",,,,,,,"3","NO INDICATION OF INJURY","0","0","0","0","0","3","0","16","4","4","41.974645684","-87.659970179","POINT (-87.659970178971 41.974645683985)"
"263ae6541922869639df96569b1019252447e9500af034881f422ceb29a72c6f353504ec1b9117fda8aa06ab3e6e15de451d9ac89aab08d140fc967f881e1b97",,"2026-04-15T16:30:00.000","30","NO CONTROLS","NO CONTROLS","CLEAR","DAYLIGHT","TURNING","DIVIDED - W/MEDIAN (NOT RAISED)",,"STRAIGHT AND LEVEL","DRY","NO DEFECTS","NOT ON SCENE (DESK REPORT)","NO INJURY / DRIVE AWAY",,,,"OVER $1,500","2026-04-15T17:05:00.000","UNABLE TO DETERMINE","UNABLE TO DETERMINE","5400","W","ROOSEVELT RD","1522",,,,,,,"2","NO INDICATION OF INJURY","0","0","0","0","0","2","0","16","4","4","41.8657863546","-87.7595241165","POINT (-87.759524116525 41.865786354612)"
"6e272a9fc6e720a93646405b38396495dbea14cc0554767ac292d8340e7932c27e3dda2c5cb4c703b16015039b57b9f83dd308250b56480b25c8a69cdad20562",,"2026-04-15T16:30:00.000","30","TRAFFIC SIGNAL","FUNCTIONING PROPERLY","CLEAR","DAYLIGHT","TURNING","CENTER TURN LANE",,"STRAIGHT AND LEVEL","UNKNOWN","UNKNOWN","NOT ON SCENE (DESK REPORT)","NO INJURY / DRIVE AWAY",,,,"OVER $1,500","2026-04-16T10:20:00.000","UNABLE TO DETERMINE","UNABLE TO DETERMINE","4801","W","PETERSON AVE","1621",,,,,,,"2","NO INDICATION OF INJURY","0","0","0","0","0","2","0","16","4","4","41.9897884888","-87.7483738445","POINT (-87.748373844489 41.989788488824)"
"a47053831d6b9141f213157441158e068355caf70891d78fe9907601f1fc05cd69ba7872107898bfeaabb4692e5d3d33f627460d48fc6970023f644e65320566","Y","2026-04-15T16:30:00.000","30","NO CONTROLS","NO CONTROLS","CLEAR","DAYLIGHT","FIXED OBJECT","DIVIDED - W/MEDIAN BARRIER",,"STRAIGHT AND LEVEL","DRY","NO DEFECTS","ON SCENE","INJURY AND / OR TOW DUE TO CRASH",,,,"$501 - $1,500","2026-04-15T18:22:00.000","DRIVING SKILLS/KNOWLEDGE/EXPERIENCE","NOT APPLICABLE","379","W","ROOT ST","925",,"Y",,,,,"1","NO INDICATION OF INJURY","0","0","0","0","0","1","0","16","4","4","41.8189432515","-87.6360119717","POINT (-87.636011971722 41.818943251534)"