"crash_record_id","crash_date_est_i","crash_date","posted_speed_limit","traffic_control_device","device_condition","weather_condition","lighting_condition","first_crash_type","trafficway_type","lane_cnt","alignment","roadway_surface_cond","road_defect","report_type","crash_type","intersection_related_i","private_property_i","hit_and_run_i","damage","date_police_notified","prim_contributory_cause","sec_contributory_cause","street_no","street_direction","street_name","beat_of_occurrence","photos_taken_i","statements_taken_i","dooring_i","work_zone_i","work_zone_type","workers_present_i","num_units","most_severe_injury","injuries_total","injuries_fatal","injuries_incapacitating","injuries_non_incapacitating","injuries_reported_not_evident","injuries_no_indication","injuries_unknown","crash_hour","crash_day_of_week","crash_month","latitude","longitude","location"
"ec8bdcc0623c81853888db21404c64ffbffb329787b7d808cb7037ad2b40e41d602f0657c8133d9185078f6fc9508e2b277eb6deff9b4a9350c376ad8edbf7d2",,"2026-04-15T16:30:00.000","30","NO CONTROLS","NO CONTROLS","CLEAR","DAYLIGHT","SIDESWIPE SAME DIRECTION","NOT DIVIDED",,"STRAIGHT AND LEVEL","DRY","UNKNOWN","ON SCENE","INJURY AND / OR TOW DUE TO CRASH",,,,"OVER $1,500","2026-04-15T16:30:00.000","FAILING TO YIELD RIGHT-OF-WAY","NOT APPLICABLE","1246","S","LOOMIS ST","1233",,,,,,,"3","NO INDICATION OF INJURY","0","0","0","0","0","5","0","16","4","4","41.8655820747","-87.6616812796","POINT (-87.661681279595 41.865582074696)"
"f0565e82da0e8f7d5a19a3f7fd1d46bee1b892dcdc932dc6acdb20e3e7680509d442b5186582474d8910153bfd72ef9f205bffb7f7d6949d09e26a9bb97aca9d",,"2026-04-15T16:25:00.000","30","NO CONTROLS","NO CONTROLS","CLEAR","DAYLIGHT","TURNING","ONE-WAY",,"STRAIGHT AND LEVEL","DRY","NO DEFECTS","ON SCENE","NO INJURY / DRIVE AWAY",,,,"OVER $1,500","2026-04-15T16:50:00.000","FAILING TO YIELD RIGHT-OF-WAY","FAILING TO YIELD RIGHT-OF-WAY","5446","S","WELLS ST","935",,"Y",,,,,"2","NO INDICATION OF INJURY","0","0","0","0","0","2","0","16","4","4","41.7949317698","-87.6319389115","POINT (-87.631938911482 41.794931769846)"
"194ed357c4f441511ef611ca5dcfc462f286bba7a3bf1738cd0db1ec55b11e41982816f8fe46b3753de2f4d216198a7c87adca854649383df3c09c67d01510a1",,"2026-04-15T16:20:00.000","30","TRAFFIC SIGNAL","FUNCTIONING PROPERLY","CLOUDY/OVERCAST","DAYLIGHT","SIDESWIPE SAME DIRECTION","FOUR WAY",,"STRAIGHT AND LEVEL","DRY","NO DEFECTS","NOT ON SCENE (DESK REPORT)","NO INJURY / DRIVE AWAY","Y",,,"OVER $1,500","2026-04-15T19:00:00.000","IMPROPER OVERTAKING/PASSING","UNABLE TO DETERMINE","1308","W","NORTH AVE","1433",,,,,,,"2","NO INDICATION OF INJURY","0","0","0","0","0","2","0","16","4","4","41.9108375097","-87.6608337836","POINT (-87.660833783595 41.910837509728)"
"993c42558eae3f887709d8dade8c4b65c983aaad13ce8fb60bab78abe1964f5fa210587ed19294605381de4fde3610e06a86ffa6ac91a8f8b7353e09743364e0",,"2026-04-15T16:20:00.000","30","NO CONTROLS","NO CONTROLS","CLOUDY/OVERCAST","DAYLIGHT","SIDESWIPE SAME DIRECTION","NOT DIVIDED",,"STRAIGHT AND LEVEL","DRY","NO DEFECTS","NOT ON SCENE (DESK REPORT)","NO INJURY / DRIVE AWAY","Y",,"Y","OVER $1,500","2026-04-16T18:50:00.000","IMPROPER LANE USAGE","IMPROPER OVERTAKING/PASSING","2521","W","MADISON ST","1125",,,,,,,"2","NO INDICATION OF INJURY","0","0","0","0","0","2","0","16","4","4","41.8810215572","-87.6893443129","POINT (-87.689344312892 41.88102155723)"
"e4ec9f74dfacb536441e47a8a33dd849c892666d1859595a8290254e784a7fed7fe7e4fbb25e0d4fd974bb57df3bc7082576acdbbd256721a2e8dfb160579369",,"2026-04-15T16:20:00.000","30","TRAFFIC SIGNAL","FUNCTIONING PROPERLY","CLEAR","DAYLIGHT","SIDESWIPE SAME DIRECTION","DIVIDED - W/MEDIAN (NOT RAISED)",,"STRAIGHT AND LEVEL","DRY","NO DEFECTS","NOT ON SCENE (DESK REPORT)","NO INJURY / DRIVE AWAY","Y",,,"OVER $1,500","2026-04-15T17:00:00.000","IMPROPER LANE USAGE","UNABLE TO DETERMINE","4400","N","KEDZIE AVE","1724",,,,,,,"2","NO INDICATION OF INJURY","0","0","0","0","0","3","0","16","4","4","41.9612253586","-87.7083969489","POINT (-87.708396948918 41.961225358562)"
"ea88652e176bad5dfb9ce99f47826ff5975cc6ecf6908af968303abb27255850c6ee3832b0dffb2e2489e9def40bf7ac6b270ff52d14f61530bf290106b5f7da",,"2026-04-15T16:20:00.000","30","UNKNOWN","UNKNOWN","CLEAR","DAYLIGHT","PARKED MOTOR VEHICLE","UNKNOWN",,"STRAIGHT AND LEVEL","DRY","UNKNOWN","NOT ON SCENE (DESK REPORT)","NO INJURY / DRIVE AWAY",,,,"OVER $1,500","2026-04-15T17:30:00.000","UNABLE TO DETERMINE","UNABLE TO DETERMINE","5400","S","KENWOOD AVE","234",,,,,,,"2","NO INDICATION OF INJURY","0","0","0","0","0","1","0","16","4","4","41.7978626767","-87.5936038009","POINT (-87.593603800931 41.797862676707)"
"45311cd158b7240562a2241824538bb0e8df176c5f264a836df4bd11830d071f1f2a82f5755612be136267861588cfbef4d6c6eb7899f918b3833b83c5220b11",,"2026-04-15T16:16:00.000","30","STOP SIGN/FLASHER","FUNCTIONING PROPERLY","CLEAR","DAYLIGHT","ANGLE","T-INTERSECTION",,"STRAIGHT AND LEVEL","DRY","NO DEFECTS","ON SCENE","NO INJURY / DRIVE AWAY","Y",,,"OVER $1,500","2026-04-15T16:16:00.000","FAILING TO YIELD RIGHT-OF-WAY","DISREGARDING STOP SIGN","2301","W","GARFIELD BLVD","824",,,,,,,"2","NO INDICATION OF INJURY","0","0","0","0","0","2","0","16","4","4","41.7933622769","-87.6813269009","POINT (-87.681326900929 41.793362276932)"
"aa243b20bd3779e351036a94cc4883451e1f3a3cad68d0282da8ccbc8ddc7ba76b5b73e7becdf22315f1bff66253dd4b20eac6ad08acfc9e7acd8ba9f9179cf5",,"2026-04-15T16:16:00.000","30","UNKNOWN","UNKNOWN","CLEAR","DAYLIGHT","FIXED OBJECT","NOT DIVIDED",,"STRAIGHT AND LEVEL","DRY","UNKNOWN","ON SCENE","INJURY AND / OR TOW DUE TO CRASH","Y",,,"OVER $1,500","2026-04-15T16:16:00.000","UNABLE TO DETERMINE","UNABLE TO DETERMINE","3600","W","CONGRESS PKWY","1133",,,,,,,"1","NO INDICATION OF INJURY","0","0","0","0","0","2","0","16","4","4","41.8745991564","-87.7157409093","POINT (-87.71574090926 41.874599156417)"
"09e11cf8c5a3801fe40ff00e7a19a35484fef670783becfb63bdd5bf7feeba13b67c9fbbf6ba62abd3c38c0c1624b8dad032c0992a0853078f869f215ed526ec",,"2026-04-15T16:15:00.000","30","NO CONTROLS","NO CONTROLS","CLEAR","DAYLIGHT","REAR END","NOT DIVIDED",,"STRAIGHT AND LEVEL","DRY","NO DEFECTS","NOT ON SCENE (DESK REPORT)","NO INJURY / DRIVE AWAY",,,,"$501 - $1,500","2026-04-15T17:08:00.000","FOLLOWING TOO CLOSELY","NOT APPLICABLE","8300","S","VINCENNES AVE","622",,,,,,,"2","NO INDICATION OF INJURY","0","0","0","0","0","2","0","16","4","4","41.7435045576","-87.6366627981","POINT (-87.636662798126 41.743504557606)"
"e9a72bdb4614e5fbcbde066a9c5e2d8d5662831a01e5f65ce7429f4f7dcb5fbbed3a5623a5e34bcca1c9f0343ce67add4a733632f708a082716ba5439557c639",,"2026-04-15T16:15:00.000","30","NO CONTROLS","NO CONTROLS","CLEAR","DAYLIGHT","HEAD ON","NOT DIVIDED",,"STRAIGHT AND LEVEL","DRY","UNKNOWN","ON SCENE","INJURY AND / OR TOW DUE TO CRASH",,,,"OVER $1,500","2026-04-15T16:20:00.000","PHYSICAL CONDITION OF DRIVER","NOT APPLICABLE","4900","W","MONTROSE AVE","1623",,,,,,,"2","NONINCAPACITATING INJURY","2","0","0","1","1","1","0","16","4","4","41.9608039065","-87.7500371644","POINT (-87.750037164377 41.960803906502)"
"ff5494309b76bb22e2a68c9c8b7d70a10328366630ed21cec4bf1c9af722c6c7e5e61c4800661accdbdb41c7d69ad130c727e415351a5a623ec0d499d4b6a79d",,"2026-04-15T16:15:00.000","30","TRAFFIC SIGNAL","FUNCTIONING IMPROPERLY","CLEAR","DAYLIGHT","SIDESWIPE SAME DIRECTION","NOT DIVIDED",,"STRAIGHT AND LEVEL","DRY","NO DEFECTS","ON SCENE","NO INJURY / DRIVE AWAY","Y",,,"OVER $1,500","2026-04-15T16:20:00.000","FAILING TO YIELD RIGHT-OF-WAY","NOT APPLICABLE","321","W","87TH ST","634",,,,,,,"2","NO INDICATION OF INJURY","0","0","0","0","0","6","0","16","4","4","41.7358683795","-87.632413342","POINT (-87.63241334197 41.735868379521)"
"8442ccd3e7399e7465e64e13747f45d5639599d7c9be40ecb16e4e762e74c3a56c612ec4e8f7ba26421e76f2aec83cfc49abdf0b65f8baf7c867b2c099569bda",,"2026-04-15T16:10:00.000","15","NO CONTROLS","NO CONTROLS","CLEAR","DAYLIGHT","PEDESTRIAN","DIVIDED - W/MEDIAN (NOT RAISED)",,"STRAIGHT AND LEVEL","DRY","UNKNOWN","ON SCENE","INJURY AND / OR TOW DUE TO CRASH",,,,"$500 OR LESS","2026-04-15T16:15:00.000","UNABLE TO DETERMINE","NOT APPLICABLE","2948","W","FULLERTON AVE","1414",,,,,,,"2","NONINCAPACITATING INJURY","1","0","0","1","0","1","0","16","4","4","41.9248775895","-87.7018332912","POINT (-87.701833291194 41.924877589472)"
"26fbc537deb04a8473ec6f0bbde26da48addc500c30e999002441c73804f44925c64e5c0ed7c87a11aa39d36e2ad782dbb24b7ec5b8c79e6d39ed544bebd70dd",,"2026-04-15T16:09:00.000","40","NO CONTROLS","NO CONTROLS","CLEAR","DAYLIGHT","SIDESWIPE SAME DIRECTION","OTHER",,"STRAIGHT AND LEVEL","DRY","UNKNOWN","ON SCENE","INJURY AND / OR TOW DUE TO CRASH",,,,"OVER $1,500","2026-04-15T16:31:00.000","FAILING TO YIELD RIGHT-OF-WAY","FAILING TO YIELD RIGHT-OF-WAY","2420","N","LAKE SHORE DR SB","1935",,,,,,,"3","NO INDICATION OF INJURY","0","0","0","0","0","5","0","16","4","4","41.9266320967","-87.6316650921","POINT (-87.631665092132 41.926632096681)"
"cadbdc4fba6d1f64253244963f6bd3b899b9d7103eb3464f71a393f5d3b8ced0cfe3ef835ecede3a478c6de12dee84851554251d7a7cf5b95ed1ef38d323a94f",,"2026-04-15T16:09:00.000","30","NO CONTROLS","NO CONTROLS","CLEAR","DAYLIGHT","SIDESWIPE SAME DIRECTION","NOT DIVIDED",,"STRAIGHT AND LEVEL","DRY","NO DEFECTS","ON SCENE","NO INJURY / DRIVE AWAY",,,,"OVER $1,500","2026-04-15T16:19:00.000","UNABLE TO DETERMINE","UNABLE TO DETERMINE","1398","E","47TH ST","222",,,,,,,"2","NO INDICATION OF INJURY","0","0","0","0","0","2","0","16","4","4","41.8097951115","-87.5925660272","POINT (-87.592566027232 41.809795111509)"
"14d1d9158f7795d2d39695b28038d59339b892c0cadb4a1894ec40b343ebab0f23804013b1358945cc6ea7512e26f9f1d111dd23ebba10aa31a67ee1213615db",,"2026-04-15T16:00:00.000","30","TRAFFIC SIGNAL","FUNCTIONING PROPERLY","CLEAR","DAYLIGHT","REAR END","NOT DIVIDED",,"STRAIGHT AND LEVEL","DRY","NO DEFECTS","NOT ON SCENE (DESK REPORT)","NO INJURY / DRIVE AWAY","Y",,,"OVER $1,500","2026-04-15T16:30:00.000","FOLLOWING TOO CLOSELY","FAILING TO REDUCE SPEED TO AVOID CRASH","1800","S","DAMEN AVE","1234",,,,,,,"2","NO INDICATION OF INJURY","0","0","0","0","0","3","0","16","4","4","41.8576146745","-87.6761400738","POINT (-87.676140073781 41.857614674497)"
"793670160733ec1d2baf69b30727a9885651c2b11e0a1d07b6b32465ac014215d6ed890881b4e175200519f24faf456294a15357fbd666bc55fd92ba6405803c",,"2026-04-15T16:00:00.000","30","NO CONTROLS","NO CONTROLS","CLEAR","DAYLIGHT","PARKED MOTOR VEHICLE","ONE-WAY",,"STRAIGHT AND LEVEL","DRY","NO DEFECTS","NOT ON SCENE (DESK REPORT)","NO INJURY / DRIVE AWAY",,,"Y","OVER $1,500","2026-04-16T08:00:00.000","NOT APPLICABLE","NOT APPLICABLE","8159","S","CHAMPLAIN AVE","631",,,,,,,"2","NO INDICATION OF INJURY","0","0","0","0","0","1","0","16","4","4","41.7458333143","-87.6085751364","POINT (-87.608575136391 41.745833314305)"
"a7987e1c70dd0cf807fe3f99ba318dfc8623df406b9f64df13770c2a42da0180ed9f881f694d3e8b7518ed88d65b73f1b38d6b479bdf43a20623c1117230c42e",,"2026-04-15T16:00:00.000","30","NO CONTROLS","NO CONTROLS","CLEAR","DAYLIGHT","REAR END","PARKING LOT",,"STRAIGHT AND LEVEL","DRY","NO DEFECTS","NOT ON SCENE (DESK REPORT)","NO INJURY / DRIVE AWAY",,,,"OVER $1,500","2026-04-15T17:20:00.000","UNABLE TO DETERMINE","UNABLE TO DETERMINE","7","E","GARFIELD BLVD","225",,"Y",,,,,"2","NO INDICATION OF INJURY","0","0","0","0","0","2","0","16","4","4","41.7942006095","-87.6253892682","POINT (-87.62538926818 41.79420060954)"
"fd2c7be11b8f162f04e4a9e59159ac22b34b0d781c9ee74078ab94011cadbc716360b9a684347e81deb62753977c275f126d9317fb509a33c8bc887b58904a87","Y","2026-04-15T16:00:00.000","30","NO CONTROLS","NO CONTROLS","UNKNOWN","UNKNOWN","PARKED MOTOR VEHICLE","NOT DIVIDED",,"STRAIGHT AND LEVEL","UNKNOWN","NO DEFECTS","ON SCENE","NO INJURY / DRIVE AWAY",,,"Y","OVER $1,500","2026-04-15T18:20:00.000","UNABLE TO DETERMINE","UNABLE TO DETERMINE","4882","S","ABERDEEN ST","933",,,,,,,"2","NO INDICATION OF INJURY","0","0","0","0","0","1","0","16","4","4","41.804950825","-87.6528631674","POINT (-87.652863167414 41.804950824985)"
"ff3dbbc301a424ca2cd139cccba3f60e710b85a77ad7e112d7edab8ce422d94adc7bd98300168e480f467d02760be53d0ec0299f78bc8e60aed30b47ef78594e",,"2026-04-15T15:58:00.000","15","NO CONTROLS","NO CONTROLS","CLEAR","DAYLIGHT","OTHER OBJECT","PARKING LOT",,"STRAIGHT AND LEVEL","DRY","NO DEFECTS","NOT ON SCENE (DESK REPORT)","NO INJURY / DRIVE AWAY",,"Y",,"$501 - $1,500","2026-04-15T16:06:00.000","NOT APPLICABLE","NOT APPLICABLE","6471","N","NORTHWEST HWY","1611",,,,,,,"1","NO INDICATION OF INJURY","0","0","0","0","0","1","0","15","4","4","41.9984438508","-87.808989069","POINT (-87.808989068993 41.9984438508)"
"76746894becb2882c94aaea8a726411d8917e71d6277f511f9a79dd55b1064e364ef7f3c9f42407b340cb408960e9ae9f578dc467e5dbb4d9be855301da1e0df",,"2026-04-15T15:57:00.000","30","TRAFFIC SIGNAL","FUNCTIONING PROPERLY","CLEAR","DAYLIGHT","SIDESWIPE SAME DIRECTION","FOUR WAY",,"STRAIGHT AND LEVEL","DRY","NO DEFECTS","ON SCENE","NO INJURY / DRIVE AWAY","Y",,,"OVER $1,500","2026-04-15T15:57:00.000","IMPROPER OVERTAKING/PASSING","FAILING TO YIELD RIGHT-OF-WAY","4459","S","KEDZIE AVE","922",,,,,,,"2","NO INDICATION OF INJURY","0","0","0","0","0","2","0","15","4","4","41.8118532746","-87.7039750546","POINT (-87.70397505463 41.811853274577)"
"31710fe6020519da91104c661a48c037db81cc6c772e5ef340c227c86430d4766413227f1da4bd33a14903565f7ea2e37ff452d50de1f14fd20ab8bf5dd1786a",,"2026-04-15T15:54:00.000","30","TRAFFIC SIGNAL","FUNCTIONING PROPERLY","CLEAR","DAYLIGHT","PEDESTRIAN","FOUR WAY",,"STRAIGHT AND LEVEL","DRY","NO DEFECTS","ON SCENE","INJURY AND / OR TOW DUE TO CRASH","Y",,,"$500 OR LESS","2026-04-15T15:55:00.000","FAILING TO YIELD RIGHT-OF-WAY","DISREGARDING TRAFFIC SIGNALS","5900","S","ASHLAND AVE","714",,,,,,,"2","REPORTED, NOT EVIDENT","1","0","0","0","1","1","0","15","4","4","41.7866541783","-87.6645391577","POINT (-87.664539157743 41.786654178265)"
"8e0edb1e7c48832ca934029f6ac446d4e4f7eca508abb9974d860f1b10681c2e1cb487cefbc6888e78f9e078555035334b2e26a59149e1939c54d3226e93b791",,"2026-04-15T15:45:00.000","30","NO CONTROLS","NO CONTROLS","CLEAR","DAYLIGHT","TURNING","NOT DIVIDED",,"STRAIGHT AND LEVEL","WET","NO DEFECTS","ON SCENE","NO INJURY / DRIVE AWAY",,,"Y","OVER $1,500","2026-04-15T15:47:00.000","UNABLE TO DETERMINE","NOT APPLICABLE","6198","N","KIMBALL AVE","1711",,,,,,,"2","NO INDICATION OF INJURY","0","0","0","0","0","2","0","15","4","4","41.9937179789","-87.7142385865","POINT (-87.714238586455 41.993717978943)"
"2dba34be2e9b630b41b504d0fd4e0a34c20fff479adea8d1a88be87a61999fe9fc2cd4dcb88f8df1da98a8cd10a39fd4c5dbd1a25fee1bb496126fa65592c901",,"2026-04-15T15:43:00.000","30","NO CONTROLS","NO CONTROLS","CLEAR","DAYLIGHT","ANGLE","NOT DIVIDED",,"STRAIGHT AND LEVEL","DRY","UNKNOWN","ON SCENE","NO INJURY / DRIVE AWAY",,,"Y","$500 OR LESS","2026-04-15T16:10:00.000","UNABLE TO DETERMINE","UNABLE TO DETERMINE","3601","W","GRAND AVE","1112",,,,,,,"2","NO INDICATION OF INJURY","0","0","0","0","0","2","0","15","4","4","41.902168575","-87.7166762958","POINT (-87.716676295771 41.902168574993)"
"cbf0a6751c496dfea90c453c723a46ca985c7f554d2752e6695a2ca7d69a28d249c28f6f68084f2fc1c9af7b7a657e4578d4a548c89a20ea06a71c3bf23b5623",,"2026-04-15T15:42:00.000","25","NO CONTROLS","NO CONTROLS","CLEAR","DAYLIGHT","TURNING","NOT DIVIDED",,"STRAIGHT AND LEVEL","DRY","NO DEFECTS","NOT ON SCENE (DESK REPORT)","NO INJURY / DRIVE AWAY","Y",,,"OVER $1,500","2026-04-15T16:15:00.000","UNABLE TO DETERMINE","UNABLE TO DETERMINE","6458","S","ASHLAND AVE","725",,,,,,,"2","NO INDICATION OF INJURY","0","0","0","0","0","2","0","15","4","4","41.7759210058","-87.6642712578","POINT (-87.664271257794 41.77592100583)"
"6bf68fbd2326bac517bce8b1d76c9ed3f36fdf24b4a59f3c31d829f4f77ae6db7c9a61ca18c03ecc764cf4cf38a3eb2a9e2f162d10ca8ae1effc6cfbe6eed582",,"2026-04-15T15:40:00.000","30","NO CONTROLS","NO CONTROLS","CLEAR","DAYLIGHT","PARKED MOTOR VEHICLE","ONE-WAY",,"STRAIGHT AND LEVEL","DRY","NO DEFECTS","NOT ON SCENE (DESK REPORT)","NO INJURY / DRIVE AWAY",,,"Y","$501 - $1,500","2026-04-15T16:55:00.000","UNABLE TO DETERMINE","NOT APPLICABLE","5367","S","KENWOOD AVE","234",,,,,,,"2","NO INDICATION OF INJURY","0","0","0","0","0","2","0","15","4","4","41.7980337672","-87.5932937564","POINT (-87.593293756391 41.798033767214)"
"d6851b6e9e3bb82a6183c9b9b87ce16ab203365d9d40d10b6dc2387b9240d91f29b80320ca31d766dc9d5158b7e778d5f797a77e9a8722b723e093059c0e7092",,"2026-04-15T15:40:00.000","30","NO CONTROLS","NO CONTROLS","CLEAR","DAYLIGHT","SIDESWIPE SAME DIRECTION","NOT DIVIDED",,"STRAIGHT AND LEVEL","DRY","NO DEFECTS","ON SCENE","NO INJURY / DRIVE AWAY",,,,"OVER $1,500","2026-04-15T15:47:00.000","FAILING TO YIELD RIGHT-OF-WAY","FAILING TO YIELD RIGHT-OF-WAY","1230","S","HALSTED ST","1232",,,,,,,"2","NO INDICATION OF INJURY","0","0","0","0","0","2","0","15","4","4","41.8662408716","-87.6470364475","POINT (-87.647036447542 41.866240871579)"
"646dae0306f809014b8eddde34c7c4909861bd3abe0ea5c5df35004651e1da7a5d8c542bb768cf89fed8d3995db52722659d3321c33ebc6b0f354cac2a18cec1",,"2026-04-15T15:38:00.000","30","NO CONTROLS","NO CONTROLS","UNKNOWN","UNKNOWN","SIDESWIPE SAME DIRECTION","DIVIDED - W/MEDIAN BARRIER",,"STRAIGHT AND LEVEL","UNKNOWN","UNKNOWN","NOT ON SCENE (DESK REPORT)","NO INJURY / DRIVE AWAY",,,,"OVER $1,500","2026-04-15T17:02:00.000","UNABLE TO DETERMINE","NOT APPLICABLE","3592","W","47TH ST","821",,,,,,,"2","NO INDICATION OF INJURY","0","0","0","0","0","2","0","15","4","4","41.8080988458","-87.7141711323","POINT (-87.714171132252 41.808098845823)"
"f8b9409d672374c36e79e389d7c3e32d65b9be29b0dc0f77abbacfe2485f08babc811ea997bfd500163db938f2356c03aac94e7fdbe076d78bdebd1689e70df8",,"2026-04-15T15:35:00.000","30","UNKNOWN","UNKNOWN","UNKNOWN","UNKNOWN","TURNING","FOUR WAY",,"STRAIGHT AND LEVEL","UNKNOWN","UNKNOWN","NOT ON SCENE (DESK REPORT)","INJURY AND / OR TOW DUE TO CRASH","Y",,,"OVER $1,500","2026-04-15T17:00:00.000","UNABLE TO DETERMINE","NOT APPLICABLE","6500","W","DIVERSEY AVE","2511",,,,,,,"2","REPORTED, NOT EVIDENT","2","0","0","0","2","0","0","15","4","4","41.9310652954","-87.7881976324","POINT (-87.788197632376 41.931065295397)"
"101607c4fbdbf180eb61c369585a6f1827a367f3f6889604c9b5a48422d9f3ce3ee6156ec9e2a9ac9121863b23dd190e5c0a3853f8b76f636174ac0825cba393",,"2026-04-15T15:34:00.000","30","NO CONTROLS","NO CONTROLS","CLEAR","DAYLIGHT","REAR END","NOT DIVIDED",,"STRAIGHT AND LEVEL","DRY","NO DEFECTS","ON SCENE","NO INJURY / DRIVE AWAY",,,,"$501 - $1,500","2026-04-15T15:34:00.000","UNABLE TO DETERMINE","UNABLE TO DETERMINE","5430","W","ADDISON ST","1633",,,,,,,"2","NO INDICATION OF INJURY","0","0","0","0","0","2","0","15","4","4","41.9460335265","-87.7631297348","POINT (-87.763129734776 41.946033526451)"
"28ac685add43e4abf302c5577209277e4c36606c0fc76c36493798f4fa4f5d81a97183fbb49e1eaff6146d1396f9d655c68b54e72df6dbe9ccb8b6e512e31ef8",,"2026-04-15T15:30:00.000","20","TRAFFIC SIGNAL","FUNCTIONING PROPERLY","UNKNOWN","DAYLIGHT","TURNING","DIVIDED - W/MEDIAN (NOT RAISED)",,"STRAIGHT AND LEVEL","UNKNOWN","UNKNOWN","NOT ON SCENE (DESK REPORT)","NO INJURY / DRIVE AWAY",,,"Y","$501 - $1,500","2026-04-16T07:30:00.000","UNABLE TO DETERMINE","UNABLE TO DETERMINE","728","S","CICERO AVE","1533",,,,,,,"2","NO INDICATION OF INJURY","0","0","0","0","0","2","0","15","4","4","41.8712887333","-87.7450732032","POINT (-87.745073203162 41.871288733308)"
"31dd62ac222c95426a4170d6ab7eb58550cfe60f873eee625951ae50a7951c82cd0b436517af50fb31295aa4fce4d329989edb14454e143c52f588ba75f0e981",,"2026-04-15T15:30:00.000","30","UNKNOWN","UNKNOWN","UNKNOWN","UNKNOWN","SIDESWIPE OPPOSITE DIRECTION","UNKNOWN",,"STRAIGHT AND LEVEL","UNKNOWN","UNKNOWN","NOT ON SCENE (DESK REPORT)","NO INJURY / DRIVE AWAY",,,,"OVER $1,500","2026-04-15T16:25:00.000","UNABLE TO DETERMINE","NOT APPLICABLE","4343","S","PULASKI RD","821",,,,,,,"2","NO INDICATION OF INJURY","0","0","0","0","0","2","0","15","4","4","41.8139143113","-87.7236649419","POINT (-87.723664941947 41.813914311347)"
"a95c71b73051046a2e1067278a0dc93913ad9b20e4a42a255f0a075cececab7fe0e35ef01c8e150d81e9e4d7b9b89d72fd8cd17edaa4cd800f27ba91f9df596d",,"2026-04-15T15:30:00.000","30","NO CONTROLS","UNKNOWN","UNKNOWN","UNKNOWN","SIDESWIPE SAME DIRECTION","NOT DIVIDED",,"STRAIGHT AND LEVEL","UNKNOWN","UNKNOWN","NOT ON SCENE (DESK REPORT)","NO INJURY / DRIVE AWAY",,,,"OVER $1,500","2026-04-15T20:00:00.000","IMPROPER OVERTAKING/PASSING","NOT APPLICABLE","2215","W","POTOMAC AVE","1424",,,,,,,"2","NO INDICATION OF INJURY","0","0","0","0","0","2","0","15","4","4","41.9048039829","-87.6828920721","POINT (-87.68289207208 41.904803982911)"
"c11d54292699080a1951b603a2079ee2f52a20bbd11834cfedbcc5fe96cda1de91bd87d6cf5457e16dc5663c831e3a8cf5b2a58527d695d3b2e1fc53561673af",,"2026-04-15T15:30:00.000","30","NO CONTROLS","NO CONTROLS","RAIN","DAYLIGHT","REAR END","NOT DIVIDED",,"STRAIGHT AND LEVEL","WET","NO DEFECTS","NOT ON SCENE (DESK REPORT)","NO INJURY / DRIVE AWAY",,,,"OVER $1,500","2026-04-16T07:45:00.000","FOLLOWING TOO CLOSELY","UNABLE TO DETERMINE","103","N","LARAMIE AVE","1532",,,,,,,"2","NO INDICATION OF INJURY","0","0","0","0","0","2","0","15","4","4","41.882495058","-87.7549973119","POINT (-87.754997311944 41.882495057987)"
"c3e3f27dfc70bc57b2303151b2e061985243d33da83994eaf9cd3bfd157106bcaa4164a5d92a1c44fe1053de88abd5a6ef9fa692a6011d22695904841ff4a450",,"2026-04-15T15:30:00.000","30","NO CONTROLS","NO CONTROLS","CLEAR","DAYLIGHT","REAR END","NOT DIVIDED",,"STRAIGHT AND LEVEL","DRY","NO DEFECTS","NOT ON SCENE (DESK REPORT)","NO INJURY / DRIVE AWAY",,,,"$501 - $1,500","2026-04-15T16:12:00.000","FOLLOWING TOO CLOSELY","FOLLOWING TOO CLOSELY","5430","N","NAGLE AVE","1613",,,,,,,"2","NO INDICATION OF INJURY","0","0","0","0","0","2","0","15","4","4","41.9802039594","-87.7879347557","POINT (-87.787934755693 41.980203959385)"
"c4d339e28c7a9ed4abade6660d3b0db5030b72a2e4f214e0e5a86005be9f6399c746933822cfad4448895147418ea3ce35981ba5fc2ad735549af5eacbf48f17",,"2026-04-15T15:30:00.000","30","TRAFFIC SIGNAL","UNKNOWN","UNKNOWN","UNKNOWN","TURNING","FOUR WAY",,"STRAIGHT AND LEVEL","UNKNOWN","UNKNOWN","NOT ON SCENE (DESK REPORT)","NO INJURY / DRIVE AWAY",,,,"OVER $1,500","2026-04-15T16:15:00.000","UNABLE TO DETERMINE","NOT APPLICABLE","6458","W","GRAND AVE","2512",,,,,,,"2","NO INDICATION OF INJURY","0","0","0","0","0","2","0","15","4","4","41.9233132029","-87.7875747344","POINT (-87.787574734379 41.923313202931)"
"fc735559ddca908a95c6a816ef7a0e1d872d0ab3bae60ecaa56694d2c288f2bd68da26cc2b30c6cd328797aba0241d5a4503770f2876b4da5a5a8c72fff0ad74",,"2026-04-15T15:30:00.000","30","UNKNOWN","UNKNOWN","CLOUDY/OVERCAST","DAYLIGHT","PARKED MOTOR VEHICLE","NOT DIVIDED",,"STRAIGHT AND LEVEL","UNKNOWN","UNKNOWN","NOT ON SCENE (DESK REPORT)","NO INJURY / DRIVE AWAY",,,,"OVER $1,500","2026-04-15T17:15:00.000","UNABLE TO DETERMINE","UNABLE TO DETERMINE","947","N","STATE ST","1833",,,,,,,"2","NO INDICATION OF INJURY","0","0","0","0","0","1","0","15","4","4","41.9004969313","-87.6281629609","POINT (-87.628162960923 41.900496931331)"