"crash_record_id","crash_date_est_i","crash_date","posted_speed_limit","traffic_control_device","device_condition","weather_condition","lighting_condition","first_crash_type","trafficway_type","lane_cnt","alignment","roadway_surface_cond","road_defect","report_type","crash_type","intersection_related_i","private_property_i","hit_and_run_i","damage","date_police_notified","prim_contributory_cause","sec_contributory_cause","street_no","street_direction","street_name","beat_of_occurrence","photos_taken_i","statements_taken_i","dooring_i","work_zone_i","work_zone_type","workers_present_i","num_units","most_severe_injury","injuries_total","injuries_fatal","injuries_incapacitating","injuries_non_incapacitating","injuries_reported_not_evident","injuries_no_indication","injuries_unknown","crash_hour","crash_day_of_week","crash_month","latitude","longitude","location"
"fd8b86adff7849dad52b9bda92362d9143b3c5b68f87cb9abd7e77abe8a2fd0e1488ccb79a046f0d575c8055de0d5c0f31e97f830a84735743c4bf7774c8b91f",,"2026-04-15T15:30:00.000","30","NO CONTROLS","NO CONTROLS","UNKNOWN","UNKNOWN","REAR END","DIVIDED - W/MEDIAN BARRIER",,"STRAIGHT AND LEVEL","UNKNOWN","UNKNOWN","NOT ON SCENE (DESK REPORT)","NO INJURY / DRIVE AWAY",,,"Y","OVER $1,500","2026-04-15T17:41:00.000","FOLLOWING TOO CLOSELY","NOT APPLICABLE","3100","S","WESTERN AVE","911",,,,,,,"2","NO INDICATION OF INJURY","0","0","0","0","0","3","0","15","4","4","41.8377948997","-87.685148751","POINT (-87.685148751027 41.837794899723)"
"98394fd4741796098b250e86e48253be30c2d37fdd89bf8e3025a44820bb2084ef98ea83330df5694dd55e21ce311b037725bfd8e221715e91ee8094fd826383",,"2026-04-15T15:29:00.000","30","NO CONTROLS","NO CONTROLS","CLEAR","DAYLIGHT","SIDESWIPE SAME DIRECTION","NOT DIVIDED",,"STRAIGHT AND LEVEL","DRY","NO DEFECTS","ON SCENE","INJURY AND / OR TOW DUE TO CRASH",,,,"OVER $1,500","2026-04-15T15:29:00.000","DRIVING SKILLS/KNOWLEDGE/EXPERIENCE","FAILING TO YIELD RIGHT-OF-WAY","1542","W","JONQUIL TER","2422",,,,,,,"2","NO INDICATION OF INJURY","0","0","0","0","0","2","0","15","4","4","42.0212577646","-87.6700176528","POINT (-87.670017652826 42.021257764588)"
"9f3cbc8dced1ea5d340d8aed5997a17e5b4d9cc604fc5bca28834bbf049fc4724186da26a69ebc1254dadb3768bf64132b5ccb03fb7620a75ea09da2a3647139",,"2026-04-15T15:28:00.000","30","UNKNOWN","UNKNOWN","CLEAR","DAYLIGHT","ANGLE","FOUR WAY",,"STRAIGHT AND LEVEL","DRY","NO DEFECTS","ON SCENE","INJURY AND / OR TOW DUE TO CRASH","Y",,,"OVER $1,500","2026-04-15T15:28:00.000","FAILING TO YIELD RIGHT-OF-WAY","DISREGARDING YIELD SIGN","7200","S","RACINE AVE","734",,,,,,,"4","REPORTED, NOT EVIDENT","2","0","0","0","2","0","0","15","4","4","41.7631892282","-87.6542136755","POINT (-87.654213675518 41.763189228173)"
"250ff9eb97e8f4971e13eef3e1d2d74f23df91763cf08fd86b3843c17ae37f75350d4eb5c098bead81813d02316faf85052e4afedf8b3b7185e3d431fba079b8",,"2026-04-15T15:15:00.000","30","TRAFFIC SIGNAL","FUNCTIONING PROPERLY","CLEAR","DAYLIGHT","TURNING","NOT DIVIDED",,"STRAIGHT AND LEVEL","DRY","NO DEFECTS","NOT ON SCENE (DESK REPORT)","NO INJURY / DRIVE AWAY","Y",,,"OVER $1,500","2026-04-16T12:19:00.000","IMPROPER TURNING/NO SIGNAL","NOT APPLICABLE","1801","S","MICHIGAN AVE","132",,,,,,,"2","NO INDICATION OF INJURY","0","0","0","0","0","2","0","15","4","4","41.8578167732","-87.623785007","POINT (-87.623785007005 41.857816773234)"
"78745ea74df801afd7a1dd6da25a8f6445a949223469fa360fcb8f36cf3832c048fa720210701304d379c7d9b28f06095c0dd3323379fe968dd789846906734c",,"2026-04-15T15:11:00.000","30","STOP SIGN/FLASHER","FUNCTIONING PROPERLY","CLEAR","DAYLIGHT","PEDALCYCLIST","FOUR WAY",,"STRAIGHT AND LEVEL","DRY","UNKNOWN","ON SCENE","NO INJURY / DRIVE AWAY","Y",,,"$501 - $1,500","2026-04-15T15:11:00.000","UNABLE TO DETERMINE","NOT APPLICABLE","2501","E","73RD ST","334",,,,,,,"2","NO INDICATION OF INJURY","0","0","0","0","0","3","0","15","4","4","41.7625385993","-87.5640992424","POINT (-87.564099242379 41.762538599271)"
"eb04777947747f3227b9b9c9e27088492d144d36104edcff57b1397860ba390efc729210429c05ee353d7ed7ffcca6e7866cbb6e6c74ed8f868652e0cfd91464",,"2026-04-15T15:09:00.000","30","NO CONTROLS","NO CONTROLS","CLEAR","DAYLIGHT","PARKED MOTOR VEHICLE","NOT DIVIDED",,"STRAIGHT AND LEVEL","DRY","NO DEFECTS","NOT ON SCENE (DESK REPORT)","NO INJURY / DRIVE AWAY",,,,"OVER $1,500","2026-04-15T17:05:00.000","FOLLOWING TOO CLOSELY","NOT APPLICABLE","3549","N","RETA AVE","1924",,,,,,,"2","NO INDICATION OF INJURY","0","0","0","0","0","1","0","15","4","4","41.9469265118","-87.6505387518","POINT (-87.6505387518 41.946926511846)"
"24e5960a68b4110456838ef38a5d350887fc2b219b520ea1210806269e74e791656701e89333bf0a02b18a8c18971d4655f408ae26e243121eff1e381884ac49",,"2026-04-15T15:07:00.000","30","NO CONTROLS","NO CONTROLS","CLEAR","DAYLIGHT","SIDESWIPE SAME DIRECTION","NOT DIVIDED",,"STRAIGHT AND LEVEL","DRY","NO DEFECTS","NOT ON SCENE (DESK REPORT)","NO INJURY / DRIVE AWAY",,,,"OVER $1,500","2026-04-15T16:25:00.000","UNABLE TO DETERMINE","UNABLE TO DETERMINE","5212","N","CALIFORNIA AVE","2011",,,,,,,"2","NO INDICATION OF INJURY","0","0","0","0","0","2","0","15","4","4","41.9762710548","-87.6990860429","POINT (-87.699086042937 41.976271054764)"
"b16e9a26394779506ee42f23f5ad39a753431c72155236c51f7562fa286a904e6b7970ef4290877d7d01df10d26ab368061210d59a73131dee7ca6a687b0dc45",,"2026-04-15T15:05:00.000","30","TRAFFIC SIGNAL","FUNCTIONING PROPERLY","CLEAR","DAYLIGHT","REAR END","NOT DIVIDED",,"STRAIGHT AND LEVEL","DRY","UNKNOWN","NOT ON SCENE (DESK REPORT)","NO INJURY / DRIVE AWAY",,,,"OVER $1,500","2026-04-15T15:49:00.000","FOLLOWING TOO CLOSELY","FOLLOWING TOO CLOSELY","430","W","OHIO ST","1831",,,,,,,"2","NO INDICATION OF INJURY","0","0","0","0","0","2","0","15","4","4","41.8924190185","-87.6398641061","POINT (-87.639864106057 41.89241901847)"
"6cf1cfbfd4457bc68bfe629385b0c377acc3af39785c6663919ee02378bb623b1d809a5632f856abc6df46f9a1441ed8c50d4b10e0856d6180ae2c5097e31ab2",,"2026-04-15T15:00:00.000","30","TRAFFIC SIGNAL","FUNCTIONING PROPERLY","CLEAR","DAYLIGHT","SIDESWIPE SAME DIRECTION","NOT DIVIDED",,"STRAIGHT AND LEVEL","DRY","NO DEFECTS","NOT ON SCENE (DESK REPORT)","NO INJURY / DRIVE AWAY",,,,"$500 OR LESS","2026-04-15T16:41:00.000","FOLLOWING TOO CLOSELY","NOT APPLICABLE","8605","S","HALSTED ST","622",,,,,,,"2","NO INDICATION OF INJURY","0","0","0","0","0","2","0","15","4","4","41.7378491997","-87.6435208565","POINT (-87.643520856539 41.73784919965)"
"dfbe6a03222bb20ada22e52e497aa39fe7a2560d829785c3d4dad9fe121415023f3a9f2bcb648dc0e3c5d259a8dc5dadb03754baf396d3427c17aafc228ec609",,"2026-04-15T14:57:00.000","30","NO CONTROLS","NO CONTROLS","CLEAR","DAYLIGHT","SIDESWIPE SAME DIRECTION","NOT DIVIDED",,"STRAIGHT AND LEVEL","DRY","UNKNOWN","ON SCENE","NO INJURY / DRIVE AWAY","N",,,"$501 - $1,500","2026-04-15T18:30:00.000","UNABLE TO DETERMINE","UNABLE TO DETERMINE","6930","S","SOUTH SHORE DR","331",,,,,,,"2","NO INDICATION OF INJURY","0","0","0","0","0","2","0","14","4","4","41.7689605201","-87.5666705373","POINT (-87.566670537337 41.768960520114)"
"8daf879fe1abf47caa44008c79b79088c915f76b0fdc72a366954ff379dd17696ffbd2152d2ee5e6daac27882b73cc2abed2b32cda460778de864b6c8ee576a6",,"2026-04-15T14:55:00.000","30","TRAFFIC SIGNAL","FUNCTIONING PROPERLY","CLEAR","DAYLIGHT","SIDESWIPE SAME DIRECTION","NOT DIVIDED",,"STRAIGHT AND LEVEL","DRY","NO DEFECTS","NOT ON SCENE (DESK REPORT)","NO INJURY / DRIVE AWAY",,,,"OVER $1,500","2026-04-15T16:12:00.000","IMPROPER TURNING/NO SIGNAL","NOT APPLICABLE","783","W","111TH ST","2233",,,,,,,"2","NO INDICATION OF INJURY","0","0","0","0","0","2","0","14","4","4","41.6922468149","-87.6423162237","POINT (-87.642316223683 41.692246814917)"
"105bd1582844e7bda260ab2f80c553d55ff9fcdf8050b9dde4a2fc257a672b4aadcacf261e2eb86f4c7d8deb01aef2fdfac72d2f3e54b2993e19521eecc5095b","Y","2026-04-15T14:50:00.000","30","UNKNOWN","UNKNOWN","UNKNOWN","UNKNOWN","SIDESWIPE SAME DIRECTION","PARKING LOT",,"STRAIGHT AND LEVEL","UNKNOWN","UNKNOWN","NOT ON SCENE (DESK REPORT)","NO INJURY / DRIVE AWAY",,,,"OVER $1,500","2026-04-15T15:50:00.000","UNABLE TO DETERMINE","NOT APPLICABLE","7251","S","SOUTH SHORE DR","334",,,,,,,"2","NO INDICATION OF INJURY","0","0","0","0","0","2","0","14","4","4","41.7646147089","-87.5609753232","POINT (-87.560975323163 41.764614708883)"
"28582d32c7be318570777fbc79a0650bda6fbf79aecf6dd60f427fe17a2ab5aa671c2bbfa269622b5804d312b2e0ed0c57820944e203596f8b3f0dc5a7ddc0b3",,"2026-04-15T14:40:00.000","30","TRAFFIC SIGNAL","NO CONTROLS","CLOUDY/OVERCAST","DAYLIGHT","ANGLE","NOT DIVIDED",,"STRAIGHT AND LEVEL","DRY","NO DEFECTS","ON SCENE","INJURY AND / OR TOW DUE TO CRASH","Y",,,"OVER $1,500","2026-04-15T14:43:00.000","FAILING TO YIELD RIGHT-OF-WAY","NOT APPLICABLE","2900","W","WARREN BLVD","1222",,,,,,,"2","NO INDICATION OF INJURY","0","0","0","0","0","3","0","14","4","4","41.8820774783","-87.6988936285","POINT (-87.698893628517 41.88207747828)"
"2ceadc43e51afd580b5f772239bb578b88c5bb20282b090ec2cd43f0ab5739b2172592646fa707a3d0a5260c8daa4a3502f8477cdd6d4ee11a883b0039492b43",,"2026-04-15T14:40:00.000","10","NO CONTROLS","NO CONTROLS","CLOUDY/OVERCAST","DAYLIGHT","PARKED MOTOR VEHICLE","PARKING LOT",,"STRAIGHT AND LEVEL","DRY","NO DEFECTS","NOT ON SCENE (DESK REPORT)","NO INJURY / DRIVE AWAY",,"Y",,"$500 OR LESS","2026-04-16T14:00:00.000","UNABLE TO DETERMINE","UNABLE TO DETERMINE","2526","W","CERMAK RD","1023",,,,,,,"2",,,,,,,,,"14","4","4","41.8521006532","-87.6890511106","POINT (-87.689051110607 41.85210065324)"
"0ad0a9e9fdccdb2ee7f6aab87c56556aa18a838daa1d5f15030015a19924bbf6ff2f446053f109cc44741f01b74b816012851c0c42a24738d0fdef75007b5fb0",,"2026-04-15T14:37:00.000","30","STOP SIGN/FLASHER","FUNCTIONING PROPERLY","CLEAR","DAYLIGHT","TURNING","NOT DIVIDED",,"STRAIGHT AND LEVEL","DRY","NO DEFECTS","NOT ON SCENE (DESK REPORT)","NO INJURY / DRIVE AWAY",,,"Y","OVER $1,500","2026-04-15T17:00:00.000","IMPROPER TURNING/NO SIGNAL","UNABLE TO DETERMINE","6033","W","DIVERSEY AVE","2512",,,,,,,"2","NO INDICATION OF INJURY","0","0","0","0","0","2","0","14","4","4","41.9310107261","-87.7773171813","POINT (-87.777317181258 41.931010726115)"
"93571c606cfc539f9d711cbbb8f0b3e22395d24890aa76acb22d0a29e8ffc67b172de6704bf689529a7bbd533fce65914c20839448980eda9dadd5f8ea4cb22a","Y","2026-04-15T14:30:00.000","30","UNKNOWN","UNKNOWN","UNKNOWN","UNKNOWN","PARKED MOTOR VEHICLE","PARKING LOT",,"STRAIGHT AND LEVEL","UNKNOWN","UNKNOWN","NOT ON SCENE (DESK REPORT)","NO INJURY / DRIVE AWAY",,,"Y","OVER $1,500","2026-04-15T17:40:00.000","UNABLE TO DETERMINE","NOT APPLICABLE","740","E","ADMINISTRATION DR","233",,,,,,,"2","NO INDICATION OF INJURY","0","0","0","0","0","1","0","14","4","4","41.7924800225","-87.6068525232","POINT (-87.606852523192 41.792480022474)"
"9bb6bf44a581aac0773d7d6940538796b4cd700ea81af1029d56588778bbfffd57686f183700391851c8a86b342a0a6ecb416990b00ea9b0f7e2b819f0deb00c",,"2026-04-15T14:25:00.000","30","STOP SIGN/FLASHER","FUNCTIONING PROPERLY","RAIN","DAYLIGHT","OTHER OBJECT","NOT DIVIDED",,"STRAIGHT AND LEVEL","WET","NO DEFECTS","ON SCENE","NO INJURY / DRIVE AWAY",,,,"OVER $1,500","2026-04-15T15:00:00.000","WEATHER","UNABLE TO DETERMINE","10600","S","AVENUE J","432",,,,,,,"1","NO INDICATION OF INJURY","0","0","0","0","0","1","0","14","4","4","41.7026370435","-87.534227373","POINT (-87.534227372979 41.702637043466)"
"0fea8bda31214aa29568e215e298b38bf39fc581a34eaeaf72373010b90df19133704c24af64a5129b93eef99430ce24489ae63356dae0505ca3dde7ab3f8724",,"2026-04-15T14:20:00.000","30","TRAFFIC SIGNAL","FUNCTIONING PROPERLY","CLEAR","DAYLIGHT","SIDESWIPE OPPOSITE DIRECTION","FOUR WAY",,"STRAIGHT AND LEVEL","DRY","NO DEFECTS","NOT ON SCENE (DESK REPORT)","NO INJURY / DRIVE AWAY","Y",,"Y","OVER $1,500","2026-04-15T20:40:00.000","DRIVING ON WRONG SIDE/WRONG WAY","NOT APPLICABLE","7190","W","GRAND AVE","2512",,,,,,,"2","NO INDICATION OF INJURY","0","0","0","0","0","3","0","14","4","4","41.9240771998","-87.8059870873","POINT (-87.805987087323 41.924077199813)"
"867b6628c820e7d00d0a99e0ac31cc1caa5a1a192ae52686c9499ed38488b5dd358f36b4b06eaccc12e11259c374cf36d35886a455442b54bf01493b7e6174f7",,"2026-04-15T14:15:00.000","30","UNKNOWN","UNKNOWN","CLOUDY/OVERCAST","DAYLIGHT","SIDESWIPE SAME DIRECTION","NOT DIVIDED",,"STRAIGHT AND LEVEL","UNKNOWN","UNKNOWN","NOT ON SCENE (DESK REPORT)","NO INJURY / DRIVE AWAY",,,,"OVER $1,500","2026-04-15T14:50:00.000","UNABLE TO DETERMINE","UNABLE TO DETERMINE","666","N","ORLEANS ST","1831",,,,,,,"2","NO INDICATION OF INJURY","0","0","0","0","0","2","0","14","4","4","41.8942772248","-87.6372582532","POINT (-87.637258253181 41.894277224763)"
"fe6c633c402898dd48999755c73d9b8fd4f784a91623968a866756965862a172aad0357558d386e46a8b539c6cbf1c7c16a4fa44e8e51a08de7302c400de0f72",,"2026-04-15T14:03:00.000","5","NO CONTROLS","NO CONTROLS","CLEAR","DAYLIGHT","PARKED MOTOR VEHICLE","ALLEY",,"STRAIGHT AND LEVEL","DRY","UNKNOWN","ON SCENE","NO INJURY / DRIVE AWAY",,,"Y","$501 - $1,500","2026-04-15T14:03:00.000","DRIVING SKILLS/KNOWLEDGE/EXPERIENCE","UNABLE TO DETERMINE","161","E","CHICAGO AVE","1833",,,,,,,"2","NO INDICATION OF INJURY","0","0","0","0","0","1","0","14","4","4","41.8966406004","-87.6231084813","POINT (-87.623108481288 41.896640600449)"
"264a6d4937385beb257277010d8ce5616b54b0a47cc6c38fb9df74199c6eb16586f17cc5283d659877b999bee2d10b3720ee2cf9b7e92ef7d981807c141727e9",,"2026-04-15T14:00:00.000","30","TRAFFIC SIGNAL","FUNCTIONING PROPERLY","CLEAR","DAYLIGHT","SIDESWIPE SAME DIRECTION","DIVIDED - W/MEDIAN (NOT RAISED)",,"STRAIGHT AND LEVEL","DRY","NO DEFECTS","NOT ON SCENE (DESK REPORT)","NO INJURY / DRIVE AWAY",,,,"$501 - $1,500","2026-04-15T16:10:00.000","UNABLE TO DETERMINE","NOT APPLICABLE","3148","W","CERMAK RD","1022",,,,,,,"2","NO INDICATION OF INJURY","0","0","0","0","0","2","0","14","4","4","41.851882181","-87.7047392189","POINT (-87.704739218889 41.851882181028)"
"87da3a4d6fb3a65268bdecde625077522b2d66c35ab41aef933d88fdd967ffc5d8973ad948ff4234c1adef3d11648041bdcf9f3bca64963bae2fdee342d1fbc9",,"2026-04-15T14:00:00.000","25","NO CONTROLS","NO CONTROLS","CLEAR","DAYLIGHT","PARKED MOTOR VEHICLE","NOT DIVIDED",,"STRAIGHT AND LEVEL","UNKNOWN","UNKNOWN","NOT ON SCENE (DESK REPORT)","NO INJURY / DRIVE AWAY",,,,"$501 - $1,500","2026-04-15T14:45:00.000","UNABLE TO DETERMINE","UNABLE TO DETERMINE","7363","N","GREENVIEW AVE","2423",,,,,,,"2","NO INDICATION OF INJURY","0","0","0","0","0","1","0","14","4","4","42.0157110175","-87.6679800907","POINT (-87.667980090699 42.015711017529)"
"ccdb2517ab12d9fa10554354bf8cf5383be4b75ce94ed56a3a848a1c3f9dfd07c377bb10dbb8496d02387a1cfc702e76bfc0d9537f1f6ce00b87970bbd2712be",,"2026-04-15T14:00:00.000","30","UNKNOWN","UNKNOWN","UNKNOWN","UNKNOWN","SIDESWIPE OPPOSITE DIRECTION","UNKNOWN",,"STRAIGHT AND LEVEL","UNKNOWN","UNKNOWN","NOT ON SCENE (DESK REPORT)","NO INJURY / DRIVE AWAY",,,,"OVER $1,500","2026-04-15T18:15:00.000","UNABLE TO DETERMINE","NOT APPLICABLE","6647","S","WESTERN AVE","832",,,,,,,"2","NO INDICATION OF INJURY","0","0","0","0","0","2","0","14","4","4","41.7724064825","-87.6833095317","POINT (-87.683309531677 41.772406482508)"
"f355d64761e8cebb11c54f64159477c42b93dcbc867a5b23fa58c6c7fc2756c4ed48ca9f8789c8b4b9a206c29003e3765ea4c30c2e8d83c4d82b78ee6c9ed3c5",,"2026-04-15T14:00:00.000","30","STOP SIGN/FLASHER","FUNCTIONING PROPERLY","OTHER","DAYLIGHT","ANGLE","FOUR WAY",,"STRAIGHT AND LEVEL","WET","UNKNOWN","ON SCENE","INJURY AND / OR TOW DUE TO CRASH","Y",,,"OVER $1,500","2026-04-15T14:06:00.000","FAILING TO REDUCE SPEED TO AVOID CRASH","FAILING TO YIELD RIGHT-OF-WAY","4800","S","MICHIGAN AVE","224",,,,,,,"2","NONINCAPACITATING INJURY","2","0","0","2","0","0","0","14","4","4","41.8073730019","-87.6229305547","POINT (-87.622930554709 41.807373001937)"
"ac8ee8a867842ea68a70db682bf1919370cdc939fc69d12f232bfb35c141c1a3f1272215fc6fcb91922df2d4c27601dfca0ad0d5344aa25d812a8a48faa7e359",,"2026-04-15T13:57:00.000","30","UNKNOWN","UNKNOWN","CLOUDY/OVERCAST","DAYLIGHT","FIXED OBJECT","T-INTERSECTION",,"STRAIGHT AND LEVEL","WET","UNKNOWN","ON SCENE","NO INJURY / DRIVE AWAY",,,,"OVER $1,500","2026-04-15T13:57:00.000","UNABLE TO DETERMINE","NOT APPLICABLE","1143","W","PATTERSON AVE","1923",,,,,,,"1","NO INDICATION OF INJURY","0","0","0","0","0","1","0","13","4","4","41.9479505878","-87.6590906074","POINT (-87.659090607414 41.947950587823)"
"89c57795b068b733ff7588ef409ea47c494ba9c29443033c4fbc62f93069421e816cc880839e951ca06c9b63fa0faf161114bd62b2b0a0e31e4cd372689a2e04",,"2026-04-15T13:54:00.000","30","NO CONTROLS","NO CONTROLS","CLOUDY/OVERCAST","DAYLIGHT","REAR END","ONE-WAY",,"STRAIGHT AND LEVEL","WET","NO DEFECTS","ON SCENE","NO INJURY / DRIVE AWAY",,,,"$500 OR LESS","2026-04-15T13:54:00.000","UNABLE TO DETERMINE","UNABLE TO DETERMINE","3037","W","FLOURNOY ST","1134",,,,,,,"2","NO INDICATION OF INJURY","0","0","0","0","0","2","0","13","4","4","41.8727037391","-87.7024755352","POINT (-87.702475535198 41.872703739065)"
"24f316f3b29fe66c2325205e30843a7e137396dd74fcb5f6f10a201de2c0dd50252470d630882ed0002b9516f63aa6af3fd0a02dbb096912d3ef39f554e12411",,"2026-04-15T13:50:00.000","30","NO CONTROLS","NO CONTROLS","CLEAR","DAYLIGHT","PARKED MOTOR VEHICLE","NOT DIVIDED",,"STRAIGHT AND LEVEL","DRY","NO DEFECTS","NOT ON SCENE (DESK REPORT)","NO INJURY / DRIVE AWAY",,,,"$501 - $1,500","2026-04-15T16:00:00.000","FOLLOWING TOO CLOSELY","NOT APPLICABLE","7361","N","GREENVIEW AVE","2423",,,,,,,"2","NO INDICATION OF INJURY","0","0","0","0","0","2","0","13","4","4","42.0156535362","-87.6679780062","POINT (-87.667978006194 42.015653536221)"
"99e310d9de96c43bf99c9d5609a237008c88a3447b507e87cef6898f7fa8e2f58c8958771da2fdfd7e2b5e30982f46a9fce91ea3dfff8d4e8da6041e54c39548",,"2026-04-15T13:48:00.000","30","NO CONTROLS","NO CONTROLS","CLEAR","DAYLIGHT","TURNING","NOT DIVIDED",,"STRAIGHT AND LEVEL","DRY","NO DEFECTS","NOT ON SCENE (DESK REPORT)","NO INJURY / DRIVE AWAY",,,,"OVER $1,500","2026-04-15T14:25:00.000","IMPROPER TURNING/NO SIGNAL","NOT APPLICABLE","3354","W","16TH ST","1021",,,,,,,"2","NO INDICATION OF INJURY","0","0","0","0","0","2","0","13","4","4","41.8591416558","-87.7101050876","POINT (-87.710105087603 41.85914165578)"
"f9aff9c2e12d36ff4a72645960322a5caf57a1d782938991386967bf9d334948d0e728a205faa2a1aa8061ce54cf31e61179b85779c91d972bfa5608b9efe293",,"2026-04-15T13:47:00.000","10","NO CONTROLS","NO CONTROLS","UNKNOWN","UNKNOWN","ANGLE","PARKING LOT",,"STRAIGHT AND LEVEL","UNKNOWN","UNKNOWN","NOT ON SCENE (DESK REPORT)","INJURY AND / OR TOW DUE TO CRASH",,"Y",,"OVER $1,500","2026-04-15T14:00:00.000","UNABLE TO DETERMINE","NOT APPLICABLE","2555","N","NORMANDY AVE","2512",,,,,,,"2","REPORTED, NOT EVIDENT","1","0","0","0","1","2","0","13","4","4","41.9269248056","-87.7927510481","POINT (-87.792751048065 41.926924805601)"
"6c1265eb95dd7549deb7c30d144eef0d03c8a40241a2f20f0c559f12e6ac591c8559b9c2036706428b8a23a0a6e3a0a446e0b159a4f8001297349d35934ce6b3",,"2026-04-15T13:45:00.000","30","NO CONTROLS","NO CONTROLS","CLEAR","DAYLIGHT","PARKED MOTOR VEHICLE","NOT DIVIDED",,"STRAIGHT AND LEVEL","DRY","NO DEFECTS","NOT ON SCENE (DESK REPORT)","NO INJURY / DRIVE AWAY",,,,"$500 OR LESS","2026-04-15T14:33:00.000","UNABLE TO DETERMINE","FAILING TO YIELD RIGHT-OF-WAY","8100","S","ASHLAND AVE","614",,,,,,,"2","NO INDICATION OF INJURY","0","0","0","0","0","1","0","13","4","4","41.7466220628","-87.6634893333","POINT (-87.663489333293 41.746622062843)"
"8bba0c5f8dfe0ca78e19f6809f91da30f6890344fbf053dc998434f271122df30a8537c006e690dadf724de73b1ccad3fe13a84f298270d2499e93a2d5f72f7a",,"2026-04-15T13:40:00.000","20","UNKNOWN","UNKNOWN","UNKNOWN","UNKNOWN","PARKED MOTOR VEHICLE","NOT DIVIDED",,"STRAIGHT AND LEVEL","UNKNOWN","UNKNOWN","NOT ON SCENE (DESK REPORT)","NO INJURY / DRIVE AWAY",,,,"OVER $1,500","2026-04-15T16:20:00.000","UNABLE TO DETERMINE","UNABLE TO DETERMINE","2352","N","DRAKE AVE","1413",,,,,,,"2","NO INDICATION OF INJURY","0","0","0","0","0","2","0","13","4","4","41.9243983091","-87.7155218491","POINT (-87.715521849065 41.924398309098)"
"fdc71da790e51631892c2870c6347d2edfd3a3a32b0dfa64e181f237cc7e6a715946f1c9d925e5c3b6d1c4b7d6094a01d4d6e1b8abadffb83a0a980440e5f949",,"2026-04-15T13:40:00.000","15","NO CONTROLS","NO CONTROLS","UNKNOWN","DAYLIGHT","PARKED MOTOR VEHICLE","PARKING LOT",,"STRAIGHT AND LEVEL","UNKNOWN","UNKNOWN","NOT ON SCENE (DESK REPORT)","NO INJURY / DRIVE AWAY",,"Y","Y","$501 - $1,500","2026-04-15T15:45:00.000","UNABLE TO DETERMINE","NOT APPLICABLE","7588","N","WESTERN AVE","2411",,,,,,,"2","NO INDICATION OF INJURY","0","0","0","0","0","1","0","13","4","4","42.0194389987","-87.6903220221","POINT (-87.690322022083 42.019438998687)"
"c7e613faaf0e57483f838d0ef2a9f4918762dd3735d8a351326b311de706a8811bab348d445cde0017a6c257abcdbe0d83de9db0696c2a207e06d52e1ed5bbe5",,"2026-04-15T13:38:00.000","30","NO CONTROLS","NO CONTROLS","CLEAR","DAYLIGHT","PEDALCYCLIST","ONE-WAY",,"STRAIGHT AND LEVEL","DRY","NO DEFECTS","ON SCENE","INJURY AND / OR TOW DUE TO CRASH",,,,"$500 OR LESS","2026-04-15T13:44:00.000","IMPROPER OVERTAKING/PASSING","FAILING TO REDUCE SPEED TO AVOID CRASH","1329","N","WICKER PARK AVE","1424",,,"Y",,,,"2","INCAPACITATING INJURY","1","0","1","0","0","2","0","13","4","4","41.9064883203","-87.6729613586","POINT (-87.672961358603 41.906488320323)"
"4b85a2c88161c5bd7f3d797120a03d2659e5b612a603cc823e9587cc76e7c9a024898752fb9596fbda1a22a8d5e732a4dc99276c1a1888b751bf4d4d62b749cb",,"2026-04-15T13:30:00.000","30","TRAFFIC SIGNAL","FUNCTIONING PROPERLY","CLOUDY/OVERCAST","DAYLIGHT","REAR END","DIVIDED - W/MEDIAN (NOT RAISED)",,"STRAIGHT AND LEVEL","WET","NO DEFECTS","NOT ON SCENE (DESK REPORT)","NO INJURY / DRIVE AWAY",,,,"OVER $1,500","2026-04-15T14:50:00.000","NOT APPLICABLE","NOT APPLICABLE","4005","W","DIVISION ST","1111",,,,,,,"2","NO INDICATION OF INJURY","0","0","0","0","0","2","0","13","4","4","41.9025557808","-87.7265434061","POINT (-87.726543406059 41.902555780843)"
"90adec7b03e900ab37a1cfb31b1ff422f7a473ae94ec4d5aebae18da3c0f2d5c258a2b9719e168aaeba11bd34fbee11065753c99a55c522f4c975a9ad60c1d32",,"2026-04-15T13:30:00.000","30","NO CONTROLS","NO CONTROLS","CLOUDY/OVERCAST","DAYLIGHT","PARKED MOTOR VEHICLE","NOT DIVIDED",,"STRAIGHT AND LEVEL","DRY","NO DEFECTS","NOT ON SCENE (DESK REPORT)","NO INJURY / DRIVE AWAY",,,,"OVER $1,500","2026-04-15T14:45:00.000","UNABLE TO DETERMINE","NOT APPLICABLE","1950","W","DIVISION ST","1424",,,,,,,"2","NO INDICATION OF INJURY","0","0","0","0","0","2","0","13","4","4","41.9033070694","-87.676886675","POINT (-87.676886674969 41.903307069413)"
"cd84de06957f68877be73ee1dcdc2483f74cbaf4be9672f88c7a14da48892158795f8e9e444e51de1ead0f5b55bf61afd4b54c13d147333dc2ec94c2747bdde0",,"2026-04-15T13:28:00.000","30","NO CONTROLS","NO CONTROLS","RAIN","DAYLIGHT","REAR END","NOT DIVIDED",,"STRAIGHT AND LEVEL","WET","NO DEFECTS","NOT ON SCENE (DESK REPORT)","INJURY AND / OR TOW DUE TO CRASH",,,,"OVER $1,500","2026-04-15T15:45:00.000","WEATHER","NOT APPLICABLE","2545","W","AUGUSTA BLVD","1211",,,,,,,"2","REPORTED, NOT EVIDENT","1","0","0","0","1","1","0","13","4","4","41.8992264836","-87.6912020479","POINT (-87.691202047895 41.899226483646)"