"crash_record_id","crash_date_est_i","crash_date","posted_speed_limit","traffic_control_device","device_condition","weather_condition","lighting_condition","first_crash_type","trafficway_type","lane_cnt","alignment","roadway_surface_cond","road_defect","report_type","crash_type","intersection_related_i","private_property_i","hit_and_run_i","damage","date_police_notified","prim_contributory_cause","sec_contributory_cause","street_no","street_direction","street_name","beat_of_occurrence","photos_taken_i","statements_taken_i","dooring_i","work_zone_i","work_zone_type","workers_present_i","num_units","most_severe_injury","injuries_total","injuries_fatal","injuries_incapacitating","injuries_non_incapacitating","injuries_reported_not_evident","injuries_no_indication","injuries_unknown","crash_hour","crash_day_of_week","crash_month","latitude","longitude","location"
"10b5cff09b5c9d9d0e6f926d6f0ad531e4a18d99e77723cdbf510dcb268f85df7ec1d39cbc5d73f22ef8ff13e458e5503d143d85debd48f7b00da98e5ffbb226",,"2026-04-15T13:26:00.000","20","STOP SIGN/FLASHER","FUNCTIONING PROPERLY","CLEAR","DAYLIGHT","TURNING","FOUR WAY",,"STRAIGHT AND LEVEL","WET","UNKNOWN",,"INJURY AND / OR TOW DUE TO CRASH","Y",,"Y","OVER $1,500","2026-04-15T13:28:00.000","DISREGARDING STOP SIGN","DRIVING ON WRONG SIDE/WRONG WAY","2100","W","MARQUETTE RD","726",,,,,,,"2","REPORTED, NOT EVIDENT","2","0","0","0","2","1","0","13","4","4","41.7721547034","-87.6762090021","POINT (-87.676209002099 41.772154703374)"
"3802a3ee03ea3422d03049cdb976ad23c16c38217ab68030f37a6c840282822768dd8a2e39148b5d471e8de10d72ceb279d1583b7174c9ee5dfdcc326ccae64b",,"2026-04-15T13:25:00.000","30","NO CONTROLS","NO CONTROLS","CLEAR","DAYLIGHT","SIDESWIPE OPPOSITE DIRECTION","NOT DIVIDED",,"STRAIGHT AND LEVEL","DRY","NO DEFECTS","NOT ON SCENE (DESK REPORT)","NO INJURY / DRIVE AWAY",,,"Y","OVER $1,500","2026-04-15T14:15:00.000","UNABLE TO DETERMINE","UNABLE TO DETERMINE","1000","S","PULASKI RD","1132",,,,,,,"2","NO INDICATION OF INJURY","0","0","0","0","0","2","0","13","4","4","41.8690578078","-87.7254330557","POINT (-87.725433055664 41.869057807832)"
"892fd181d6881ece6080ade8353b61f570f31df6e27e20199a8f93531323b2b9f977a4eef7165337191d0bc1a3b97057bc8db77cbfbc9aadbf044acf7b81fe6e",,"2026-04-15T13:20:00.000","30","TRAFFIC SIGNAL","FUNCTIONING PROPERLY","CLOUDY/OVERCAST","DAYLIGHT","REAR END","DIVIDED - W/MEDIAN (NOT RAISED)",,"STRAIGHT AND LEVEL","WET","NO DEFECTS","NOT ON SCENE (DESK REPORT)","NO INJURY / DRIVE AWAY",,,,"OVER $1,500","2026-04-15T13:45:00.000","NOT APPLICABLE","NOT APPLICABLE","4805","W","DIVISION ST","1531",,,,,,,"2","NO INDICATION OF INJURY","0","0","0","0","0","2","0","13","4","4","41.9022391422","-87.7462495018","POINT (-87.746249501757 41.902239142154)"
"d23f6b26536c371ebbfb31a390debb8e0ef54a5e9d7825c00dabd29786da061e6b6c7f4c4023eff04d13724f69c7aacd01e314a7b3f60cf4aa8c585368dcd68e",,"2026-04-15T13:20:00.000","30","NO CONTROLS","NO CONTROLS","CLEAR","DAYLIGHT","TURNING","NOT DIVIDED",,"STRAIGHT AND LEVEL","DRY","NO DEFECTS",,"NO INJURY / DRIVE AWAY",,,,"OVER $1,500","2026-04-15T14:10:00.000","FAILING TO YIELD RIGHT-OF-WAY","FAILING TO YIELD RIGHT-OF-WAY","2738","W","DIVISION ST","1423",,,,,,,"2","NO INDICATION OF INJURY","0","0","0","0","0","2","0","13","4","4","41.9030418851","-87.6959930497","POINT (-87.695993049726 41.90304188513)"
"d834fc9a721bbde39cd33dae591b9a665842faf5ac7eca6523724b232ebd62c7d620b26a03dc508d224e2c93b9a8ad984b6ca92c668493d5db57c753a5b096ed",,"2026-04-15T13:15:00.000","30","TRAFFIC SIGNAL","FUNCTIONING PROPERLY","CLOUDY/OVERCAST","DAYLIGHT","REAR END","NOT DIVIDED",,"STRAIGHT AND LEVEL","WET","NO DEFECTS","NOT ON SCENE (DESK REPORT)","NO INJURY / DRIVE AWAY","Y",,,"$501 - $1,500","2026-04-15T14:00:00.000","FOLLOWING TOO CLOSELY","NOT APPLICABLE","1728","W","PETERSON AVE","2433",,,,,,,"3","NO INDICATION OF INJURY","0","0","0","0","0","3","0","13","4","4","41.9909062357","-87.672784861","POINT (-87.672784861027 41.990906235712)"
"3951d5360a8d73ede9d8a4f821fd411731e6d6d96c5cf664e97217095d61dbd2da1738747be36ef720e27e845be5ab7a84bb5e82d2bbbbda2e7e3db76ff90951",,"2026-04-15T13:10:00.000","25","NO CONTROLS","NO CONTROLS","CLEAR","DAYLIGHT","PARKED MOTOR VEHICLE","NOT DIVIDED",,"STRAIGHT AND LEVEL","UNKNOWN","NO DEFECTS","ON SCENE","NO INJURY / DRIVE AWAY",,,,"$501 - $1,500","2026-04-15T13:15:00.000","UNABLE TO DETERMINE","NOT APPLICABLE","325","W","CHICAGO AVE","1831",,,,,,,"2","NO INDICATION OF INJURY","0","0","0","0","0","1","0","13","4","4","41.896449025","-87.6367618471","POINT (-87.636761847092 41.896449025006)"
"007afeb52b4a60531cd5864391d28ff24b310a96e493d60cc4d7395789f622674e7542f24dab1834d79293a67cfa1595b3d234f7c59957dbd1442fc1e7e129e6",,"2026-04-15T13:00:00.000","30","NO CONTROLS","NO CONTROLS","UNKNOWN","UNKNOWN","TURNING","DIVIDED - W/MEDIAN (NOT RAISED)",,"STRAIGHT AND LEVEL","UNKNOWN","UNKNOWN","NOT ON SCENE (DESK REPORT)","NO INJURY / DRIVE AWAY",,,,"OVER $1,500","2026-04-15T14:09:00.000","FAILING TO YIELD RIGHT-OF-WAY","FAILING TO YIELD RIGHT-OF-WAY","1018","S","CANAL ST","124",,,,,,,"2","NO INDICATION OF INJURY","0","0","0","0","0","3","0","13","4","4","41.8691372226","-87.6394017468","POINT (-87.639401746798 41.86913722255)"
"32e1dbf29de6bc0e5e65d0209cfb6a5202b85b4921dcad08e2b67185e560e0d81bb5d18f4cbc87f4a9ab0451651c7501fa11a9a86ace19a3d2c60a395ac4bc65","Y","2026-04-15T13:00:00.000","15","NO CONTROLS","NO CONTROLS","UNKNOWN","UNKNOWN","PARKED MOTOR VEHICLE","PARKING LOT",,"STRAIGHT AND LEVEL","UNKNOWN","NO DEFECTS","ON SCENE","NO INJURY / DRIVE AWAY",,,"Y","$501 - $1,500","2026-04-16T14:50:00.000","UNABLE TO DETERMINE","NOT APPLICABLE","538","W","OHARE ST","1654",,,,,,,"2","NO INDICATION OF INJURY","0","0","0","0","0","1","0","13","4","4",,,
"33344bfd8ed1e41c7d36ad873f1f8535a2fe342b5c85ac2602077a09c6d36b9d3d7bea63864581d86ef0d79a881a46c734925601c9d8843232c3a6ad207e3af5",,"2026-04-15T13:00:00.000","30","NO CONTROLS","NO CONTROLS","CLEAR","DAYLIGHT","SIDESWIPE SAME DIRECTION","NOT DIVIDED",,"STRAIGHT AND LEVEL","UNKNOWN","UNKNOWN","NOT ON SCENE (DESK REPORT)","NO INJURY / DRIVE AWAY",,,"Y","OVER $1,500","2026-04-15T16:00:00.000","UNABLE TO DETERMINE","UNABLE TO DETERMINE","8521","S","DR MARTIN LUTHER KING JR DR","632",,,,,,,"2","NO INDICATION OF INJURY","0","0","0","0","0","2","0","13","4","4","41.7394999308","-87.6144601963","POINT (-87.614460196282 41.739499930834)"
"e888d72301782221b6a0d726e03f9244e383c3214b9bc21c86aa5f00f786973109271e421dba26871ddf77aca74250841b0267742cacdb0ad3abc61e33c5de86",,"2026-04-15T12:56:00.000","20","NO CONTROLS","NO CONTROLS","OTHER","DAYLIGHT","REAR TO SIDE","ALLEY",,"STRAIGHT AND LEVEL","WET","OTHER","ON SCENE","NO INJURY / DRIVE AWAY",,,,"OVER $1,500","2026-04-15T12:57:00.000","UNABLE TO DETERMINE","FAILING TO YIELD RIGHT-OF-WAY","5915","W","LE MOYNE ST","2531",,,,,,,"2","NO INDICATION OF INJURY","0","0","0","0","0","3","0","12","4","4","41.9073524996","-87.7738112468","POINT (-87.773811246797 41.907352499635)"
"c495c63c88c605c63e76d2af77bcd6d9ef2925000e0a9b61d5bdd0101bab935ef2c0dc034ff8b20202893283da06e1b9540fc51209d2e1ac07d85afcaa485dda",,"2026-04-15T12:51:00.000","30","TRAFFIC SIGNAL","FUNCTIONING PROPERLY","CLEAR","DAYLIGHT","TURNING","FOUR WAY",,"STRAIGHT AND LEVEL","DRY","NO DEFECTS","NOT ON SCENE (DESK REPORT)","NO INJURY / DRIVE AWAY","Y",,"Y","OVER $1,500","2026-04-16T10:30:00.000","IMPROPER TURNING/NO SIGNAL","IMPROPER TURNING/NO SIGNAL","4100","S","CICERO AVE","814",,,,,,,"2","NO INDICATION OF INJURY","0","0","0","0","0","2","0","12","4","4","41.8181780969","-87.7436118562","POINT (-87.743611856242 41.818178096923)"
"f561a98a2346887b0b7c87c7fb0c483cb670df2b0dc7afe6e9ac7105ea56eb634d87f2bc2103385f1ba1f02e19aa2e8467a48b57f2f8c776cfa942fcf662bef3",,"2026-04-15T12:50:00.000","25","NO CONTROLS","NO CONTROLS","CLEAR","DAYLIGHT","TURNING","DIVIDED - W/MEDIAN (NOT RAISED)",,"STRAIGHT AND LEVEL","DRY","UNKNOWN","NOT ON SCENE (DESK REPORT)","INJURY AND / OR TOW DUE TO CRASH",,,,"OVER $1,500","2026-04-15T12:52:00.000","NOT APPLICABLE","NOT APPLICABLE","9363","S","EWING AVE","432",,,,,,,"2","NONINCAPACITATING INJURY","2","0","0","2","0","1","0","12","4","4","41.7258617941","-87.538764188","POINT (-87.538764188007 41.725861794094)"
"16908e80d1d6d022f31765cb763d3b70155e08aa3c277f858c3ff82e5469072efd71f61a941da5a73d134d25fd5770c46762970b7651b26f17631e41b7146564",,"2026-04-15T12:45:00.000","30","TRAFFIC SIGNAL","FUNCTIONING PROPERLY","CLEAR","DAYLIGHT","TURNING","T-INTERSECTION",,"STRAIGHT AND LEVEL","DRY","NO DEFECTS","ON SCENE","NO INJURY / DRIVE AWAY","Y",,,"$500 OR LESS","2026-04-15T12:45:00.000","IMPROPER LANE USAGE","UNABLE TO DETERMINE","4698","W","DIVERSEY AVE","2521",,,,,,,"2","NO INDICATION OF INJURY","0","0","0","0","0","2","0","12","4","4","41.9316766354","-87.7440357032","POINT (-87.744035703202 41.931676635362)"
"d85b54987d5ef00a3cca1115eeda4f44442c73285f6610953370f44798934fbf5d7b3dc18b1bfb6514a75ad673ef90200366ed35ed380daa61ebfabafd2add51",,"2026-04-15T12:45:00.000","30","NO CONTROLS","NO CONTROLS","CLOUDY/OVERCAST","DAYLIGHT","SIDESWIPE SAME DIRECTION","NOT DIVIDED",,"STRAIGHT AND LEVEL","DRY","NO DEFECTS","NOT ON SCENE (DESK REPORT)","NO INJURY / DRIVE AWAY",,,,"OVER $1,500","2026-04-15T13:30:00.000","UNABLE TO DETERMINE","UNABLE TO DETERMINE","1100","S","CANAL ST","124",,,,,,,"2","NO INDICATION OF INJURY","0","0","0","0","0","3","0","12","4","4","41.86888416","-87.6393925403","POINT (-87.639392540279 41.868884160018)"
"f29e22202481e9797cdd9553c8841664b55d31261324dc26d4cbd64c2d8938dc89e06cb1bd78c57bbc4cad2fe1987735da9dfb9e76b58622d9bf6acdcad2a29e",,"2026-04-15T12:40:00.000","30","NO CONTROLS","NO CONTROLS","CLEAR","DAYLIGHT","PARKED MOTOR VEHICLE","NOT DIVIDED",,"STRAIGHT AND LEVEL","DRY","UNKNOWN","NOT ON SCENE (DESK REPORT)","NO INJURY / DRIVE AWAY",,,,"OVER $1,500","2026-04-15T13:18:00.000","FOLLOWING TOO CLOSELY","NOT APPLICABLE","676","N","ST CLAIR ST","1834",,,,,,,"2","NO INDICATION OF INJURY","0","0","0","0","0","1","0","12","4","4","41.8948529614","-87.6229018004","POINT (-87.622901800428 41.89485296136)"
"0ec1574f7e2183ec89ef0b04c2b94f7eb18f7d0d6f33945b7627886aed2534458c2f79b0cf7280aeba7607a6bb8ce7666595807b96d7aba128491a852ff8e027",,"2026-04-15T12:38:00.000","30","NO CONTROLS","NO CONTROLS","RAIN","DAYLIGHT","SIDESWIPE SAME DIRECTION","ONE-WAY",,"STRAIGHT AND LEVEL","WET","NO DEFECTS","ON SCENE","NO INJURY / DRIVE AWAY",,,,"OVER $1,500","2026-04-15T13:08:00.000","UNABLE TO DETERMINE","DRIVING SKILLS/KNOWLEDGE/EXPERIENCE","5105","N","BERNARD ST","1712",,,,,,,"2","NO INDICATION OF INJURY","0","0","0","0","0","2","0","12","4","4","41.9741491155","-87.7146003434","POINT (-87.714600343353 41.974149115499)"
"567296128f0e8a9870bde05e9fd20466e8fa70a07b6db3abdfa7cf2d97e255d3b0ceab7b6ce393ef43ae8ef8f15c90ea0ac9f26cdf78d036175a0dad780a5b76",,"2026-04-15T12:38:00.000","30","NO CONTROLS","NO CONTROLS","CLEAR","DAYLIGHT","PARKED MOTOR VEHICLE","ONE-WAY",,"STRAIGHT AND LEVEL","DRY","NO DEFECTS","ON SCENE","INJURY AND / OR TOW DUE TO CRASH",,,,"OVER $1,500","2026-04-15T12:40:00.000","UNABLE TO DETERMINE","DRIVING SKILLS/KNOWLEDGE/EXPERIENCE","3319","N","AVERS AVE","1732",,,,,,,"2","NO INDICATION OF INJURY","0","0","0","0","0","2","0","12","4","4","41.941564926","-87.723444043","POINT (-87.72344404299 41.941564925977)"
"b13de935931c83461c39836d3eb5320b24e5e0b980a493c8d567548f48cfa7b12b14df5c9b5bbc74e9b7d4d5399ae14f5da7a995bb66afb1b53871bae05a27e4",,"2026-04-15T12:38:00.000","30","TRAFFIC SIGNAL","FUNCTIONING PROPERLY","CLEAR","DAYLIGHT","SIDESWIPE SAME DIRECTION","ONE-WAY",,"STRAIGHT AND LEVEL","WET","NO DEFECTS","ON SCENE","NO INJURY / DRIVE AWAY",,,"Y","$500 OR LESS","2026-04-15T12:45:00.000","IMPROPER LANE USAGE","NOT APPLICABLE","100","S","CLARK ST","122",,,,,,,"2","NO INDICATION OF INJURY","0","0","0","0","0","2","0","12","4","4","41.8806628675","-87.6309992327","POINT (-87.630999232701 41.880662867542)"
"f7da6a8b0e6ef9761fc5e37bb7808a6c11b3b11f1d7a2f676031246eb71c2dc8abbf1cd1c43c0d9ae3ac2e1f8f4d885523c4dd667a242ba190abaa798dea5fe2",,"2026-04-15T12:37:00.000","30","NO CONTROLS","NO CONTROLS","CLEAR","DAYLIGHT","SIDESWIPE SAME DIRECTION","ONE-WAY",,"STRAIGHT AND LEVEL","WET","NO DEFECTS","ON SCENE","NO INJURY / DRIVE AWAY",,,,"OVER $1,500","2026-04-15T12:37:00.000","FAILING TO YIELD RIGHT-OF-WAY","DRIVING SKILLS/KNOWLEDGE/EXPERIENCE","5600","N","ST LOUIS AVE","1711",,,,,,,"2","NO INDICATION OF INJURY","0","0","0","0","0","2","0","12","4","4","41.9830427166","-87.7163426992","POINT (-87.716342699219 41.983042716573)"
"2d8f81ec9938522cc9c4813370685643587cd9a48e53cabc56a03a10609a0ac7dce9d28bee285bab6bac8d2c6513e9f4ef418e9f782d517521889f6d35d03772",,"2026-04-15T12:30:00.000","30","TRAFFIC SIGNAL","FUNCTIONING PROPERLY","CLEAR","DAYLIGHT","REAR END","NOT DIVIDED",,"STRAIGHT AND LEVEL","DRY","NO DEFECTS","NOT ON SCENE (DESK REPORT)","NO INJURY / DRIVE AWAY",,,"Y","$501 - $1,500","2026-04-15T16:20:00.000","FOLLOWING TOO CLOSELY","NOT APPLICABLE","6657","S","MARQUETTE RD","321",,,,,,,"2","NO INDICATION OF INJURY","0","0","0","0","0","2","0","12","4","4","41.7731657097","-87.6129094205","POINT (-87.612909420463 41.773165709675)"
"7a3cb90a242733cce91139594d6a56747345058ea538e208cfb05a33ce4b1c42494cd0038fa2f92fb2f48ccdde1ca116c9a9be39192a7bbb5dc85c0c081f6084",,"2026-04-15T12:28:00.000","25","TRAFFIC SIGNAL","FUNCTIONING PROPERLY","CLEAR","DAYLIGHT","SIDESWIPE SAME DIRECTION","FOUR WAY",,"STRAIGHT AND LEVEL","DRY","NO DEFECTS","ON SCENE","NO INJURY / DRIVE AWAY","Y",,"Y","$500 OR LESS","2026-04-15T13:25:00.000","FOLLOWING TOO CLOSELY","DISTRACTION - FROM INSIDE VEHICLE","24","E","MADISON ST","112",,,,,,,"2","NO INDICATION OF INJURY","0","0","0","0","0","3","0","12","4","4","41.8821811004","-87.627034211","POINT (-87.627034210984 41.882181100387)"
"2aade774e2e8f83c9c3e245919567dc7b92fab5648464bea573df3dffb6cdbf129c6ef281c961f5a4ce814eb846b60f7b5a5f1bcfe4f12e2798d2f800023b9e1",,"2026-04-15T12:03:00.000","20","NO CONTROLS","NO CONTROLS","CLOUDY/OVERCAST","DAYLIGHT","PARKED MOTOR VEHICLE","OTHER",,"STRAIGHT AND LEVEL","UNKNOWN","NO DEFECTS","ON SCENE","INJURY AND / OR TOW DUE TO CRASH",,,,"OVER $1,500","2026-04-15T12:06:00.000","DISTRACTION - FROM INSIDE VEHICLE","DRIVING SKILLS/KNOWLEDGE/EXPERIENCE","1577","N","FAIRFIELD AVE","1423",,,,,,,"4","NO INDICATION OF INJURY","0","0","0","0","0","3","0","12","4","4","41.9101419605","-87.6956099269","POINT (-87.695609926924 41.910141960457)"
"2876e6cbf7953a8ac8c3877a186164976649cc3e68b4e67eeeb275db23ee03d9b4d4075e61a89e57740409be15312aab89af1120eca135b7f9037c8404c73814",,"2026-04-15T12:00:00.000","30","NO CONTROLS","NO CONTROLS","CLEAR","DAYLIGHT","PARKED MOTOR VEHICLE","PARKING LOT",,"STRAIGHT AND LEVEL","DRY","UNKNOWN","NOT ON SCENE (DESK REPORT)","NO INJURY / DRIVE AWAY",,,"Y","OVER $1,500","2026-04-17T09:47:00.000","UNABLE TO DETERMINE","UNABLE TO DETERMINE","5105","S","CICERO AVE","815",,,,,,,"2","NO INDICATION OF INJURY","0","0","0","0","0","1","0","12","4","4","41.8001205847","-87.7428083022","POINT (-87.742808302197 41.8001205847)"
"bba50f8cbffec63aaf39f5d19faf6cbca2cd512412f3dffd42fa9e0902a5de57580b0cda00d5fda3cc0ace480941d5278ed9d5cdc833bfcc03379f54d09f35e2",,"2026-04-15T12:00:00.000","10","NO CONTROLS","NO CONTROLS","CLEAR","DAYLIGHT","PARKED MOTOR VEHICLE","OTHER",,"STRAIGHT AND LEVEL","DRY","NO DEFECTS","ON SCENE","NO INJURY / DRIVE AWAY",,,,"OVER $1,500","2026-04-15T12:08:00.000","IMPROPER BACKING","IMPROPER BACKING","2323","S","ROCKWELL ST","1034",,,,,,,"2","NO INDICATION OF INJURY","0","0","0","0","0","1","0","12","4","4","41.8494573986","-87.6903230477","POINT (-87.690323047742 41.849457398564)"
"bd6be1b37da0ae17a8919c7d8958bbf31a78613b22d060550fc6f5883c5fb0924be61ccb5e3b8e6fc7858a8b9496431dbd52abb07e57cd16058a9142865c548b",,"2026-04-15T12:00:00.000","30","NO CONTROLS","NO CONTROLS","CLEAR","DAYLIGHT","PARKED MOTOR VEHICLE","ONE-WAY",,"STRAIGHT AND LEVEL","DRY","NO DEFECTS","NOT ON SCENE (DESK REPORT)","NO INJURY / DRIVE AWAY",,,"Y","OVER $1,500","2026-04-17T07:30:00.000","UNABLE TO DETERMINE","UNABLE TO DETERMINE","5551","N","WINTHROP AVE","2023",,,,,,,"2","NO INDICATION OF INJURY","0","0","0","0","0","1","0","12","4","4","41.9833426894","-87.6578659825","POINT (-87.657865982456 41.983342689449)"
"ca2991dbef9bd3980c18f1df9c9fc7fe6746251b8bdecb7338da2ea81b5c3d2fa50685678e9ab94032e396b83dd60558f328bc35d13b2077bfafdd546680d951",,"2026-04-15T12:00:00.000","30","NO CONTROLS","NO CONTROLS","RAIN","DAYLIGHT","PARKED MOTOR VEHICLE","NOT DIVIDED",,"STRAIGHT AND LEVEL","WET","UNKNOWN","ON SCENE","INJURY AND / OR TOW DUE TO CRASH",,,,"OVER $1,500","2026-04-15T12:09:00.000","TEXTING","IMPROPER OVERTAKING/PASSING","3510","S","LOWE AVE","915",,,,,,,"2","NONINCAPACITATING INJURY","1","0","0","1","0","0","0","12","4","4","41.8303724139","-87.6425895723","POINT (-87.64258957228 41.830372413909)"
"88dac3e787d0a42a72dd78da8778bf8453dfde93db25b42c56001edaf14a3020c65f081cfbf5e2b417c3aec0dfa099943cd4b3a77bee19163820dc55d2a1a3b8",,"2026-04-15T11:47:00.000","30","NO CONTROLS","NO CONTROLS","FREEZING RAIN/DRIZZLE","DAYLIGHT","PARKED MOTOR VEHICLE","NOT DIVIDED",,"STRAIGHT AND LEVEL","WET","NO DEFECTS","ON SCENE","NO INJURY / DRIVE AWAY",,,,"$500 OR LESS","2026-04-15T11:48:00.000","UNABLE TO DETERMINE","UNABLE TO DETERMINE","11248","S","MICHIGAN AVE","531",,,,,,,"2","NO INDICATION OF INJURY","0","0","0","0","0","3","0","11","4","4","41.6893415717","-87.6211563587","POINT (-87.621156358731 41.689341571748)"
"794d3aab5d526033ac5cb5293722595ec3cf4a1412860f4d5c1fd994ae56669b7817d3a68b4448a4a90031c7ac13a47609741902e07315eed8e5431c0d81b77b",,"2026-04-15T11:45:00.000","30","NO CONTROLS","NO CONTROLS","RAIN","DAYLIGHT","PEDALCYCLIST","ONE-WAY",,"STRAIGHT AND LEVEL","WET","UNKNOWN","ON SCENE","INJURY AND / OR TOW DUE TO CRASH",,,,"$500 OR LESS","2026-04-15T11:48:00.000","UNABLE TO DETERMINE","UNABLE TO DETERMINE","2403","W","46TH ST","922",,,,,,,"2","REPORTED, NOT EVIDENT","1","0","0","0","1","1","0","11","4","4","41.8101432461","-87.684696043","POINT (-87.684696043002 41.810143246112)"
"fff707da2b4c9f646903ca181ba8bc4a5c4ca0ee8ae8d4675a8dac2ce177c4a4539454c21245f939862d334d473c44d6db09e3ab9da65eff551ae744a376f5a5",,"2026-04-15T11:44:00.000","30","STOP SIGN/FLASHER","FUNCTIONING PROPERLY","CLOUDY/OVERCAST","DAYLIGHT","REAR END","DIVIDED - W/MEDIAN (NOT RAISED)",,"STRAIGHT AND LEVEL","WET","NO DEFECTS","NOT ON SCENE (DESK REPORT)","NO INJURY / DRIVE AWAY","Y",,,"OVER $1,500","2026-04-15T12:15:00.000","UNABLE TO DETERMINE","NOT APPLICABLE","3804","S","CAMPBELL AVE","911",,,,,,,"2","NO INDICATION OF INJURY","0","0","0","0","0","3","0","11","4","4","41.8244642154","-87.687485992","POINT (-87.687485991963 41.824464215442)"
"df42cb01046019c85ce7cc9dbe914ec4bffe6dab6ae6f6eeaaecf0792e3ac940f2fff91b6cfb3cf82149a4492c239b19657d44f8eebb21308c8cbee046f07ba7",,"2026-04-15T11:40:00.000","25","NO CONTROLS","NO CONTROLS","RAIN","DAYLIGHT","PEDALCYCLIST","NOT DIVIDED",,"STRAIGHT AND LEVEL","WET","NO DEFECTS","ON SCENE","NO INJURY / DRIVE AWAY",,,,"OVER $1,500","2026-04-15T11:45:00.000","UNABLE TO DETERMINE","NOT APPLICABLE","636","W","LAKE ST","1214",,,,,,,"2","NO INDICATION OF INJURY","0","0","0","0","0","2","0","11","4","4","41.8858070197","-87.6441718947","POINT (-87.644171894657 41.885807019662)"
"5013ddcd0d1fb3e768c7f798d30a37f220f177784dee744c1ba5ce04d920149c002da48cc5599d8e0f1d7eda9da8b9a982bc64944c34c520702ab91825cb39a1",,"2026-04-15T11:30:00.000","10","NO CONTROLS","NO CONTROLS","RAIN","DAYLIGHT","REAR TO FRONT","PARKING LOT",,"STRAIGHT AND LEVEL","WET","UNKNOWN","NOT ON SCENE (DESK REPORT)","NO INJURY / DRIVE AWAY",,,,"$501 - $1,500","2026-04-15T12:00:00.000","DRIVING SKILLS/KNOWLEDGE/EXPERIENCE","NOT APPLICABLE","251","W","26TH ST","914",,,,,,,"2","NO INDICATION OF INJURY","0","0","0","0","0","3","0","11","4","4","41.8453870126","-87.6338796502","POINT (-87.633879650154 41.845387012599)"
"dbb427a465f9fdab0e3d7eb3b0269fc742895a9fc8f7b81d41aeb385ee3e2c7d5c40e8cb142df1d2fb6584f2cae8d87e78893cca516f7249584d01e36c3fd144",,"2026-04-15T11:30:00.000","30","NO CONTROLS","NO CONTROLS","RAIN","DAYLIGHT","SIDESWIPE SAME DIRECTION","NOT DIVIDED",,"STRAIGHT AND LEVEL","WET","UNKNOWN","ON SCENE","NO INJURY / DRIVE AWAY",,,"Y","$501 - $1,500","2026-04-15T11:54:00.000","IMPROPER LANE USAGE","UNABLE TO DETERMINE","5642","S","HALSTED ST","712",,,,,,,"2","NO INDICATION OF INJURY","0","0","0","0","0","2","0","11","4","4","41.791219455","-87.6452243564","POINT (-87.645224356408 41.791219455043)"
"6d664c5df0edbdb8d1c3f8644f082f302af6a584d9ff80f26161e0cb0b0fbe27ce38a552412c9eef600f75393a0439e98225fbfc17f4e0cda9146198df74aceb",,"2026-04-15T11:15:00.000","30","NO CONTROLS","NO CONTROLS","CLOUDY/OVERCAST","DAYLIGHT","PARKED MOTOR VEHICLE","NOT DIVIDED",,"STRAIGHT AND LEVEL","WET","NO DEFECTS","ON SCENE","NO INJURY / DRIVE AWAY","Y",,,"$501 - $1,500","2026-04-15T11:16:00.000","UNABLE TO DETERMINE","UNABLE TO DETERMINE","5713","W","HIGGINS AVE","1622",,,,,,,"2","NO INDICATION OF INJURY","0","0","0","0","0","1","0","11","4","4","41.9712203986","-87.7713203404","POINT (-87.771320340407 41.971220398577)"
"0e4d4a4f698d2f1eb71ae6becf1bd14d17f41479a627c0db8af5accb80bad2c690963c0d7ae858d07b6bd2a318059edaaf6e67462b2f96d6b3e30661a639a1ac",,"2026-04-15T11:00:00.000","30","NO CONTROLS","NO CONTROLS","RAIN","DAYLIGHT","SIDESWIPE SAME DIRECTION","NOT DIVIDED",,"STRAIGHT AND LEVEL","WET","NO DEFECTS","NOT ON SCENE (DESK REPORT)","NO INJURY / DRIVE AWAY",,,,"$500 OR LESS","2026-04-15T11:45:00.000","UNABLE TO DETERMINE","UNABLE TO DETERMINE","4525","W","63RD ST","813",,,,,,,"2","NO INDICATION OF INJURY","0","0","0","0","0","2","0","11","4","4","41.7783937286","-87.7360377263","POINT (-87.736037726342 41.778393728606)"
"c6ff53b4cdbbc8574ec4c4a0d04ef3e433eb9213bb729d1bdcbb75acb1c6705c66aedcab2ae009c7302aea962319b4f0a029027c509e72ac5ecd77d34b376d1a",,"2026-04-15T10:57:00.000","30","OTHER","FUNCTIONING PROPERLY","RAIN","DAYLIGHT","FIXED OBJECT","DIVIDED - W/MEDIAN BARRIER",,"STRAIGHT AND LEVEL","WET","NO DEFECTS","ON SCENE","INJURY AND / OR TOW DUE TO CRASH",,,,"OVER $1,500","2026-04-15T10:58:00.000","WEATHER","NOT APPLICABLE","54","E","95TH ST","634",,"Y",,,,,"3","NONINCAPACITATING INJURY","1","0","0","1","0","0","0","10","4","4","41.7218729292","-87.6216949599","POINT (-87.621694959874 41.72187292925)"
"84b04ccc4dd508c2e992a4491fa2aed3c3394c5da6cb7f87e3ade373e76eb4fc8c9123f2819273d9ff01a00c0cd1efd3a2bf7322fc9ef8899ab75920ab852c88",,"2026-04-15T10:45:00.000","30","NO CONTROLS","NO CONTROLS","RAIN","DAYLIGHT","ANGLE","DIVIDED - W/MEDIAN (NOT RAISED)",,"STRAIGHT AND LEVEL","WET","NO DEFECTS","NOT ON SCENE (DESK REPORT)","NO INJURY / DRIVE AWAY",,,,"OVER $1,500","2026-04-15T10:50:00.000","NOT APPLICABLE","NOT APPLICABLE","3121","S","HALSTED ST","915",,,,,,,"2","NO INDICATION OF INJURY","0","0","0","0","0","2","0","10","4","4","41.8374207505","-87.6461147915","POINT (-87.646114791499 41.837420750459)"