"crash_record_id","crash_date_est_i","crash_date","posted_speed_limit","traffic_control_device","device_condition","weather_condition","lighting_condition","first_crash_type","trafficway_type","lane_cnt","alignment","roadway_surface_cond","road_defect","report_type","crash_type","intersection_related_i","private_property_i","hit_and_run_i","damage","date_police_notified","prim_contributory_cause","sec_contributory_cause","street_no","street_direction","street_name","beat_of_occurrence","photos_taken_i","statements_taken_i","dooring_i","work_zone_i","work_zone_type","workers_present_i","num_units","most_severe_injury","injuries_total","injuries_fatal","injuries_incapacitating","injuries_non_incapacitating","injuries_reported_not_evident","injuries_no_indication","injuries_unknown","crash_hour","crash_day_of_week","crash_month","latitude","longitude","location"
"dbfc03f974172af18fae99f343a72b737f8bfe3040c812ff0b61a70526bc9c6620cfea78dd9194f81f505030f8f01ec7eca9ecd1fdeee796f1d79d47387823eb",,"2026-04-15T10:45:00.000","35","NO CONTROLS","NO CONTROLS","CLEAR","DAYLIGHT","ANGLE","NOT DIVIDED",,"STRAIGHT AND LEVEL","UNKNOWN","NO DEFECTS","NOT ON SCENE (DESK REPORT)","NO INJURY / DRIVE AWAY",,,,"OVER $1,500","2026-04-15T12:20:00.000","FAILING TO YIELD RIGHT-OF-WAY","NOT APPLICABLE","10","S","PULASKI RD","1115",,,,,,,"2","NO INDICATION OF INJURY","0","0","0","0","0","2","0","10","4","4","41.880385885","-87.725807044","POINT (-87.725807044026 41.880385884998)"
"03f5c14b64cb3f11ca04c25893a1c5568b7d3c2a327a20821d56373bf3a64e65c81396ca10c0824679f3a023a3763fd4e0e16250b6c975414222322adeaba84d",,"2026-04-15T10:30:00.000","10","NO CONTROLS","NO CONTROLS","CLOUDY/OVERCAST","DAYLIGHT","PARKED MOTOR VEHICLE","NOT DIVIDED",,"STRAIGHT AND LEVEL","UNKNOWN","NO DEFECTS","NOT ON SCENE (DESK REPORT)","NO INJURY / DRIVE AWAY",,,"Y","OVER $1,500","2026-04-15T11:13:00.000","DRIVING SKILLS/KNOWLEDGE/EXPERIENCE","NOT APPLICABLE","5438","W","BARRY AVE","2514",,,,,,,"2","NO INDICATION OF INJURY","0","0","0","0","0","1","0","10","4","4","41.9369045616","-87.7631365021","POINT (-87.763136502108 41.936904561639)"
"72ad632db3935eadbc72e3b1233f8d105356c2343aace66817e4b75a0b455ae322a8e37f9decf4358920c78d5ca8aa8153507250aab46c38aa9388c601880ef7",,"2026-04-15T10:30:00.000","30","NO CONTROLS","NO CONTROLS","RAIN","DAYLIGHT","PARKED MOTOR VEHICLE","ONE-WAY",,"STRAIGHT AND LEVEL","WET","NO DEFECTS","NOT ON SCENE (DESK REPORT)","NO INJURY / DRIVE AWAY",,,"Y","OVER $1,500","2026-04-15T12:00:00.000","FOLLOWING TOO CLOSELY","NOT APPLICABLE","9927","S","WOOD ST","2213",,,,,,,"2","NO INDICATION OF INJURY","0","0","0","0","0","1","0","10","4","4","41.7130189005","-87.6671087435","POINT (-87.667108743516 41.713018900513)"
"891506e6150cdcfd01bf0f8e1ea85fea17b69514b6b234bb3849e2ea4d8502fa82d671e2fa6c99b4245a82686e3865f5c75becfb979b9c28e9ca36d694d11cf4",,"2026-04-15T10:30:00.000","30","TRAFFIC SIGNAL","FUNCTIONING PROPERLY","CLOUDY/OVERCAST","DAYLIGHT","TURNING","NOT DIVIDED",,"STRAIGHT AND LEVEL","DRY","NO DEFECTS","NOT ON SCENE (DESK REPORT)","NO INJURY / DRIVE AWAY",,,,"OVER $1,500","2026-04-15T11:05:00.000","FAILING TO YIELD RIGHT-OF-WAY","NOT APPLICABLE","5614","N","HARLEM AVE","1612",,,,,,,"2","NO INDICATION OF INJURY","0","0","0","0","0","3","0","10","4","4","41.983245611","-87.8070835815","POINT (-87.807083581466 41.983245610989)"
"2337c90f64cca3dfb4bf86ad2c65ba89cb608f7d3668cafe40c533a84f016353fb10a18ccee99dd4df4865880c152ad9deb01f15baf0e33dafb8d15e4365a893",,"2026-04-15T10:25:00.000","30","NO CONTROLS","NO CONTROLS","CLEAR","DAYLIGHT","PARKED MOTOR VEHICLE","NOT DIVIDED",,"STRAIGHT AND LEVEL","DRY","UNKNOWN","NOT ON SCENE (DESK REPORT)","NO INJURY / DRIVE AWAY",,,,"$500 OR LESS","2026-04-15T17:00:00.000","FOLLOWING TOO CLOSELY","NOT APPLICABLE","222","N","COLUMBUS DR","114",,,,,,,"2","NO INDICATION OF INJURY","0","0","0","0","0","1","0","10","4","4","41.886339416","-87.62083615","POINT (-87.620836149956 41.886339416011)"
"5e12faa235c8d07cca38a0cdcba2dba60e7b7259820aa64dd93cf394cde574b582acd3d9447ef76f06782d065575bb68aecb994afdccbad0f87827fb666c671f","Y","2026-04-15T10:18:00.000","30","NO CONTROLS","NO CONTROLS","CLEAR","DAYLIGHT","PEDALCYCLIST","NOT DIVIDED",,"STRAIGHT AND LEVEL","DRY","NO DEFECTS","ON SCENE","INJURY AND / OR TOW DUE TO CRASH",,,,"OVER $1,500","2026-04-15T10:40:00.000","NOT APPLICABLE","NOT APPLICABLE","2010","N","CENTRAL PARK AVE","2525",,,"Y",,,,"2","NONINCAPACITATING INJURY","1","0","0","1","0","1","0","10","4","4","41.9176212738","-87.7169285202","POINT (-87.716928520238 41.917621273828)"
"7b42673cc26806f5d3fdf6b19d27c338f53c24ee6901c8cad05f23d2e2d4a6fd2eb9af0cecb33891324e1bec033d549417079f869c2d7b4807703d6dce50ea9c",,"2026-04-15T10:18:00.000","30","NO CONTROLS","NO CONTROLS","RAIN","DAYLIGHT","TURNING","NOT DIVIDED",,"STRAIGHT AND LEVEL","WET","NO DEFECTS","ON SCENE","INJURY AND / OR TOW DUE TO CRASH",,,,"$501 - $1,500","2026-04-15T10:25:00.000","FAILING TO YIELD RIGHT-OF-WAY","NOT APPLICABLE","398","E","87TH ST","632",,,,,,,"2","NONINCAPACITATING INJURY","2","0","0","2","0","3","0","10","4","4","41.7366115923","-87.6146113344","POINT (-87.614611334361 41.736611592278)"
"64c7e16831bf40f7e26bee6d7699a029e80d4d17f4c567986836cfe245b3cf397fe130a3aadb55685ccc97659bf98ce81d0de95e4e4d7ecf4450eeec2e0252c7",,"2026-04-15T10:15:00.000","20","TRAFFIC SIGNAL","NO CONTROLS","CLEAR","DAYLIGHT","REAR TO SIDE","ONE-WAY",,"STRAIGHT AND LEVEL","DRY","NO DEFECTS","ON SCENE","NO INJURY / DRIVE AWAY",,,,"OVER $1,500","2026-04-15T11:30:00.000","FAILING TO YIELD RIGHT-OF-WAY","NOT APPLICABLE","6401","W","DAKIN ST","1632",,,,,,,"2","NO INDICATION OF INJURY","0","0","0","0","0","2","0","10","4","4","41.9515967646","-87.7866271271","POINT (-87.786627127102 41.951596764629)"
"1a67f121d39b1bba426c5ff23e25af4c663c1a7e75196b43cbe95cb9b31f2251fd4d2a180bebcb75270ba23587561dc7c5f11ba2c478842373c2b50af0628d11",,"2026-04-15T10:05:00.000","25","NO CONTROLS","NO CONTROLS","RAIN","DAYLIGHT","TURNING","DIVIDED - W/MEDIAN (NOT RAISED)",,"STRAIGHT AND LEVEL","WET","SHOULDER DEFECT","NOT ON SCENE (DESK REPORT)","NO INJURY / DRIVE AWAY",,,,"$501 - $1,500","2026-04-15T10:35:00.000","UNABLE TO DETERMINE","UNABLE TO DETERMINE","2501","W","BRADLEY PL","1921",,,,,,,"2","NO INDICATION OF INJURY","0","0","0","0","0","2","0","10","4","4","41.9493585603","-87.6909347164","POINT (-87.690934716373 41.94935856028)"
"759d75f225b5aa66a49677dda061ad61629a45f108a0995338c8ffeaa408b445fb9c0c19deffa782dd24db68fa6005b0f677a26b78d8aadbfbaa1e9b16643007",,"2026-04-15T10:00:00.000","30","TRAFFIC SIGNAL","UNKNOWN","UNKNOWN","UNKNOWN","SIDESWIPE SAME DIRECTION","DIVIDED - W/MEDIAN (NOT RAISED)",,"STRAIGHT AND LEVEL","UNKNOWN","UNKNOWN","NOT ON SCENE (DESK REPORT)","NO INJURY / DRIVE AWAY",,,"Y","OVER $1,500","2026-04-16T15:00:00.000","IMPROPER OVERTAKING/PASSING","NOT APPLICABLE","5048","S","COTTAGE GROVE AVE","223",,,,,,,"2","NO INDICATION OF INJURY","0","0","0","0","0","3","0","10","4","4","41.8026112442","-87.606564664","POINT (-87.606564664039 41.802611244223)"
"0419fddbf9557586191d7d910d727b1304b2e8e53a33255ffa1ff03bf23755da2a66573eed7360b984871cee22b8cbf726a269327f04b9f330a6aebe7f95ccb0",,"2026-04-15T09:57:00.000","30","TRAFFIC SIGNAL","FUNCTIONING PROPERLY","CLEAR","DAYLIGHT","REAR END","FOUR WAY",,"STRAIGHT AND LEVEL","WET","NO DEFECTS","NOT ON SCENE (DESK REPORT)","NO INJURY / DRIVE AWAY","Y",,"Y","$501 - $1,500","2026-04-15T16:15:00.000","UNABLE TO DETERMINE","UNABLE TO DETERMINE","7565","N","WESTERN AVE","2411",,,,,,,"2","NO INDICATION OF INJURY","0","0","0","0","0","2","0","9","4","4","42.0193314424","-87.6900292153","POINT (-87.690029215287 42.019331442358)"
"1824aeaab4ad972ea5d277a0568c7bcc3823cadaad9bab69892be13822026e65867c540a245e19f568602a995caa324f558b3e3d91d9c58764b402756da25dea",,"2026-04-15T09:55:00.000","30","RAILROAD CROSSING GATE","FUNCTIONING PROPERLY","RAIN","DAYLIGHT","REAR TO FRONT","NOT DIVIDED",,"STRAIGHT AND LEVEL","WET","NO DEFECTS","ON SCENE","NO INJURY / DRIVE AWAY",,,,"OVER $1,500","2026-04-15T10:00:00.000","IMPROPER BACKING","IMPROPER BACKING","9899","S","WALDEN PKWY","2213",,,,,,,"2","NO INDICATION OF INJURY","0","0","0","0","0","2","0","9","4","4","41.7139725297","-87.6674927925","POINT (-87.667492792498 41.71397252973)"
"4b93d85aae2a6e08f89be8fe7aa03cf5f126202714e5a132455bb480cbbb0e238205cec21d764dc2ebb461c852b08b9aae3690c1e39a34d18369d247dea085ba",,"2026-04-15T09:40:00.000","30","TRAFFIC SIGNAL","FUNCTIONING PROPERLY","CLOUDY/OVERCAST","DAYLIGHT","REAR END","FOUR WAY",,"STRAIGHT AND LEVEL","WET","NO DEFECTS","ON SCENE","NO INJURY / DRIVE AWAY","Y",,,"$500 OR LESS","2026-04-15T09:40:00.000","WEATHER","FOLLOWING TOO CLOSELY","5820","W","BRYN MAWR AVE","1622",,"N",,,,,"2","NO INDICATION OF INJURY","0","0","0","0","0","2","0","9","4","4","41.9830274193","-87.7741200159","POINT (-87.774120015854 41.983027419259)"
"d601a45de0035ab3c2a926e77da0f8f2575bd5170e4c3a4458acad12838ff40a3208c2951dd8055b32b81860d825b90a7313e4630c3d813eec1022a0cbcd70b4",,"2026-04-15T09:40:00.000","30","TRAFFIC SIGNAL","FUNCTIONING PROPERLY","RAIN","DAYLIGHT","TURNING","DIVIDED - W/MEDIAN BARRIER",,"STRAIGHT AND LEVEL","WET","NO DEFECTS","ON SCENE","NO INJURY / DRIVE AWAY","Y",,"Y","OVER $1,500","2026-04-15T10:10:00.000","IMPROPER TURNING/NO SIGNAL","NOT APPLICABLE","3076","S","DR MARTIN LUTHER KING JR DR","133",,,,,,,"2","NO INDICATION OF INJURY","0","0","0","0","0","2","0","9","4","4","41.8385115628","-87.6176148746","POINT (-87.617614874572 41.83851156279)"
"96fb290803a69622cf77d609428025b34a866194c7af81e4e0e698d067fa20aaa3d9f19c9740d6e1366828c6f258c1180bb82f7329bcf0a625e86e77c5446cb3",,"2026-04-15T09:30:00.000","30","TRAFFIC SIGNAL","UNKNOWN","RAIN","UNKNOWN","SIDESWIPE SAME DIRECTION","FOUR WAY",,"STRAIGHT AND LEVEL","WET","UNKNOWN","ON SCENE","NO INJURY / DRIVE AWAY","Y",,,"OVER $1,500","2026-04-15T09:34:00.000","IMPROPER OVERTAKING/PASSING","NOT APPLICABLE","856","N","MICHIGAN AVE","1833",,,,,,,"2","NO INDICATION OF INJURY","0","0","0","0","0","2","0","9","4","4","41.8983422891","-87.6242481329","POINT (-87.624248132906 41.898342289103)"
"b14775a59bd9a56f9b703e6881db7cd459f3fee1349209eb2d2ce0ce83865365a3814598b4091e72053b3e5341c368753d01ec95e81c58126aa35e900727ae73",,"2026-04-15T09:30:00.000","30","TRAFFIC SIGNAL","FUNCTIONING PROPERLY","CLEAR","DAYLIGHT","SIDESWIPE SAME DIRECTION","DIVIDED - W/MEDIAN (NOT RAISED)",,"STRAIGHT AND LEVEL","DRY","NO DEFECTS",,"NO INJURY / DRIVE AWAY",,,,"OVER $1,500","2026-04-15T09:30:00.000","FAILING TO REDUCE SPEED TO AVOID CRASH","IMPROPER LANE USAGE","3480","N","LAKE SHORE DR","1925",,,,,,,"2","NO INDICATION OF INJURY","0","0","0","0","0","2","0","9","4","4","41.9460983955","-87.6421545871","POINT (-87.642154587067 41.946098395531)"
"4fb30d850dda299e9c76478db125e354ab50f5edd179562ca928c895d6e9038a6e42d36c775376596629439a042a5153b1ceb2b8c0d6a00425f4383be3c7467b",,"2026-04-15T09:25:00.000","45","NO CONTROLS","NO CONTROLS","RAIN","DAYLIGHT","SIDESWIPE SAME DIRECTION","DIVIDED - W/MEDIAN BARRIER",,"STRAIGHT AND LEVEL","WET","NO DEFECTS","ON SCENE","NO INJURY / DRIVE AWAY",,,,"OVER $1,500","2026-04-15T09:28:00.000","FAILING TO YIELD RIGHT-OF-WAY","NOT APPLICABLE","3100","N","LAKE SHORE DR","1934",,,,,,,"3","NO INDICATION OF INJURY","0","0","0","0","0","3","0","9","4","4","41.9377712633","-87.6374559758","POINT (-87.637455975797 41.937771263338)"
"0e4495ad1d652bfecd7835fe36745f04e367e47934727208e760f17ba7b2a9e81a776fbe64b827ff48d93ae8bed6ffceae65598707f8d67d7c9480d02097666f",,"2026-04-15T09:20:00.000","30","STOP SIGN/FLASHER","FUNCTIONING PROPERLY","CLEAR","DAYLIGHT","TURNING","T-INTERSECTION",,"STRAIGHT AND LEVEL","WET","NO DEFECTS","NOT ON SCENE (DESK REPORT)","NO INJURY / DRIVE AWAY","Y",,,"OVER $1,500","2026-04-15T09:40:00.000","FAILING TO YIELD RIGHT-OF-WAY","FAILING TO REDUCE SPEED TO AVOID CRASH","875","N","LA SALLE DR","1832",,,,,,,"2","NO INDICATION OF INJURY","0","0","0","0","0","2","0","9","4","4","41.8987822815","-87.6326234515","POINT (-87.632623451494 41.898782281538)"
"b46b8986af1ad0f0fafa2e7eed42c339791e8e968197978db01b1d9639c518c4770e6912c7a48eca4804f29d1c21b4a5de13cf85adbee15f7cf96e572f882105",,"2026-04-15T09:15:00.000","30","NO CONTROLS","NO CONTROLS","CLEAR","DAYLIGHT","REAR END","NOT DIVIDED",,"STRAIGHT AND LEVEL","DRY","NO DEFECTS","NOT ON SCENE (DESK REPORT)","NO INJURY / DRIVE AWAY",,,,"$501 - $1,500","2026-04-15T09:55:00.000","UNABLE TO DETERMINE","UNABLE TO DETERMINE","7600","S","HARVARD AVE","623",,,,,,,"2","NO INDICATION OF INJURY","0","0","0","0","0","2","0","9","4","4","41.7562349062","-87.6329698662","POINT (-87.632969866207 41.756234906187)"
"269d5fa36efcf1b4328a7d6f863a60a3f5b72c8dfbddf3fe9abe6d3556c116586deebdc0143ab6b63df04368168b569c0d3188ab8442c391543daac91c52d186",,"2026-04-15T09:00:00.000","30","NO CONTROLS","NO CONTROLS","RAIN","DAYLIGHT","PARKED MOTOR VEHICLE","NOT DIVIDED",,"STRAIGHT AND LEVEL","WET","NO DEFECTS","NOT ON SCENE (DESK REPORT)","NO INJURY / DRIVE AWAY",,,,"OVER $1,500","2026-04-15T14:10:00.000","UNABLE TO DETERMINE","NOT APPLICABLE","1376","W","CARROLL AVE","1215",,,,,,,"2","NO INDICATION OF INJURY","0","0","0","0","0","1","0","9","4","4","41.8875695613","-87.6617943636","POINT (-87.66179436363 41.887569561269)"
"40dcf9ac6295adfc85cb36bc174e0ad1e8327a510f91e1564818144a8e495ca08f0c3e31a487bb450ee5ba53b5e4565f876c88e8026ab5f14b9a9290e5b9ce68","Y","2026-04-15T09:00:00.000","30","RAILROAD CROSSING GATE","FUNCTIONING PROPERLY","RAIN","DAYLIGHT","SIDESWIPE SAME DIRECTION","NOT DIVIDED",,"STRAIGHT AND LEVEL","WET","UNKNOWN","ON SCENE","NO INJURY / DRIVE AWAY",,,"Y","$500 OR LESS","2026-04-15T09:05:00.000","UNABLE TO DETERMINE","UNABLE TO DETERMINE","1098","W","95TH ST","2223",,,,,,,"2","NO INDICATION OF INJURY","0","0","0","0","0","2","0","9","4","4","41.7214794348","-87.6506214916","POINT (-87.650621491587 41.721479434794)"
"8267f77bb4079e79f669ce1aab1c266d3774ed6e4352fc46a2d0472c09a5fcba6cf3e8993be745eeac91bf1f2dca012c1715f266749e0b00f6ec140c47410079","Y","2026-04-15T09:00:00.000","30","NO CONTROLS","NO CONTROLS","CLEAR","DAYLIGHT","PARKED MOTOR VEHICLE","NOT DIVIDED",,"STRAIGHT AND LEVEL","DRY","NO DEFECTS","ON SCENE","NO INJURY / DRIVE AWAY",,,"Y","$501 - $1,500","2026-04-15T16:44:00.000","UNABLE TO DETERMINE","UNABLE TO DETERMINE","330","E","CHICAGO AVE","1833",,,,,,,"2","NO INDICATION OF INJURY","0","0","0","0","0","1","0","9","4","4","41.8969186626","-87.6190853169","POINT (-87.619085316872 41.896918662629)"
"c3960a08f0d5e8bad85049018345690d14f2180ba567eb98102cd0af41bbdb37b07e9527a16c843272cd0a58ae3a9cae94c47f9fc1ef4acee729aed1f50fdd87","Y","2026-04-15T09:00:00.000","20","NO CONTROLS","NO CONTROLS","RAIN","DARKNESS, LIGHTED ROAD","PARKED MOTOR VEHICLE","ONE-WAY",,"STRAIGHT AND LEVEL","WET","NO DEFECTS","ON SCENE","NO INJURY / DRIVE AWAY",,,"Y","OVER $1,500","2026-04-15T09:33:00.000","UNABLE TO DETERMINE","UNABLE TO DETERMINE","3123","W","CULLOM AVE","1724",,,,,,,"2","NO INDICATION OF INJURY","0","0","0","0","0","1","0","9","4","4","41.9592589138","-87.7068128388","POINT (-87.706812838801 41.959258913843)"
"ec50bc71d6507f592019a261c037086997eb85bfbb9e3324fb4a42d3eee4c38916eca578d58d5ad74df3c0a5409198e2c29428282afb8f624e904fa40d6f3713",,"2026-04-15T09:00:00.000","35","NO CONTROLS","NO CONTROLS","RAIN","DAYLIGHT","FIXED OBJECT","DIVIDED - W/MEDIAN BARRIER",,"STRAIGHT AND LEVEL","WET","NO DEFECTS","ON SCENE","INJURY AND / OR TOW DUE TO CRASH",,,,"OVER $1,500","2026-04-15T09:04:00.000","UNABLE TO DETERMINE","NOT APPLICABLE","400","W","35TH ST","915",,,,,,,"1","NO INDICATION OF INJURY","0","0","0","0","0","1","0","9","4","4","41.8309865183","-87.6365603314","POINT (-87.636560331368 41.830986518269)"
"fa2e526851e29564e1617df5f1a4a1148b0c7584b606cd7c2542762c25abd0e0da0d3460f90bf726fad9c93074792042a14472f9e2f1dcdf7b44f8ef3ce18084",,"2026-04-15T08:58:00.000","30","NO CONTROLS","NO CONTROLS","CLEAR","DARKNESS, LIGHTED ROAD","ANGLE","NOT DIVIDED",,"STRAIGHT AND LEVEL","DRY","NO DEFECTS","NOT ON SCENE (DESK REPORT)","NO INJURY / DRIVE AWAY",,,"Y","OVER $1,500","2026-04-15T09:25:00.000","FAILING TO YIELD RIGHT-OF-WAY","UNABLE TO DETERMINE","5905","S","WESTERN AVE","825",,,,,,,"2","NO INDICATION OF INJURY","0","0","0","0","0","2","0","8","4","4","41.7863331899","-87.6836795524","POINT (-87.683679552443 41.786333189855)"
"3958612f79787d453c5eade888242d276f3a4cb4073a47b838ec1a6bef1343484e079c0579c0792411da44f90077c6783bcd85f55a24eaaf5ca330106bd9591b",,"2026-04-15T08:55:00.000","30","UNKNOWN","UNKNOWN","UNKNOWN","UNKNOWN","SIDESWIPE SAME DIRECTION","UNKNOWN",,"STRAIGHT AND LEVEL","UNKNOWN","UNKNOWN","NOT ON SCENE (DESK REPORT)","NO INJURY / DRIVE AWAY",,,"N","OVER $1,500","2026-04-15T10:15:00.000","UNABLE TO DETERMINE","UNABLE TO DETERMINE","2710","S","DEARBORN ST","133",,,,,,,"2","NO INDICATION OF INJURY","0","0","0","0","0","2","0","8","4","4","41.8440380884","-87.6285900783","POINT (-87.628590078318 41.844038088404)"
"7454cd410f20904ed35e989faff4057439a2f75f68a4e747d18ebd89954430f5c525c585b4903101ded4cfeefd7003b7029d2092db62cdb14afbd310e6aca144",,"2026-04-15T08:52:00.000","30","TRAFFIC SIGNAL","FUNCTIONING PROPERLY","RAIN","DAYLIGHT","TURNING","TRAFFIC ROUTE",,"STRAIGHT AND LEVEL","WET","NO DEFECTS","ON SCENE","NO INJURY / DRIVE AWAY","Y",,,"OVER $1,500","2026-04-15T08:55:00.000","UNABLE TO DETERMINE","NOT APPLICABLE","4000","W","87TH ST","834",,,,,,,"2","NO INDICATION OF INJURY","0","0","0","0","0","2","0","8","4","4","41.7349683759","-87.7215024965","POINT (-87.721502496527 41.73496837587)"
"9318d433b60336c1b7311ec54658c5dfcbec97bd3fef7b97999919801a88f2b22864bcf71b4a07c5aacbe0b8eafefe0d97b6a0c3a9e61445544bf5a770284d33",,"2026-04-15T08:50:00.000","30","TRAFFIC SIGNAL","FUNCTIONING PROPERLY","CLOUDY/OVERCAST","DAYLIGHT","REAR END","FOUR WAY",,"STRAIGHT AND LEVEL","WET","NO DEFECTS","ON SCENE","NO INJURY / DRIVE AWAY",,,,"OVER $1,500","2026-04-15T08:53:00.000","FOLLOWING TOO CLOSELY","FOLLOWING TOO CLOSELY","2000","N","HUMBOLDT BLVD","1414",,,,,,,"2","NO INDICATION OF INJURY","0","0","0","0","0","2","0","8","4","4","41.9174932655","-87.7022375762","POINT (-87.702237576249 41.917493265457)"
"c9fe67ac5e293c6bb85a37e9864a66ddaca630082cf8cc326040505606f684ac3486d0adb75fa6d8a50ce175d8f7bbea96996a58f895b09a7b77e0e43f2e0b60",,"2026-04-15T08:50:00.000","30","STOP SIGN/FLASHER","FUNCTIONING PROPERLY","CLEAR","DAYLIGHT","ANGLE","FOUR WAY",,"STRAIGHT AND LEVEL","DRY","NO DEFECTS","NOT ON SCENE (DESK REPORT)","NO INJURY / DRIVE AWAY","Y",,,"OVER $1,500","2026-04-15T09:30:00.000","FAILING TO YIELD RIGHT-OF-WAY","DRIVING SKILLS/KNOWLEDGE/EXPERIENCE","80","W","HARRISON ST","123",,,,,,,"2","NO INDICATION OF INJURY","0","0","0","0","0","2","0","8","4","4","41.8746344331","-87.6304183957","POINT (-87.630418395748 41.874634433066)"
"d1d9b52329f07288bfc77a293a3d79a57538de9e47a0f463bd27ca54f491c3b3edfe6e2b9cd22cf9f6ce4d07e918e03e4a2baa20288b13c0669db5987301a07c",,"2026-04-15T08:50:00.000","15","YIELD","UNKNOWN","UNKNOWN","UNKNOWN","SIDESWIPE SAME DIRECTION","DIVIDED - W/MEDIAN (NOT RAISED)",,"STRAIGHT AND LEVEL","UNKNOWN","UNKNOWN","NOT ON SCENE (DESK REPORT)","NO INJURY / DRIVE AWAY",,,"Y","$500 OR LESS","2026-04-15T17:00:00.000","IMPROPER OVERTAKING/PASSING","NOT APPLICABLE","6001","S","STONY ISLAND AVE","331",,,,"Y","UNKNOWN",,"2","NO INDICATION OF INJURY","0","0","0","0","0","3","0","8","4","4","41.7860297803","-87.5864452182","POINT (-87.586445218215 41.786029780315)"
"6c2e43f8f74875679137cbf8c33e748a4d199ff99424a32f029bbcd51432fcf97a4bb01ec1399ba43a25d2710ec26811d22ad63c9ab856bbf06c75df9b54ef09",,"2026-04-15T08:40:00.000","30","NO CONTROLS","NO CONTROLS","RAIN","DAYLIGHT","REAR END","NOT DIVIDED",,"STRAIGHT AND LEVEL","WET","NO DEFECTS","ON SCENE","INJURY AND / OR TOW DUE TO CRASH",,,,"OVER $1,500","2026-04-15T08:58:00.000","UNABLE TO DETERMINE","NOT APPLICABLE","3938","W","GRAND AVE","2535",,,,,,,"2","NONINCAPACITATING INJURY","1","0","0","1","0","3","0","8","4","4","41.9057840758","-87.7251695587","POINT (-87.725169558733 41.905784075835)"
"3a2fdc5470671a348590a04f108df2a989182bde4e29ada4eff92ab90546a71ecf1ce970af82e81014ffcaa747a647f6186673630dbb67ab80f5796dfd54c077",,"2026-04-15T08:32:00.000","30","NO CONTROLS","NO CONTROLS","RAIN","DAYLIGHT","FIXED OBJECT","OTHER",,"STRAIGHT AND LEVEL","UNKNOWN","NO DEFECTS","ON SCENE","NO INJURY / DRIVE AWAY",,"Y",,"OVER $1,500","2026-04-15T08:33:00.000","DRIVING SKILLS/KNOWLEDGE/EXPERIENCE","DRIVING SKILLS/KNOWLEDGE/EXPERIENCE","7130","N","WESTERN AVE","2411",,,,,,,"1","NO INDICATION OF INJURY","0","0","0","0","0","1","0","8","4","4","42.0118834449","-87.6903881345","POINT (-87.690388134457 42.011883444922)"
"85f5dfa1d5c5634e5308334cb4e69bab04e8fffc52ee4efa2b02d6e3b0fcb643a2764cf9e3c4bca4c8bc85899e003327cc84ff8aee0e73754f75f9b52b3acf58",,"2026-04-15T08:30:00.000","35","NO CONTROLS","NO CONTROLS","CLEAR","DAYLIGHT","PARKED MOTOR VEHICLE","PARKING LOT",,"STRAIGHT AND LEVEL","DRY","NO DEFECTS","NOT ON SCENE (DESK REPORT)","NO INJURY / DRIVE AWAY",,,,"OVER $1,500","2026-04-15T11:08:00.000","UNABLE TO DETERMINE","UNABLE TO DETERMINE","6165","N","NORTHWEST HWY","1611",,,,,,,"2","NO INDICATION OF INJURY","0","0","0","0","0","1","0","8","4","4","41.9938207371","-87.8012727306","POINT (-87.801272730605 41.993820737149)"
"f256fa99ab17c538d3002f7245b5e3b481ebdd652c0ff28dc4e0108f007fa06ff747d4908d5e4b8af371d1992a90608710c8ea3725fef71dcbcfddc20bc71846",,"2026-04-15T08:25:00.000","30","NO CONTROLS","NO CONTROLS","RAIN","DAYLIGHT","ANGLE","NOT DIVIDED",,"STRAIGHT AND LEVEL","WET","NO DEFECTS","ON SCENE","INJURY AND / OR TOW DUE TO CRASH","Y",,,"OVER $1,500","2026-04-15T08:35:00.000","FAILING TO YIELD RIGHT-OF-WAY","FAILING TO REDUCE SPEED TO AVOID CRASH","4830","W","CHICAGO AVE","1531",,,,,,,"2","NONINCAPACITATING INJURY","1","0","0","1","0","1","0","8","4","4","41.8951027473","-87.7470721031","POINT (-87.747072103144 41.895102747317)"
"9cc0d701c5bdeb1d07e5a4c1dd0b7cc1603c61fc9fcd1882e8d4ddbcbc7530dd8fd186f92d183943c6ddebf1d0b9499e13faaf452c66ccc25f8b6e7dcf2c0d16",,"2026-04-15T08:24:00.000","25","NO CONTROLS","NO CONTROLS","CLOUDY/OVERCAST","DAYLIGHT","SIDESWIPE SAME DIRECTION","ONE-WAY",,"STRAIGHT AND LEVEL","WET","UNKNOWN","NOT ON SCENE (DESK REPORT)","NO INJURY / DRIVE AWAY",,,,"OVER $1,500","2026-04-15T11:30:00.000","UNABLE TO DETERMINE","NOT APPLICABLE","4821","N","ROCKWELL ST","2031",,,,,,,"2","NO INDICATION OF INJURY","0","0","0","0","0","3","0","8","4","4","41.9692091864","-87.6936713351","POINT (-87.693671335124 41.969209186428)"
"b71f19fe53aac05070a1c66eec95ae7783c1a641718f0c4062fbc75218921356ff554f7a94df8d5746f5c68f9a13e37b7b735a22103adea0326144440ab5f1ca",,"2026-04-15T08:20:00.000","20","TRAFFIC SIGNAL","FUNCTIONING PROPERLY","RAIN","DAYLIGHT","SIDESWIPE SAME DIRECTION","DIVIDED - W/MEDIAN (NOT RAISED)",,"STRAIGHT AND LEVEL","WET","NO DEFECTS","ON SCENE","INJURY AND / OR TOW DUE TO CRASH","Y",,,"OVER $1,500","2026-04-15T08:20:00.000","FAILING TO REDUCE SPEED TO AVOID CRASH","NOT APPLICABLE","804","E","MARQUETTE RD","321",,,,,,,"2","NO INDICATION OF INJURY","0","0","0","0","0","2","0","8","4","4","41.7750720375","-87.6055809571","POINT (-87.605580957116 41.775072037506)"