"crash_record_id","crash_date_est_i","crash_date","posted_speed_limit","traffic_control_device","device_condition","weather_condition","lighting_condition","first_crash_type","trafficway_type","lane_cnt","alignment","roadway_surface_cond","road_defect","report_type","crash_type","intersection_related_i","private_property_i","hit_and_run_i","damage","date_police_notified","prim_contributory_cause","sec_contributory_cause","street_no","street_direction","street_name","beat_of_occurrence","photos_taken_i","statements_taken_i","dooring_i","work_zone_i","work_zone_type","workers_present_i","num_units","most_severe_injury","injuries_total","injuries_fatal","injuries_incapacitating","injuries_non_incapacitating","injuries_reported_not_evident","injuries_no_indication","injuries_unknown","crash_hour","crash_day_of_week","crash_month","latitude","longitude","location"
"bd20dc235d2d981bc9e36afe61a9dc08c6189f6a80bb819589f7adfc1cb9f88a977214d8808aee3fb5822e2df6b72bd3fc11f97149141edb0ed77a1f3fe73742",,"2026-04-15T08:16:00.000","30","TRAFFIC SIGNAL","FUNCTIONING PROPERLY","CLOUDY/OVERCAST","DAYLIGHT","SIDESWIPE SAME DIRECTION","DIVIDED - W/MEDIAN BARRIER",,"STRAIGHT AND LEVEL","WET","NO DEFECTS","ON SCENE","NO INJURY / DRIVE AWAY",,,,"OVER $1,500","2026-04-15T08:20:00.000","IMPROPER OVERTAKING/PASSING","UNABLE TO DETERMINE","4269","S","ASHLAND AVE","924",,,,,,,"2","NO INDICATION OF INJURY","0","0","0","0","0","3","0","8","4","4","41.8159366271","-87.6650029035","POINT (-87.66500290348 41.815936627084)"
"1d7579fa623a227ba0903fd23256731b9bbba0bcedff0d099002b18e295c0703996415b2a060ce61c6549f068cd3a79a8ab18542376e1961251002f121083687","Y","2026-04-15T08:10:00.000","15","NO CONTROLS","NO CONTROLS","CLEAR","DAYLIGHT","PEDALCYCLIST","ALLEY",,"STRAIGHT AND LEVEL","WET","NO DEFECTS","ON SCENE","INJURY AND / OR TOW DUE TO CRASH",,,"Y","$500 OR LESS","2026-04-15T08:57:00.000","UNABLE TO DETERMINE","NOT APPLICABLE","1038","W","GLADYS AVE","1232",,,,,,,"2","NONINCAPACITATING INJURY","1","0","0","1","0","1","0","8","4","4","41.8773208513","-87.6534250614","POINT (-87.653425061438 41.877320851331)"
"70f77f91a22ec6708d266dcb9e6c9c34ea05082b964b0bb006cda27e93edf07e6a6fdde08c22c2a2db92c24f06210c3ab54f0c8ddef83cd602d9447a1b842722",,"2026-04-15T08:10:00.000","30","NO CONTROLS","NO CONTROLS","RAIN","DAYLIGHT","TURNING","NOT DIVIDED",,"STRAIGHT AND LEVEL","WET","UNKNOWN","NOT ON SCENE (DESK REPORT)","NO INJURY / DRIVE AWAY",,,"N","$500 OR LESS","2026-04-15T14:54:00.000","UNABLE TO DETERMINE","NOT APPLICABLE","6330","S","KEDZIE AVE","823",,,,,,,"2","NO INDICATION OF INJURY","0","0","0","0","0","2","0","8","4","4","41.7780658743","-87.7032628122","POINT (-87.703262812199 41.778065874306)"
"7ac95d2595f5105fdfb6a4c538cdeb17b9559e16af21895b7186e28b97fd9afcb27ac7568ceb39d9792fc5d6c5e7651445e7500d24a46fe45137e90b4f530f21",,"2026-04-15T08:10:00.000","30","TRAFFIC SIGNAL","FUNCTIONING PROPERLY","RAIN","DAYLIGHT","SIDESWIPE SAME DIRECTION","NOT DIVIDED",,"STRAIGHT AND LEVEL","WET","NO DEFECTS","NOT ON SCENE (DESK REPORT)","NO INJURY / DRIVE AWAY",,,,"OVER $1,500","2026-04-15T08:30:00.000","IMPROPER LANE USAGE","NOT APPLICABLE","2400","N","CLARK ST","1935",,,,,,,"2","NO INDICATION OF INJURY","0","0","0","0","0","2","0","8","4","4","41.925597623","-87.6406509731","POINT (-87.640650973099 41.925597623023)"
"59e6c5f72172304741b5bdd23e9c20017403a44097f2ff3d21e10d28a5d1b55c5da14fcc1b1a73902602fb487da85a9989e38914d603e42028912401440b2e2c",,"2026-04-15T08:03:00.000","30","NO CONTROLS","NO CONTROLS","CLEAR","DAYLIGHT","PEDALCYCLIST","DIVIDED - W/MEDIAN BARRIER",,"STRAIGHT AND LEVEL","WET","NO DEFECTS","ON SCENE","INJURY AND / OR TOW DUE TO CRASH",,,,"OVER $1,500","2026-04-15T08:08:00.000","FAILING TO YIELD RIGHT-OF-WAY","UNABLE TO DETERMINE","5900","W","MADISON ST","1513",,,,,,,"2","REPORTED, NOT EVIDENT","1","0","0","0","1","1","0","8","4","4","41.8802428695","-87.7718524833","POINT (-87.771852483282 41.880242869502)"
"511e13e66b6f6b61cf6d7028affff09a28785567cbe2f11ab8f8e9d0b50e2f9bb550d79591492d53f5151fb405c25107b6498650b86158d75d7502a1a88c6ebb",,"2026-04-15T08:00:00.000","15","NO CONTROLS","NO CONTROLS","CLOUDY/OVERCAST","DAYLIGHT","REAR END","OTHER",,"STRAIGHT AND LEVEL","DRY","NO DEFECTS","NOT ON SCENE (DESK REPORT)","NO INJURY / DRIVE AWAY",,"N",,"$500 OR LESS","2026-04-15T08:50:00.000","IMPROPER BACKING","IMPROPER BACKING","6900","S","LAFAYETTE AVE","731",,,,,,,"2","NO INDICATION OF INJURY","0","0","0","0","0","2","0","8","4","4","41.7691553353","-87.6268126763","POINT (-87.626812676272 41.769155335336)"
"81eede4c8df1f421f12aa1b36bba847ccdf7ee72ddaaf2e0169a1d7062f0e06e1be286403805513b48888a87b04ae9bf90310df17f9083d2081bf621c2a696a2",,"2026-04-15T08:00:00.000","30","NO CONTROLS","NO CONTROLS","CLEAR","DAYLIGHT","SIDESWIPE SAME DIRECTION","NOT DIVIDED",,"STRAIGHT AND LEVEL","WET","UNKNOWN","NOT ON SCENE (DESK REPORT)","NO INJURY / DRIVE AWAY",,,,"OVER $1,500","2026-04-15T18:25:00.000","NOT APPLICABLE","IMPROPER LANE USAGE","350","N","CICERO AVE","1532",,,,,,,"2","NO INDICATION OF INJURY","0","0","0","0","0","2","0","8","4","4","41.8866462193","-87.7456458358","POINT (-87.745645835752 41.886646219256)"
"e5168c456ae3f62ab5e2ef782809edf52c6aaf72fa0651cd0408bec2bcb43e7d2c802e90d26723c495fc8e5bbc6262d1103abeb0ed5856cd5479c1c2435ecbd4","Y","2026-04-15T08:00:00.000","25","NO CONTROLS","NO CONTROLS","UNKNOWN","UNKNOWN","PARKED MOTOR VEHICLE","NOT DIVIDED",,"STRAIGHT AND LEVEL","UNKNOWN","UNKNOWN","NOT ON SCENE (DESK REPORT)","NO INJURY / DRIVE AWAY",,,"Y","OVER $1,500","2026-04-15T15:53:00.000","UNABLE TO DETERMINE","NOT APPLICABLE","5519","S","CALIFORNIA AVE","824",,,,,,,"2","NO INDICATION OF INJURY","0","0","0","0","0","1","0","8","4","4","41.7930937413","-87.6936345566","POINT (-87.693634556612 41.793093741273)"
"9611ada461c5f21594a99732c0c4c6ed5841d59e584aada825ccaf6aff0d12ae630de8dbf0359955a16830170400f6a16f5d56e3f7fd6ef999533b70eda768c0",,"2026-04-15T07:54:00.000","25","SCHOOL ZONE","NO CONTROLS","RAIN","DAYLIGHT","REAR TO FRONT","ONE-WAY",,"STRAIGHT AND LEVEL","WET","NO DEFECTS","NOT ON SCENE (DESK REPORT)","NO INJURY / DRIVE AWAY",,,"Y","OVER $1,500","2026-04-15T08:46:00.000","IMPROPER OVERTAKING/PASSING","FAILING TO YIELD RIGHT-OF-WAY","5167","W","FERDINAND ST","1532","Y","Y",,,,,"2","NO INDICATION OF INJURY","0","0","0","0","0","2","0","7","4","4","41.8891956581","-87.7553313991","POINT (-87.755331399078 41.889195658109)"
"18b2678573714f38f9ca7f327aa457a3f0bbddb261172027fec8433767b6ddadc1c682ce46ae342262a34d0c1afeddc1fb4bfd1b7d53c7cf94fcd6bc97bc3e69",,"2026-04-15T07:53:00.000","30","NO CONTROLS","NO CONTROLS","CLEAR","DAYLIGHT","REAR END","NOT DIVIDED",,"STRAIGHT AND LEVEL","DRY","NO DEFECTS","NOT ON SCENE (DESK REPORT)","NO INJURY / DRIVE AWAY",,,,"OVER $1,500","2026-04-15T15:04:00.000","IMPROPER OVERTAKING/PASSING","NOT APPLICABLE","2659","S","DAMEN AVE","1034",,,,,,,"2","NO INDICATION OF INJURY","0","0","0","0","0","2","0","7","4","4","41.8430212177","-87.6754582347","POINT (-87.675458234701 41.843021217675)"
"7ea39a6e1d582c95149ccf7158516bc3fd09a2a42089cbc24cd407bd717b88d3daa8d28472a98b2239e13da24bab9c874cef1a3ba6878c282e1032795061f3fa",,"2026-04-15T07:53:00.000","30","NO CONTROLS","NO CONTROLS","CLEAR","DAYLIGHT","PARKED MOTOR VEHICLE","DIVIDED - W/MEDIAN (NOT RAISED)",,"STRAIGHT AND LEVEL","DRY","NO DEFECTS","NOT ON SCENE (DESK REPORT)","NO INJURY / DRIVE AWAY",,"Y","Y","OVER $1,500","2026-04-15T19:35:00.000","UNABLE TO DETERMINE","UNABLE TO DETERMINE","1105","W","87TH ST","2222",,,,,,,"2","NO INDICATION OF INJURY","0","0","0","0","0","2","0","7","4","4","41.7358557267","-87.6511558822","POINT (-87.651155882237 41.735855726725)"
"49131953bc60084dbe038169579c8c740b3219fccfc06033a0824ca4da0003ba81f413c36f123d1ae7f02999b8c11c7a06fc814cc85df495c8f7ab9887c9a56a",,"2026-04-15T07:52:00.000","30","NO CONTROLS","NO CONTROLS","CLEAR","DAYLIGHT","SIDESWIPE SAME DIRECTION","DIVIDED - W/MEDIAN (NOT RAISED)",,"STRAIGHT AND LEVEL","DRY","NO DEFECTS","ON SCENE","NO INJURY / DRIVE AWAY","N",,"Y","OVER $1,500","2026-04-15T07:52:00.000","OPERATING VEHICLE IN ERRATIC, RECKLESS, CARELESS, NEGLIGENT OR AGGRESSIVE MANNER","IMPROPER OVERTAKING/PASSING","7120","S","KEDZIE AVE","831",,,,,,,"2","NO INDICATION OF INJURY","0","0","0","0","0","2","0","7","4","4","41.7637256207","-87.7029404796","POINT (-87.702940479555 41.763725620655)"
"b0668af100ae306d9c2c7ec0fe7c69181a962170b33dec9cbf0bd43bdb33563c6c0a52f3540ab16d1e92eb821669e99806b98491ad74b4a22e0450c03b1a9b93",,"2026-04-15T07:51:00.000","30","NO CONTROLS","NO CONTROLS","RAIN","DAYLIGHT","TURNING","NOT DIVIDED",,"STRAIGHT AND LEVEL","WET","NO DEFECTS","ON SCENE","NO INJURY / DRIVE AWAY",,,,"$501 - $1,500","2026-04-15T07:51:00.000","WEATHER","UNABLE TO DETERMINE","3144","N","CENTRAL AVE","2514",,,,,,,"2","NO INDICATION OF INJURY","0","0","0","0","0","4","0","7","4","4","41.9380842617","-87.7666282862","POINT (-87.766628286209 41.938084261749)"
"7656f4cdc68ff7650b48b1b3c1670d59ddf025b4a3585f6a2f14a901078c9b060aec6332ba57756f03ea956dc44f1179d7f568ccf342653b05fb2838efccbe61",,"2026-04-15T07:50:00.000","30","OTHER","UNKNOWN","CLOUDY/OVERCAST","DAYLIGHT","SIDESWIPE SAME DIRECTION","DIVIDED - W/MEDIAN (NOT RAISED)",,"STRAIGHT AND LEVEL","WET","UNKNOWN","NOT ON SCENE (DESK REPORT)","NO INJURY / DRIVE AWAY",,,,"$501 - $1,500","2026-04-15T09:00:00.000","UNABLE TO DETERMINE","NOT APPLICABLE","356","N","CICERO AVE","1532",,,,,,,"2","NO INDICATION OF INJURY","0","0","0","0","0","2","0","7","4","4","41.8868512629","-87.7456535196","POINT (-87.745653519601 41.886851262919)"
"7a472ec38e593e852936fbdc22346366e878dd6d3beb41203e8148ee54688825cbe432eb3e024d0e962b6ab60c0d78299a1c86c82d19edc29e6b2aef28c3ab47",,"2026-04-15T07:46:00.000","30","TRAFFIC SIGNAL","UNKNOWN","CLEAR","DAYLIGHT","SIDESWIPE SAME DIRECTION","DIVIDED - W/MEDIAN BARRIER",,"STRAIGHT AND LEVEL","DRY","UNKNOWN","ON SCENE","NO INJURY / DRIVE AWAY",,,"Y","OVER $1,500","2026-04-15T07:46:00.000","IMPROPER OVERTAKING/PASSING","NOT APPLICABLE","4300","S","ASHLAND AVE","924",,,,,,,"4","NO INDICATION OF INJURY","0","0","0","0","0","4","0","7","4","4","41.8157784269","-87.6652928904","POINT (-87.665292890367 41.815778426908)"
"3098d0b38106e4df2c3e855a2576dfd3d692b587d82b663087e2a4482059f24a499f4dacc40b966945b641361d303378f70220e6af62702261b13f815e57b7fe",,"2026-04-15T07:45:00.000","30","NO CONTROLS","NO CONTROLS","CLEAR","DAYLIGHT","PARKED MOTOR VEHICLE","DIVIDED - W/MEDIAN (NOT RAISED)",,"STRAIGHT AND LEVEL","DRY","NO DEFECTS","NOT ON SCENE (DESK REPORT)","NO INJURY / DRIVE AWAY",,,"Y","OVER $1,500","2026-04-15T10:34:00.000","UNABLE TO DETERMINE","NOT APPLICABLE","7440","S","SOUTH CHICAGO AVE","323",,,,,,,"2","NO INDICATION OF INJURY","0","0","0","0","0","1","0","7","4","4","41.7595363554","-87.5969676711","POINT (-87.596967671135 41.759536355449)"
"87a831ecb1848a948eae2a295188d8b8cb25355f65087b0b394f26b0066ffa8d65c61f765b8cad53ebfe6f29bcbe37d988908a50d577fb17d883dd4109cea76f",,"2026-04-15T07:40:00.000","35","STOP SIGN/FLASHER","FUNCTIONING PROPERLY","CLEAR","DAYLIGHT","SIDESWIPE SAME DIRECTION","NOT DIVIDED",,"STRAIGHT AND LEVEL","WET","NO DEFECTS","ON SCENE","NO INJURY / DRIVE AWAY",,,,"OVER $1,500","2026-04-15T07:45:00.000","UNABLE TO DETERMINE","WEATHER","6101","S","CALIFORNIA AVE","825",,,,,,,"2","NO INDICATION OF INJURY","0","0","0","0","0","5","0","7","4","4","41.7826723146","-87.6933467416","POINT (-87.693346741608 41.782672314616)"
"7649620e72ce9d2d870ba69f04ef2d36facf1a885e3fee0903cbec86cf6e77121d10e2dcefb502ec001d7f539886bbbe590d29b475f1fe1cac1a14a7637d8a16",,"2026-04-15T07:36:00.000","30","TRAFFIC SIGNAL","FUNCTIONING PROPERLY","CLEAR","DAYLIGHT","TURNING","FOUR WAY",,"STRAIGHT AND LEVEL","DRY","NO DEFECTS","NOT ON SCENE (DESK REPORT)","NO INJURY / DRIVE AWAY","Y",,,"OVER $1,500","2026-04-15T08:00:00.000","FAILING TO YIELD RIGHT-OF-WAY","FAILING TO YIELD RIGHT-OF-WAY","9900","S","VINCENNES AVE","2213",,,,,,,"2","NO INDICATION OF INJURY","0","0","0","0","0","2","0","7","4","4","41.7139794991","-87.6535123131","POINT (-87.653512313106 41.713979499108)"
"ca966bcaa8fa3f1af1711fad26cf71c5d700c96c54e83fe4794e79654cf9530c279c83481ebe54f3e41e875bc9f9b66f29963cb3352b1e8859e609ebb0921de2",,"2026-04-15T07:30:00.000","30","TRAFFIC SIGNAL","FUNCTIONING PROPERLY","CLEAR","DAYLIGHT","REAR END","ONE-WAY",,"STRAIGHT AND LEVEL","WET","NO DEFECTS","NOT ON SCENE (DESK REPORT)","NO INJURY / DRIVE AWAY",,,,"$501 - $1,500","2026-04-15T08:15:00.000","UNABLE TO DETERMINE","NOT APPLICABLE","6720","S","CORNELL AVE","332",,,,,,,"2","NO INDICATION OF INJURY","0","0","0","0","0","2","0","7","4","4","41.7726833007","-87.5852082873","POINT (-87.585208287342 41.772683300707)"
"31a90d0977998e2dd93b1269a820488b81fae81ed2134b3400d41cb92ab30872a6e95d64c597d95ac92c957be0963c629747a14a38549f0292feb4763c3bac64",,"2026-04-15T07:29:00.000","20","NO CONTROLS","NO CONTROLS","RAIN","DAYLIGHT","PARKED MOTOR VEHICLE","ONE-WAY",,"STRAIGHT AND LEVEL","WET","NO DEFECTS","ON SCENE","NO INJURY / DRIVE AWAY",,,"Y","OVER $1,500","2026-04-15T09:49:00.000","UNABLE TO DETERMINE","UNABLE TO DETERMINE","5342","S","CHRISTIANA AVE","822",,,,,,,"2","NO INDICATION OF INJURY","0","0","0","0","0","1","0","7","4","4","41.7958305633","-87.7074419309","POINT (-87.707441930877 41.795830563274)"
"8a90337fd2143230a865fd689f1a934d63cfe6ffef3ca39169ffca05d33aab6441753f37fc4ef00d498226e2075e19c8904491f5422cc75f4460a50046934137",,"2026-04-15T07:24:00.000","30","TRAFFIC SIGNAL","UNKNOWN","RAIN","DAYLIGHT","REAR END","FOUR WAY",,"STRAIGHT AND LEVEL","WET","UNKNOWN","NOT ON SCENE (DESK REPORT)","NO INJURY / DRIVE AWAY","Y",,,"$500 OR LESS","2026-04-15T08:10:00.000","UNABLE TO DETERMINE","UNABLE TO DETERMINE","6701","S","STONY ISLAND AVE","332",,,,,,,"2","NO INDICATION OF INJURY","0","0","0","0","0","2","0","7","4","4","41.7732549134","-87.5859502967","POINT (-87.585950296714 41.773254913419)"
"c1b411feaef92c960ce2a751b0243f6b662cd765d52529004838f3158dbebf94466150b617fe527cbb37b129577f24b6f1ce07e1e80c8ea23a21e4d19a36cbdb",,"2026-04-15T07:15:00.000","30","TRAFFIC SIGNAL","FUNCTIONING PROPERLY","RAIN","DAYLIGHT","REAR END","NOT DIVIDED",,"STRAIGHT AND LEVEL","WET","NO DEFECTS",,"NO INJURY / DRIVE AWAY","Y",,,"$500 OR LESS","2026-04-15T09:25:00.000","UNABLE TO DETERMINE","UNABLE TO DETERMINE","4400","W","OGDEN AVE","1013",,,,,,,"2","NO INDICATION OF INJURY","0","0","0","0","0","2","0","7","4","4","41.8477775228","-87.7345059687","POINT (-87.734505968748 41.847777522805)"
"4dec7d6027847cd7863ede0f15430cf58b20f334060b4752b58df6d872e6f01ec144a6c826d3baf973efd6cb0f138ea3e379d8761ff542e0863ed0bd91639709",,"2026-04-15T07:10:00.000","30","TRAFFIC SIGNAL","FUNCTIONING PROPERLY","CLOUDY/OVERCAST","DAYLIGHT","ANGLE","NOT DIVIDED",,"STRAIGHT AND LEVEL","DRY","NO DEFECTS","ON SCENE","INJURY AND / OR TOW DUE TO CRASH","Y",,,"OVER $1,500","2026-04-15T07:13:00.000","DISREGARDING TRAFFIC SIGNALS","FAILING TO REDUCE SPEED TO AVOID CRASH","6002","S","COTTAGE GROVE AVE","313",,,,,,,"2","NONINCAPACITATING INJURY","2","0","0","2","0","1","0","7","4","4","41.7857273533","-87.6061850416","POINT (-87.606185041645 41.785727353265)"
"8ecaab42c233811114a916e2f99920698ed9a6afdc985fec979b2b8685ec03ec76051da4ace9e7c60b2ba1182ab882a47ec1273eef49853397c9be374b79df23",,"2026-04-15T07:08:00.000","30","NO CONTROLS","NO CONTROLS","RAIN","DAYLIGHT","OTHER NONCOLLISION","NOT DIVIDED",,"STRAIGHT ON GRADE","WET","RUT, HOLES","ON SCENE","INJURY AND / OR TOW DUE TO CRASH",,,,"OVER $1,500","2026-04-15T07:15:00.000","UNABLE TO DETERMINE","UNABLE TO DETERMINE","5255","N","LEAVITT ST","2012",,,,,,,"1","NO INDICATION OF INJURY","0","0","0","0","0","1","0","7","4","4","41.9776162476","-87.6841976325","POINT (-87.684197632473 41.977616247553)"
"562131586199fa0d570d0e16ec8d5a5a03532a02bef5e5fab03796252aa4771dda55e541c68da529c90e6209da5daff6eb19c626ad9f6d2e0e0cd2a8c7e54ebf",,"2026-04-15T07:04:00.000","30","TRAFFIC SIGNAL","FUNCTIONING PROPERLY","RAIN","DAYLIGHT","SIDESWIPE SAME DIRECTION","NOT DIVIDED",,"STRAIGHT AND LEVEL","WET","NO DEFECTS","NOT ON SCENE (DESK REPORT)","NO INJURY / DRIVE AWAY",,,,"$500 OR LESS","2026-04-15T10:10:00.000","UNABLE TO DETERMINE","UNABLE TO DETERMINE","2001","W","MARQUETTE RD","726",,,,,,,"2","NO INDICATION OF INJURY","0","0","0","0","0","2","0","7","4","4","41.7719660557","-87.6737717779","POINT (-87.673771777929 41.77196605569)"
"e1e7c07a345093eda199d48971298d697f6e7bd053a5aae75b3613920d658f5235008924771f4cabca718012f134e0e0f64c8297dad3bab28aff0d4cfc297404",,"2026-04-15T07:00:00.000","30","TRAFFIC SIGNAL","FUNCTIONING PROPERLY","RAIN","DAYLIGHT","PEDESTRIAN","FOUR WAY",,"STRAIGHT AND LEVEL","WET","NO DEFECTS","ON SCENE","INJURY AND / OR TOW DUE TO CRASH","Y",,,"$500 OR LESS","2026-04-15T07:09:00.000","FAILING TO YIELD RIGHT-OF-WAY","FAILING TO REDUCE SPEED TO AVOID CRASH","4900","W","FULLERTON AVE","2521",,,,,,,"2","REPORTED, NOT EVIDENT","1","0","0","0","1","1","0","7","4","4","41.9243147966","-87.7488839446","POINT (-87.748883944595 41.924314796598)"
"02bd5dab64ad7f180936a4320229df7a738caf6c7084cd6feb0a60bdcac7f2a6defa22530758518b88ff809821b458996887dde59d75499649f15f1934f579c9",,"2026-04-15T06:55:00.000","30","TRAFFIC SIGNAL","UNKNOWN","RAIN","DAYLIGHT","PEDESTRIAN","FOUR WAY",,"STRAIGHT AND LEVEL","WET","NO DEFECTS","ON SCENE","INJURY AND / OR TOW DUE TO CRASH","Y",,,"$500 OR LESS","2026-04-15T06:55:00.000","FAILING TO YIELD RIGHT-OF-WAY","VISION OBSCURED (SIGNS, TREE LIMBS, BUILDINGS, ETC.)","953","W","IRVING PARK RD","1923",,,,,,,"2","NONINCAPACITATING INJURY","1","0","0","1","0","1","0","6","4","4","41.9543838482","-87.6541952942","POINT (-87.65419529417 41.954383848186)"
"8b32f8f18df8bde355c2c0e285a1d841caa3b9ea3d50a84fff10e58c5a8ea61b47fc45b1d4a77d7dabefdeab6c350a52b9bfecec24e96ceb4f27860e7e582543",,"2026-04-15T06:45:00.000","40","NO CONTROLS","NO CONTROLS","CLEAR","DAYLIGHT","OTHER OBJECT","OTHER",,"STRAIGHT AND LEVEL","WET","NO DEFECTS","ON SCENE","NO INJURY / DRIVE AWAY",,,,"$501 - $1,500","2026-04-15T06:47:00.000","UNABLE TO DETERMINE","UNABLE TO DETERMINE","3900","S","LAKE SHORE DR NB","212",,,,,,,"1","NO INDICATION OF INJURY","0","0","0","0","0","1","0","6","4","4","41.825882585","-87.6009718542","POINT (-87.600971854237 41.825882585011)"
"0416500079c32608cf7f730cd264a7fa62a9d77b399888505949d6117b6ed430ec207e90d38101af11e8a54b80dcd660dfeecfd188da0640b06272e476a1a277",,"2026-04-15T06:38:00.000","30","NO CONTROLS","NO CONTROLS","RAIN","DAYLIGHT","REAR END","DIVIDED - W/MEDIAN (NOT RAISED)",,"STRAIGHT AND LEVEL","WET","NO DEFECTS","NOT ON SCENE (DESK REPORT)","NO INJURY / DRIVE AWAY",,,,"OVER $1,500","2026-04-15T07:15:00.000","UNABLE TO DETERMINE","UNABLE TO DETERMINE","3829","W","ADDISON ST","1732",,,,,,,"2","NO INDICATION OF INJURY","0","0","0","0","0","2","0","6","4","4","41.946311801","-87.7237290726","POINT (-87.723729072567 41.946311801003)"
"54ba53b8d17538168f7c85ded18094d73f3414ebff804ce534416304175ae310214f94a682139592814e385bf1ae70521b4ef0abbee8f47fc6e917f4e568df2d",,"2026-04-15T06:30:00.000","30","NO CONTROLS","NO CONTROLS","RAIN","DAYLIGHT","TURNING","DIVIDED - W/MEDIAN (NOT RAISED)",,"STRAIGHT AND LEVEL","WET","NO DEFECTS","NOT ON SCENE (DESK REPORT)","NO INJURY / DRIVE AWAY",,,"Y","OVER $1,500","2026-04-15T08:00:00.000","DRIVING ON WRONG SIDE/WRONG WAY","NOT APPLICABLE","5155","N","KIMBALL AVE","1713",,,,,,,"2","NO INDICATION OF INJURY","0","0","0","0","0","2","0","6","4","4","41.9754916774","-87.7134095457","POINT (-87.713409545706 41.975491677384)"
"3f932e2226e210fb142c1eb8694cd300fbc9ec0cef492fb94f39e951a93a73620577f5896a4a5af8408a9738447b3735aac6b0ac075ae5d845ec6064b77156f0",,"2026-04-15T06:00:00.000","30","NO CONTROLS","NO CONTROLS","CLEAR","DAYLIGHT","REAR END","OTHER",,"STRAIGHT AND LEVEL","WET","NO DEFECTS","ON SCENE","NO INJURY / DRIVE AWAY",,,,"OVER $1,500","2026-04-15T06:10:00.000","UNABLE TO DETERMINE","UNABLE TO DETERMINE","1","W","TERMINAL ST","1651",,,,,,,"2","NO INDICATION OF INJURY","0","0","0","0","0","2","0","6","4","4",,,
"f6bab552ea4a1b66e47a84efe5755adb4df6375c380ebaab95eb269b8f77a909eb1de4c3b32518f1399bc3c43ee5509c7a8170898ecb5f48aadff9d408e7b73d",,"2026-04-15T05:25:00.000","30","NO CONTROLS","NO CONTROLS","CLEAR","DAWN","TURNING","NOT DIVIDED",,"STRAIGHT AND LEVEL","WET","NO DEFECTS","NOT ON SCENE (DESK REPORT)","NO INJURY / DRIVE AWAY",,,,"$501 - $1,500","2026-04-15T07:15:00.000","FAILING TO YIELD RIGHT-OF-WAY","UNABLE TO DETERMINE","3158","W","28TH ST","1033",,,,,,,"2","NO INDICATION OF INJURY","0","0","0","0","0","2","0","5","4","4","41.8409873509","-87.7048716433","POINT (-87.704871643275 41.840987350877)"
"89dfa64b28ae147576cdab90cdb9703f4540ea839a3d68533eaae71127c8bd8c0c0c3804dae037b245303a6c81b12c5ad3f90ef75057cb3f5ebfe14b460a7f8d",,"2026-04-15T05:00:00.000","30","TRAFFIC SIGNAL","FUNCTIONING PROPERLY","CLOUDY/OVERCAST","DAYLIGHT","ANGLE","DIVIDED - W/MEDIAN BARRIER",,"STRAIGHT AND LEVEL","UNKNOWN","UNKNOWN","NOT ON SCENE (DESK REPORT)","NO INJURY / DRIVE AWAY",,,,"OVER $1,500","2026-04-15T11:45:00.000","NOT APPLICABLE","UNABLE TO DETERMINE","1987","S","CANALPORT AVE","1235",,,,,,,"2","NO INDICATION OF INJURY","0","0","0","0","0","2","0","5","4","4","41.8556562523","-87.6442360638","POINT (-87.644236063819 41.855656252262)"
"a912ce4c1662be727bb316d3a43fd6cb83e5d4619127431d47f67590ba26e43ad469f1bfaf9aeb98b495ecd959a9cf47637c83a4f81815f46ac0a197fc431d16",,"2026-04-15T04:49:00.000","30","NO CONTROLS","NO CONTROLS","CLEAR","DARKNESS, LIGHTED ROAD","FIXED OBJECT","PARKING LOT",,"STRAIGHT AND LEVEL","DRY","NO DEFECTS","ON SCENE","NO INJURY / DRIVE AWAY",,"Y","Y","OVER $1,500","2026-04-15T04:50:00.000","NOT APPLICABLE","OPERATING VEHICLE IN ERRATIC, RECKLESS, CARELESS, NEGLIGENT OR AGGRESSIVE MANNER","7059","S","ASHLAND AVE","734",,,,,,,"1","NO INDICATION OF INJURY","0","0","0","0","0","1","0","4","4","4","41.7650042594","-87.6636541132","POINT (-87.663654113217 41.765004259432)"
"7ad9aefd77259ad84cc362cf25986b4c4f076c62ca1ef7ecab338d2bddc6727f593d48c0dfbbc7d74a7e5f5594e9f412ba73beb0d97f5e77ecd9753cb32b4b97",,"2026-04-15T03:22:00.000","30","STOP SIGN/FLASHER","FUNCTIONING PROPERLY","CLEAR","DARKNESS, LIGHTED ROAD","ANGLE","FOUR WAY",,"STRAIGHT AND LEVEL","WET","NO DEFECTS","ON SCENE","NO INJURY / DRIVE AWAY","Y",,"Y","$501 - $1,500","2026-04-15T03:32:00.000","DISREGARDING STOP SIGN","NOT APPLICABLE","13400","S","BALTIMORE AVE","433",,"Y",,,,,"2","NO INDICATION OF INJURY","0","0","0","0","0","2","0","3","4","4","41.651763637","-87.5473053582","POINT (-87.547305358166 41.651763637011)"