"crash_record_id","crash_date_est_i","crash_date","posted_speed_limit","traffic_control_device","device_condition","weather_condition","lighting_condition","first_crash_type","trafficway_type","lane_cnt","alignment","roadway_surface_cond","road_defect","report_type","crash_type","intersection_related_i","private_property_i","hit_and_run_i","damage","date_police_notified","prim_contributory_cause","sec_contributory_cause","street_no","street_direction","street_name","beat_of_occurrence","photos_taken_i","statements_taken_i","dooring_i","work_zone_i","work_zone_type","workers_present_i","num_units","most_severe_injury","injuries_total","injuries_fatal","injuries_incapacitating","injuries_non_incapacitating","injuries_reported_not_evident","injuries_no_indication","injuries_unknown","crash_hour","crash_day_of_week","crash_month","latitude","longitude","location"
"597f8b52806c5d22887f228116db049cfd31e77455ac27566650e269a9bb48d7ae64bdf7c67fc85992ebf438bd13717f889b627bc9f87eb93d8cdfb2de48606f",,"2026-04-15T02:02:00.000","25","NO CONTROLS","NO CONTROLS","RAIN","DARKNESS, LIGHTED ROAD","PARKED MOTOR VEHICLE","ONE-WAY",,"STRAIGHT AND LEVEL","WET","NO DEFECTS","ON SCENE","INJURY AND / OR TOW DUE TO CRASH",,,,"$501 - $1,500","2026-04-15T02:02:00.000","EQUIPMENT - VEHICLE CONDITION","UNABLE TO DETERMINE","3518","W","BELDEN AVE","1413",,,,,,,"2","NO INDICATION OF INJURY","0","0","0","0","0","1","0","2","4","4","41.9229123818","-87.7145047592","POINT (-87.714504759159 41.92291238178)"
"5744c4ed619bf1e0d90687e0e04d5fb9836e2ea1ab1b7bdb091a9c18b2da6e0bcc88f777faddc2da8463c3683b21f9c01a8b7afed24a24e5ed8a9aa21044dd5b",,"2026-04-15T02:00:00.000","30","NO CONTROLS","NO CONTROLS","RAIN","DARKNESS, LIGHTED ROAD","PARKED MOTOR VEHICLE","NOT DIVIDED",,"STRAIGHT AND LEVEL","WET","UNKNOWN","ON SCENE","NO INJURY / DRIVE AWAY",,,"Y","OVER $1,500","2026-04-15T12:51:00.000","UNABLE TO DETERMINE","UNABLE TO DETERMINE","1248","W","21ST ST","1235",,,,,,,"2","NO INDICATION OF INJURY","0","0","0","0","0","1","0","2","4","4","41.8544008498","-87.658284708","POINT (-87.658284708007 41.854400849784)"
"886d2b7b2599951473ab599c01713b44a96100f4911531aa5e573d3682a7f1d5b734c3c8a186b5e3d83be5ea8dafc25618332a904121276d68db18cfa29b8b44",,"2026-04-15T01:45:00.000","15","NO CONTROLS","NO CONTROLS","CLEAR","DARKNESS, LIGHTED ROAD","REAR END","OTHER",,"STRAIGHT AND LEVEL","WET","NO DEFECTS","ON SCENE","NO INJURY / DRIVE AWAY",,,,"OVER $1,500","2026-04-15T02:19:00.000","FAILING TO REDUCE SPEED TO AVOID CRASH","PHYSICAL CONDITION OF DRIVER","707","S","SEELEY AVE","1225",,,,,,,"2","NO INDICATION OF INJURY","0","0","0","0","0","2","0","1","4","4","41.8730261202","-87.677453686","POINT (-87.677453686047 41.873026120177)"
"d06b27606b1bd859d565e9fb0d173e942e08b3d7c795977d0110d40fd01e43d0027af04e2a24ca464a8adac18a8c8e52b1e244e58431f11b6a10d1118b1198f7",,"2026-04-15T01:32:00.000","15","NO CONTROLS","NO CONTROLS","RAIN","DARKNESS","FIXED OBJECT","ALLEY",,"STRAIGHT AND LEVEL","WET","UNKNOWN",,"INJURY AND / OR TOW DUE TO CRASH",,,,"OVER $1,500","2026-04-15T01:32:00.000","WEATHER","DRIVING SKILLS/KNOWLEDGE/EXPERIENCE","1715","W","THORNDALE AVE","2012",,,,,,,"1","NO INDICATION OF INJURY","0","0","0","0","0","2","0","1","4","4","41.9882671288","-87.672215298","POINT (-87.672215297998 41.988267128797)"
"5cbf0d929ecb4b2894ba9123d9b7b300123236ea69ec597f7e74228bd3947c276567a09abdb85851e04df9330c88ab5f1a3ec57186a0cd29d48982f8a26441dc",,"2026-04-15T01:31:00.000","30","NO CONTROLS","NO CONTROLS","CLEAR","DARKNESS, LIGHTED ROAD","PARKED MOTOR VEHICLE","NOT DIVIDED",,"STRAIGHT AND LEVEL","WET","NO DEFECTS","ON SCENE","NO INJURY / DRIVE AWAY",,,"Y","OVER $1,500","2026-04-15T01:31:00.000","OPERATING VEHICLE IN ERRATIC, RECKLESS, CARELESS, NEGLIGENT OR AGGRESSIVE MANNER","NOT APPLICABLE","1908","N","CAMPBELL AVE","1434",,,,,,,"3","NO INDICATION OF INJURY","0","0","0","0","0","4","0","1","4","4","41.9160345453","-87.6899630158","POINT (-87.68996301582 41.91603454527)"
"9d128d103c9ff1e4303d157418615e8ab0ac13e4b9d1dd18fe0e9af2c70ee248098da28b002ff491fb6b3d163553b7da1b903137575701ad383de714e739fda9",,"2026-04-15T01:20:00.000","30","NO CONTROLS","NO CONTROLS","RAIN","DARKNESS, LIGHTED ROAD","TURNING","NOT DIVIDED",,"STRAIGHT AND LEVEL","WET","NO DEFECTS","ON SCENE","NO INJURY / DRIVE AWAY","Y",,,"OVER $1,500","2026-04-15T01:30:00.000","WEATHER","NOT APPLICABLE","3300","S","WABASH AVE","211",,,,,,,"2","NO INDICATION OF INJURY","0","0","0","0","0","2","0","1","4","4","41.8345864736","-87.625206849","POINT (-87.625206848981 41.834586473641)"
"7bd1b97cc4a7b39c9adb2346fded8b2d7e44a39f2e8fa049200bbb25247cf23f27d097aacc03c479c3abdb2678c4f5de35db088a43487cd691117433dc2ebedc",,"2026-04-15T01:19:00.000","30","TRAFFIC SIGNAL","FUNCTIONING PROPERLY","RAIN","DARKNESS, LIGHTED ROAD","TURNING","DIVIDED - W/MEDIAN (NOT RAISED)",,"STRAIGHT AND LEVEL","WET","NO DEFECTS","ON SCENE","NO INJURY / DRIVE AWAY",,,,"OVER $1,500","2026-04-15T01:22:00.000","FAILING TO YIELD RIGHT-OF-WAY","UNABLE TO DETERMINE","3557","N","KEDZIE AVE","1733",,,,,,,"2","NO INDICATION OF INJURY","0","0","0","0","0","3","0","1","4","4","41.9464230229","-87.7076678906","POINT (-87.70766789065 41.946423022852)"
"af909f972bba17a015e6dfa4c22dbe58bcb58b9c39cf49c642f67b2fc238fbc33814b32a2f8b0ca940167c95231c9c4f3cc312c0353a786869584e73561a2c15",,"2026-04-15T00:58:00.000","30","TRAFFIC SIGNAL","FUNCTIONING PROPERLY","RAIN","DARKNESS, LIGHTED ROAD","TURNING","DIVIDED - W/MEDIAN (NOT RAISED)",,"STRAIGHT AND LEVEL","WET","UNKNOWN","ON SCENE","INJURY AND / OR TOW DUE TO CRASH","Y",,,"OVER $1,500","2026-04-15T01:03:00.000","WEATHER","WEATHER","6321","N","CALDWELL AVE","1621",,,,"N",,,"2","NONINCAPACITATING INJURY","1","0","0","1","0","1","0","0","4","4","41.996214506","-87.7640993024","POINT (-87.764099302403 41.996214505963)"
"1801eee532a13a80ae3188f7174bcc663c9c1ac507a88af3a3fa8afe097d94271dffc581c921998254f3e18a81d6d927c7b1df23dd4170ec3cc5c8c3a1b5e8b3",,"2026-04-15T00:45:00.000","30","TRAFFIC SIGNAL","FUNCTIONING PROPERLY","RAIN","DARKNESS, LIGHTED ROAD","ANGLE","TRAFFIC ROUTE",,"STRAIGHT AND LEVEL","WET","NO DEFECTS","ON SCENE","NO INJURY / DRIVE AWAY","Y",,,"$501 - $1,500","2026-04-15T00:48:00.000","DISREGARDING TRAFFIC SIGNALS","NOT APPLICABLE","7900","S","JEFFERY BLVD","414",,,,,,,"2","NO INDICATION OF INJURY","0","0","0","0","0","2","0","0","4","4","41.7515129841","-87.5761257653","POINT (-87.576125765304 41.751512984098)"
"c25420bd894ba6396b578a6cf569a71b4d6ee189342225a78fec030407c255055878ac5f928c6692a10bd5c66a8bcf618d2b8620cf73ffca1ef98b6c1aa3f02e",,"2026-04-15T00:30:00.000","30","UNKNOWN","UNKNOWN","CLEAR","DAYLIGHT","TURNING","FOUR WAY",,"STRAIGHT AND LEVEL","UNKNOWN","UNKNOWN","NOT ON SCENE (DESK REPORT)","NO INJURY / DRIVE AWAY","Y",,,"OVER $1,500","2026-04-15T14:31:00.000","IMPROPER OVERTAKING/PASSING","IMPROPER TURNING/NO SIGNAL","2252","S","CANAL ST","914",,"Y",,,,,"2","NO INDICATION OF INJURY","0","0","0","0","0","2","0","0","4","4","41.8511376605","-87.6386359216","POINT (-87.638635921601 41.85113766046)"
"1b25532d2bf89c772638bc91b550342457f7f24f4488b388ee54006e392cbf564ad1c72a5add9167b110942d7a882c2b819e13dafcb093d7556ec67af433e893",,"2026-04-15T00:04:00.000","30","UNKNOWN","UNKNOWN","RAIN","DARKNESS","REAR TO SIDE","UNKNOWN",,"STRAIGHT AND LEVEL","UNKNOWN","UNKNOWN","NOT ON SCENE (DESK REPORT)","NO INJURY / DRIVE AWAY",,,"Y","OVER $1,500","2026-04-15T01:20:00.000","UNABLE TO DETERMINE","UNABLE TO DETERMINE","11500","S","HALSTED ST","524",,,,,,,"2","NO INDICATION OF INJURY","0","0","0","0","0","2","0","0","4","4","41.6850262563","-87.642297367","POINT (-87.642297366963 41.685026256307)"
"b3105a85f660ce15e87b4172a7166066ee6665a947d3f95c8d70fc7f13acf423143d6298c78ca5d2486b4c3e33c9969079fd3e111f585b2cfcf44e53610d76dc",,"2026-04-15T00:01:00.000","30","UNKNOWN","UNKNOWN","CLEAR","DARKNESS, LIGHTED ROAD","SIDESWIPE SAME DIRECTION","DIVIDED - W/MEDIAN BARRIER",,"STRAIGHT AND LEVEL","UNKNOWN","UNKNOWN","NOT ON SCENE (DESK REPORT)","NO INJURY / DRIVE AWAY",,,"Y","OVER $1,500","2026-04-17T18:50:00.000","UNABLE TO DETERMINE","UNABLE TO DETERMINE","1600","N","LAKE SHORE DR SB","1814",,,,,,,"2","NO INDICATION OF INJURY","0","0","0","0","0","2","0","0","4","4","41.9118569525","-87.6261695233","POINT (-87.626169523312 41.911856952541)"
"d211a815b1ab90084f01628a15d555f3b40900db4f7851fae57a921a9edb34af23f3d9d6221b3ea50065c7e7a3251e3d89aa44fe855a7e6f500ce15f1a560f49","Y","2026-04-15T00:01:00.000","10","NO CONTROLS","NO CONTROLS","UNKNOWN","UNKNOWN","FIXED OBJECT","ALLEY",,"STRAIGHT AND LEVEL","UNKNOWN","NO DEFECTS","ON SCENE","NO INJURY / DRIVE AWAY",,,"Y","OVER $1,500","2026-04-15T11:06:00.000","UNABLE TO DETERMINE","UNABLE TO DETERMINE","3554","W","63RD PL","823",,,,,,,"1","NO INDICATION OF INJURY","0","0","0","0","0","1","0","0","4","4","41.7780051187","-87.7124438755","POINT (-87.712443875489 41.778005118701)"
"3ae5c0375e3b92721f553c8b7007e0b814f8eacda64a54670d97d24c8126a5b3a67353acd645be84f864ee0e72f8a5a2c51dd9eb032849def107cdcd6922df0a","Y","2026-04-15T00:00:00.000","30","NO CONTROLS","NO CONTROLS","RAIN","UNKNOWN","PARKED MOTOR VEHICLE","DIVIDED - W/MEDIAN (NOT RAISED)",,"STRAIGHT AND LEVEL","WET","UNKNOWN","ON SCENE","NO INJURY / DRIVE AWAY",,,"Y","$500 OR LESS","2026-04-15T09:58:00.000","UNABLE TO DETERMINE","UNABLE TO DETERMINE","4321","S","ROCKWELL ST","922",,,,,,,"2","NO INDICATION OF INJURY","0","0","0","0","0","1","0","0","4","4","41.8149689147","-87.6893607524","POINT (-87.689360752354 41.814968914711)"
"a8a10d5a4737914cdb769504d1d00e4d6232c47a6bbdf6373160b28bd12ba8ebcbd0cb6e78b5c18802133024309904fc14ddf2c5a8ee74ff9a0b4e5fc366899c",,"2026-04-14T23:45:00.000","25","NO CONTROLS","NO CONTROLS","RAIN","DUSK","PARKED MOTOR VEHICLE","ONE-WAY",,"STRAIGHT AND LEVEL","WET","NO DEFECTS","NOT ON SCENE (DESK REPORT)","NO INJURY / DRIVE AWAY",,,"Y","OVER $1,500","2026-04-14T23:45:00.000","UNABLE TO DETERMINE","UNABLE TO DETERMINE","5536","W","CONGRESS PKWY","1522",,,,,,,"3","NO INDICATION OF INJURY","0","0","0","0","0","1","0","23","3","4","41.8739554629","-87.7630722335","POINT (-87.763072233479 41.873955462906)"
"b77dfe8815640fd0fdaf5064a96fd0fd68d10cb3ad915d06a42424832992ac274042a4e101e5fcf25db2927c9371a758698a188608bf29b02295bad94bb32851",,"2026-04-14T23:43:00.000","30","TRAFFIC SIGNAL","FUNCTIONING PROPERLY","RAIN","DARKNESS, LIGHTED ROAD","OTHER OBJECT","CENTER TURN LANE",,"STRAIGHT AND LEVEL","WET","OTHER","ON SCENE","NO INJURY / DRIVE AWAY",,,,"$500 OR LESS","2026-04-14T23:55:00.000","WEATHER","NOT APPLICABLE","4801","W","DEVON AVE","1621",,,,,,,"1","NO INDICATION OF INJURY","0","0","0","0","0","1","0","23","3","4","41.9971781704","-87.748379749","POINT (-87.748379748961 41.997178170351)"
"2ca50a63d60de00be22cc7ce7dd13cd17dfe3ba57417dbd48470dfed506a506f60a27f04a7c4a6530b16bad3b8f2942aebf984ff2acaefa38826ddd0307b2ade",,"2026-04-14T23:32:00.000","35","NO CONTROLS","NO CONTROLS","RAIN","DARKNESS, LIGHTED ROAD","REAR END","NOT DIVIDED",,"STRAIGHT AND LEVEL","WET","NO DEFECTS","ON SCENE","INJURY AND / OR TOW DUE TO CRASH",,,,"OVER $1,500","2026-04-14T23:58:00.000","OPERATING VEHICLE IN ERRATIC, RECKLESS, CARELESS, NEGLIGENT OR AGGRESSIVE MANNER","FAILING TO REDUCE SPEED TO AVOID CRASH","7799","S","ASHLAND AVE","612",,,,,,,"2","NO INDICATION OF INJURY","0","0","0","0","0","3","0","23","3","4","41.7522675568","-87.6633366006","POINT (-87.663336600624 41.752267556784)"
"c4e34d13a2c10c2559054f77f2f36cb5e64fcdd8757d61aedadd65c1f8e897d6b625d95ae1076eee5e6e0627729dc71a94bcca3feb59f701daea33cdd60901d2",,"2026-04-14T23:15:00.000","30","NO CONTROLS","NO CONTROLS","RAIN","DARKNESS, LIGHTED ROAD","REAR TO SIDE","CENTER TURN LANE",,"STRAIGHT AND LEVEL","WET","NO DEFECTS","NOT ON SCENE (DESK REPORT)","NO INJURY / DRIVE AWAY",,,"Y","OVER $1,500","2026-04-14T23:40:00.000","IMPROPER BACKING","NOT APPLICABLE","6350","S","CICERO AVE","813",,,,,,,"2","NO INDICATION OF INJURY","0","0","0","0","0","3","0","23","3","4","41.7769205421","-87.7423840062","POINT (-87.742384006174 41.77692054208)"
"14c2576948fed3be4e23df3e08bf0d4e73e2573e5c1a175bcf32843d87224458a592237a93072085f055411f5eb740e2a5a9ee66776b1cbb33f99e0c1b7d07ee",,"2026-04-14T23:10:00.000","30","TRAFFIC SIGNAL","UNKNOWN","RAIN","DARKNESS, LIGHTED ROAD","REAR END","DIVIDED - W/MEDIAN (NOT RAISED)",,"STRAIGHT AND LEVEL","WET","UNKNOWN","NOT ON SCENE (DESK REPORT)","NO INJURY / DRIVE AWAY",,,"Y","OVER $1,500","2026-04-14T23:15:00.000","UNABLE TO DETERMINE","UNABLE TO DETERMINE","623","S","KEDZIE AVE","1134",,,,,,,"2","NO INDICATION OF INJURY","0","0","0","0","0","2","0","23","3","4","41.8728943498","-87.7057447586","POINT (-87.705744758639 41.872894349777)"
"69385de7bfae0c346b899096cd9b815afa8c7d31184e4d5838a039265b4e700c5c67efb344921e630c3c45e0f54af5d06741cf0ac88d8e473cabbd44a0b70f32",,"2026-04-14T23:04:00.000","30","UNKNOWN","UNKNOWN","RAIN","DARKNESS, LIGHTED ROAD","REAR END","NOT DIVIDED",,"STRAIGHT AND LEVEL","WET","UNKNOWN","NOT ON SCENE (DESK REPORT)","NO INJURY / DRIVE AWAY",,,"Y","OVER $1,500","2026-04-15T15:30:00.000","UNABLE TO DETERMINE","UNABLE TO DETERMINE","800","N","LA SALLE DR","1832",,,,,,,"2","NO INDICATION OF INJURY","0","0","0","0","0","2","0","23","3","4","41.8966788753","-87.6328576605","POINT (-87.632857660493 41.896678875257)"
"c1117c8aced5883c5bb6896d23db37d43d3c06472e7fabb1524e9b4725ec910ca6855b1c66d6ca26d2bcc9cb7c4d1ccee87684d0d07c965dc678e2c044655906",,"2026-04-14T22:51:00.000","35","TRAFFIC SIGNAL","FUNCTIONING PROPERLY","RAIN","DARKNESS, LIGHTED ROAD","TURNING","FOUR WAY",,"STRAIGHT AND LEVEL","WET","UNKNOWN","ON SCENE","INJURY AND / OR TOW DUE TO CRASH","Y",,,"OVER $1,500","2026-04-14T22:55:00.000","DISREGARDING TRAFFIC SIGNALS","DISREGARDING TRAFFIC SIGNALS","14","S","HOMAN AVE","1123",,,,,,,"5","NONINCAPACITATING INJURY","1","0","0","1","0","10","0","22","3","4","41.8804714806","-87.7111383608","POINT (-87.711138360833 41.880471480562)"
"2c473673bac7386b3ea86c6083d7e37ad3cfb4917f2bb8e5d9b512e07c808e36a33a936d0fa56d4621e852f45a57e392430c1e856c96196cde8e531b0d0f23fa",,"2026-04-14T22:50:00.000","30","NO CONTROLS","NO CONTROLS","RAIN","DARKNESS","OTHER OBJECT","NOT DIVIDED",,"STRAIGHT AND LEVEL","WET","DEBRIS ON ROADWAY","NOT ON SCENE (DESK REPORT)","NO INJURY / DRIVE AWAY",,,,"OVER $1,500","2026-04-15T10:20:00.000","WEATHER","WEATHER","5121","W","DEVON AVE","1621","N",,,,,,"1","NO INDICATION OF INJURY","0","0","0","0","0","1","0","22","3","4","41.9971976589","-87.7560140236","POINT (-87.756014023612 41.997197658859)"
"fe8a914a5e3a73e21dda563d4839179ed6707bc2cc7a74b2de1e1e81fc4c740f224da0fa132d9b79f9636ccecb565346f2e814a038239b27b763bc34a5de57d9",,"2026-04-14T22:45:00.000","30","TRAFFIC SIGNAL","FUNCTIONING PROPERLY","RAIN","DARKNESS, LIGHTED ROAD","FIXED OBJECT","FOUR WAY",,"STRAIGHT AND LEVEL","WET","UNKNOWN","ON SCENE","INJURY AND / OR TOW DUE TO CRASH","Y","Y",,"OVER $1,500","2026-04-14T22:48:00.000","DRIVING SKILLS/KNOWLEDGE/EXPERIENCE","FAILING TO REDUCE SPEED TO AVOID CRASH","102","N","LONG AVE","1523",,,,,,,"1","REPORTED, NOT EVIDENT","1","0","0","0","1","0","0","22","3","4","41.8824413558","-87.7603432199","POINT (-87.76034321994 41.88244135578)"
"2bdb92b9b03b34c76dabbd2d7f8687ab805c81e67396800d8690815a558765fa25501dbf4048c10f91e999753929c36cd10ce625cc0f2e91da49a55b7b20b807",,"2026-04-14T22:43:00.000","40","TRAFFIC SIGNAL","FUNCTIONING PROPERLY","RAIN","DARKNESS, LIGHTED ROAD","REAR END","ONE-WAY",,"STRAIGHT AND LEVEL","WET","NO DEFECTS","ON SCENE","INJURY AND / OR TOW DUE TO CRASH",,,"Y","$501 - $1,500","2026-04-14T22:44:00.000","FOLLOWING TOO CLOSELY","UNABLE TO DETERMINE","100","S","LAKE SHORE DR SB","114",,,,,,,"3","NO INDICATION OF INJURY","0","0","0","0","0","3","0","22","3","4","41.8808560477","-87.6176358918","POINT (-87.617635891755 41.880856047671)"
"6f650c18932d202010cbfc606e1e6843863252b5cf5e4e599f428474b4e8add0657a053a713366315d65812ba0b3f1b4e501522c7c91de769f8c7844efe334a0",,"2026-04-14T22:40:00.000","40","NO CONTROLS","NO CONTROLS","RAIN","DARKNESS, LIGHTED ROAD","REAR END","ONE-WAY",,"STRAIGHT AND LEVEL","WET","UNKNOWN","ON SCENE","INJURY AND / OR TOW DUE TO CRASH",,,,"OVER $1,500","2026-04-14T22:42:00.000","UNABLE TO DETERMINE","UNABLE TO DETERMINE","4135","N","LAKE SHORE DR NB","1915",,,,,,,"2","NONINCAPACITATING INJURY","1","0","0","1","0","1","0","22","3","4","41.9572958084","-87.6452805492","POINT (-87.645280549236 41.95729580837)"
"73fd19d2df86fb08d3878480c84ce6a4b3e2e0d3ecc00122ce1c71b60dcf9553a1266f5d048554c73b340579ff79ac906b8fe8a920f26a1117870ba5015e2ece",,"2026-04-14T22:40:00.000","30","TRAFFIC SIGNAL","FUNCTIONING PROPERLY","RAIN","DARKNESS, LIGHTED ROAD","PEDALCYCLIST","FOUR WAY",,"STRAIGHT AND LEVEL","WET","NO DEFECTS","ON SCENE","INJURY AND / OR TOW DUE TO CRASH","Y",,"Y","OVER $1,500","2026-04-14T23:40:00.000","DISREGARDING TRAFFIC SIGNALS","FAILING TO REDUCE SPEED TO AVOID CRASH","2288","S","ARCHER AVE","914",,,,,,,"2","NONINCAPACITATING INJURY","1","0","0","1","0","1","0","22","3","4","41.8511978333","-87.6385403033","POINT (-87.638540303313 41.851197833308)"
"c7f2f0b69c83f3f7fee1cf4acbb3324b2ccfebac62c32af7f8b6b0e2817b24faaf5a2ad7ab6c8a78e684cf9890a55e3052d78358d16b331453482dd1c816fab3",,"2026-04-14T22:32:00.000","35","NO CONTROLS","NO CONTROLS","CLEAR","DARKNESS, LIGHTED ROAD","ANGLE","FOUR WAY",,"STRAIGHT AND LEVEL","WET","NO DEFECTS","ON SCENE","INJURY AND / OR TOW DUE TO CRASH",,,"Y","OVER $1,500","2026-04-14T22:32:00.000","UNABLE TO DETERMINE","UNABLE TO DETERMINE","8200","S","SOUTH SHORE DR","424",,,,,,,"2","NO INDICATION OF INJURY","0","0","0","0","0","2","0","22","3","4","41.7464297294","-87.5480871405","POINT (-87.548087140457 41.746429729379)"
"22ed85c93cfee1ccc8aa98299cd079c61841bf6c69d8f580bd5baa676ec23541545308c780089e8551c25c18a3838b62151a00d63f437b45b21e13e7c4b550b8",,"2026-04-14T22:20:00.000","30","TRAFFIC SIGNAL","FUNCTIONING IMPROPERLY","CLEAR","DUSK","SIDESWIPE SAME DIRECTION","NOT DIVIDED",,"STRAIGHT AND LEVEL","DRY","NO DEFECTS","NOT ON SCENE (DESK REPORT)","NO INJURY / DRIVE AWAY","Y",,,"$501 - $1,500","2026-04-14T23:30:00.000","IMPROPER LANE USAGE","UNABLE TO DETERMINE","1959","E","HAYES DR","331",,,,,,,"2","NO INDICATION OF INJURY","0","0","0","0","0","2","0","22","3","4","41.7802386572","-87.5776359087","POINT (-87.577635908711 41.780238657237)"
"4af123f9d346608357a63355691b4176e184203514fb9f39c7dc8832dfa059459c7241705ff86d2cfc0b73220971fad0936364361a439cf7777d18886dfcfd58",,"2026-04-14T22:12:00.000","45","NO CONTROLS","NO CONTROLS","RAIN","DARKNESS, LIGHTED ROAD","SIDESWIPE SAME DIRECTION","OTHER",,"STRAIGHT AND LEVEL","WET","NO DEFECTS","NOT ON SCENE (DESK REPORT)","NO INJURY / DRIVE AWAY",,,"Y","OVER $1,500","2026-04-14T23:14:00.000","FOLLOWING TOO CLOSELY","IMPROPER OVERTAKING/PASSING","990","N","LAKE SHORE DR NB","1833",,,,,,,"2","NO INDICATION OF INJURY","0","0","0","0","0","2","0","22","3","4","41.9008061097","-87.6197239614","POINT (-87.619723961393 41.90080610974)"
"def61927e2e93720e75b38666edeee31d2169a1711abb8802eba4da06be0f0c75196df717310c5a510cf97535e3fc903de1517618c82ba3832a09e2d9fd3dc9b",,"2026-04-14T22:07:00.000","30","TRAFFIC SIGNAL","FUNCTIONING PROPERLY","CLEAR","DARKNESS, LIGHTED ROAD","REAR END","NOT DIVIDED",,"STRAIGHT AND LEVEL","DRY","NO DEFECTS","NOT ON SCENE (DESK REPORT)","NO INJURY / DRIVE AWAY","Y",,,"OVER $1,500","2026-04-15T17:54:00.000","FAILING TO REDUCE SPEED TO AVOID CRASH","NOT APPLICABLE","4600","W","DIVERSEY AVE","2521",,,,,,,"2","NO INDICATION OF INJURY","0","0","0","0","0","2","0","22","3","4","41.9317030936","-87.74199681","POINT (-87.741996810045 41.931703093602)"
"514b302180cf67911c5b38d683fa1d75b7752a9da764262fd51709ee6480abb3614d231f6d01f86039edf21abefeb4de6b457439c3ef062d0b587b00f99400fc",,"2026-04-14T22:05:00.000","20","NO CONTROLS","NO CONTROLS","CLEAR","DARKNESS, LIGHTED ROAD","SIDESWIPE SAME DIRECTION","NOT DIVIDED",,"STRAIGHT AND LEVEL","DRY","NO DEFECTS","ON SCENE","INJURY AND / OR TOW DUE TO CRASH",,,,"OVER $1,500","2026-04-14T22:07:00.000","FAILING TO YIELD RIGHT-OF-WAY","UNABLE TO DETERMINE","3652","W","SCHRAEDER DR","1122",,,,,,,"2","NONINCAPACITATING INJURY","2","0","0","1","1","0","0","22","3","4","41.8841469537","-87.7181640768","POINT (-87.718164076791 41.884146953743)"
"5a1cafaafbdc57635906b743d2016e2e7a2e2f6da8bf79d8e59afee27746e9cb01796c2f1dcf6adfc097b00248c7a0a99e625596f28132c3f867199d637882a1",,"2026-04-14T22:00:00.000","30","NO CONTROLS","NO CONTROLS","UNKNOWN","UNKNOWN","PARKED MOTOR VEHICLE","NOT DIVIDED",,"STRAIGHT AND LEVEL","UNKNOWN","UNKNOWN","NOT ON SCENE (DESK REPORT)","NO INJURY / DRIVE AWAY",,,"Y","OVER $1,500","2026-04-16T14:10:00.000","FAILING TO REDUCE SPEED TO AVOID CRASH","UNABLE TO DETERMINE","808","N","CLEVELAND AVE","1823",,,,,,,"2","NO INDICATION OF INJURY","0","0","0","0","0","1","0","22","3","4","41.8968027588","-87.641090069","POINT (-87.641090069007 41.896802758802)"
"716dc7a316ee32556c2ff6822e8ba3ca42a372d9bca7b4c5cd37f9400fd017b6d37240db4550c377a6ae0b26dede567c3457716157cf036d8c5d2166b603e6ed",,"2026-04-14T21:52:00.000","30","NO CONTROLS","NO CONTROLS","CLEAR","DARKNESS, LIGHTED ROAD","SIDESWIPE OPPOSITE DIRECTION","NOT DIVIDED",,"STRAIGHT AND LEVEL","DRY","NO DEFECTS","NOT ON SCENE (DESK REPORT)","NO INJURY / DRIVE AWAY",,,"Y","OVER $1,500","2026-04-14T23:15:00.000","UNABLE TO DETERMINE","NOT APPLICABLE","5101","W","GRAND AVE","2533",,,,,,,"2","NO INDICATION OF INJURY","0","0","0","0","0","2","0","21","3","4","41.9165679904","-87.7530079617","POINT (-87.753007961727 41.916567990365)"
"ee644e7d3b343a961bea123d315c8c5ec3397346c0bd541d035b511e951d8761b508f7bd03c8d6e15c336a1cd93ae2ea5668bb9ba306b99f4ebe6ddce0811d83",,"2026-04-14T21:40:00.000","30","NO CONTROLS","NO CONTROLS","UNKNOWN","DARKNESS, LIGHTED ROAD","PARKED MOTOR VEHICLE","ONE-WAY",,"STRAIGHT AND LEVEL","WET","NO DEFECTS","ON SCENE","NO INJURY / DRIVE AWAY",,,"Y","$500 OR LESS","2026-04-14T21:52:00.000","IMPROPER BACKING","UNABLE TO DETERMINE","2714","N","LOCKWOOD AVE","2514",,,,,,,"2","NO INDICATION OF INJURY","0","0","0","0","0","1","0","21","3","4","41.9300386597","-87.7589750083","POINT (-87.7589750083 41.930038659739)"
"b312f21b8b0b4c09dc6a7938e15db3955d0dc68f0c7b77a74f5a8b10bdd0031b2a91975d4376cf755a602e5d8537e058c97af381b8077f54c7e6b9905b141926",,"2026-04-14T21:30:00.000","30","TRAFFIC SIGNAL","FUNCTIONING PROPERLY","CLEAR","DARKNESS, LIGHTED ROAD","REAR END","FOUR WAY",,"STRAIGHT AND LEVEL","DRY","NO DEFECTS","NOT ON SCENE (DESK REPORT)","NO INJURY / DRIVE AWAY","Y",,,"OVER $1,500","2026-04-14T22:30:00.000","UNABLE TO DETERMINE","UNABLE TO DETERMINE","5000","N","PULASKI RD","1712",,,,,,,"2","NO INDICATION OF INJURY","0","0","0","0","0","2","0","21","3","4","41.9719774492","-87.7282810366","POINT (-87.728281036574 41.971977449237)"
"1c89145682fb8dcd98289a5436ac8829633f2ee8d6aa565be9d103e5731dabe585ddfacc428381ccc52ab063f46c187f19f3ed9cdc953ee69b035f69d82ecbc9",,"2026-04-14T21:22:00.000","15","NO CONTROLS","NO CONTROLS","CLEAR","DARKNESS","PARKED MOTOR VEHICLE","PARKING LOT",,"STRAIGHT AND LEVEL","WET","NO DEFECTS","NOT ON SCENE (DESK REPORT)","NO INJURY / DRIVE AWAY",,,"Y","OVER $1,500","2026-04-16T14:00:00.000","IMPROPER BACKING","UNABLE TO DETERMINE","3139","W","FOSTER AVE","1713",,,,,,,"2","NO INDICATION OF INJURY","0","0","0","0","0","2","0","21","3","4","41.9756437619","-87.7078340924","POINT (-87.707834092401 41.975643761865)"