"crash_record_id","crash_date_est_i","crash_date","posted_speed_limit","traffic_control_device","device_condition","weather_condition","lighting_condition","first_crash_type","trafficway_type","lane_cnt","alignment","roadway_surface_cond","road_defect","report_type","crash_type","intersection_related_i","private_property_i","hit_and_run_i","damage","date_police_notified","prim_contributory_cause","sec_contributory_cause","street_no","street_direction","street_name","beat_of_occurrence","photos_taken_i","statements_taken_i","dooring_i","work_zone_i","work_zone_type","workers_present_i","num_units","most_severe_injury","injuries_total","injuries_fatal","injuries_incapacitating","injuries_non_incapacitating","injuries_reported_not_evident","injuries_no_indication","injuries_unknown","crash_hour","crash_day_of_week","crash_month","latitude","longitude","location"
"1afb430e498a56a82a6839e41de170636c1338b0d856432662d4fbf5f122d174bb09e824ca77e541b99d40ce2abf32eea3dd5d3c23aae34ca66a682709eb0474",,"2026-04-14T21:05:00.000","30","STOP SIGN/FLASHER","UNKNOWN","CLOUDY/OVERCAST","DARKNESS, LIGHTED ROAD","ANGLE","NOT DIVIDED",,"STRAIGHT AND LEVEL","DRY","NO DEFECTS","NOT ON SCENE (DESK REPORT)","NO INJURY / DRIVE AWAY","Y",,"Y","OVER $1,500","2026-04-14T21:50:00.000","UNABLE TO DETERMINE","UNABLE TO DETERMINE","98","S","KOSTNER AVE","1113",,,,,,,"2","NO INDICATION OF INJURY","0","0","0","0","0","2","0","21","3","4","41.8796901615","-87.7355917579","POINT (-87.735591757938 41.879690161471)"
"066cf75f19676763e79c490ecbc1e941d9044dc5698c6987cb2d7ac9993edae29e77f3978df79410b1bacf26f4e454567241b333fd2d7486a1cf0971c93892e2",,"2026-04-14T21:00:00.000","30","NO CONTROLS","NO CONTROLS","UNKNOWN","DARKNESS","REAR END","NOT DIVIDED",,"STRAIGHT AND LEVEL","DRY","NO DEFECTS","ON SCENE","NO INJURY / DRIVE AWAY",,,,"$501 - $1,500","2026-04-14T21:00:00.000","FOLLOWING TOO CLOSELY","FOLLOWING TOO CLOSELY","5336","N","WESTERN AVE","2011",,,,,,,"2","NO INDICATION OF INJURY","0","0","0","0","0","2","0","21","3","4","41.9788101388","-87.6894113525","POINT (-87.689411352478 41.978810138845)"
"95a43aa6ebd266e2cccf4bc30dc43e9e563b91f7850ebd8ae8467f28f43ce8ad5a516a8e57b7b03257fa91889ad271d78136db6675fe7002d9de169470667036",,"2026-04-14T21:00:00.000","35","TRAFFIC SIGNAL","FUNCTIONING PROPERLY","CLEAR","DARKNESS, LIGHTED ROAD","ANGLE","FOUR WAY",,"STRAIGHT AND LEVEL","DRY","NO DEFECTS",,"INJURY AND / OR TOW DUE TO CRASH",,,"N","OVER $1,500","2026-04-14T21:04:00.000","DISREGARDING TRAFFIC SIGNALS","NOT APPLICABLE","2401","S","WESTERN AVE","1034",,,,,,,"2","INCAPACITATING INJURY","1","0","1","0","0","1","0","21","3","4","41.848356257","-87.6853883749","POINT (-87.685388374905 41.848356257034)"
"d020cb74992ab33ccf1763f128b415b84e69ffaaac869948ed336a56e80c10aa95c89e49bcb1c603c3a999d60f5dcaa2a5707bc03bebd0230a371fc4d5ab0b15","Y","2026-04-14T21:00:00.000","30","NO CONTROLS","NO CONTROLS","UNKNOWN","UNKNOWN","PEDESTRIAN","NOT DIVIDED",,"STRAIGHT AND LEVEL","UNKNOWN","UNKNOWN","NOT ON SCENE (DESK REPORT)","INJURY AND / OR TOW DUE TO CRASH",,,"Y","OVER $1,500","2026-04-15T20:09:00.000","UNABLE TO DETERMINE","NOT APPLICABLE","12238","S","SANGAMON ST","524",,,,,,,"2","INCAPACITATING INJURY","1","0","1","0","0","2","0","21","3","4","41.6711388725","-87.6454896207","POINT (-87.645489620711 41.671138872529)"
"d21092e4f463c84fc62aa4f4cea1d456e9ed05e08711ffbbd339f0f53521b145c6ead2eb3eee10b2853468968055cd7284e539d7129c4cea5e841e1c7bc95422",,"2026-04-14T21:00:00.000","30","NO CONTROLS","NO CONTROLS","CLEAR","DARKNESS","PEDALCYCLIST","NOT DIVIDED",,"STRAIGHT AND LEVEL","DRY","NO DEFECTS","NOT ON SCENE (DESK REPORT)","NO INJURY / DRIVE AWAY",,,"Y","OVER $1,500","2026-04-15T11:00:00.000","IMPROPER OVERTAKING/PASSING","IMPROPER OVERTAKING/PASSING","1420","W","GRANVILLE AVE","2433",,,,,,,"2","NO INDICATION OF INJURY","0","0","0","0","0","1","0","21","3","4","41.9945965661","-87.6661625208","POINT (-87.666162520789 41.994596566056)"
"2e51e2ff7054e1613a5d0151a5d0c820a7e449f396aa938e227392a97ae61fc1634948ffe810357f8c1237accc22f419556152729f90debed15bffe6cca98e69",,"2026-04-14T20:56:00.000","5","NO CONTROLS","NO CONTROLS","CLEAR","DARKNESS, LIGHTED ROAD","PARKED MOTOR VEHICLE","PARKING LOT",,"STRAIGHT AND LEVEL","DRY","NO DEFECTS","ON SCENE","INJURY AND / OR TOW DUE TO CRASH",,"Y",,"OVER $1,500","2026-04-14T20:56:00.000","PHYSICAL CONDITION OF DRIVER","NOT APPLICABLE","7033","N","KEDZIE AVE","2411",,,,,,,"4","NONINCAPACITATING INJURY","2","0","0","2","0","0","0","20","3","4","42.0092060089","-87.7090763084","POINT (-87.709076308366 42.009206008888)"
"2914a853f623a0285c291a95953f616648d691dd6625e24e2f7bfc4772b5227050381192972de5ff49cddd2b10167b07d530ac2468f1a41fd07d086fd4ff867e",,"2026-04-14T20:55:00.000","30","NO CONTROLS","NO CONTROLS","CLEAR","DARKNESS, LIGHTED ROAD","PARKED MOTOR VEHICLE","NOT DIVIDED",,"STRAIGHT AND LEVEL","DRY","NO DEFECTS","NOT ON SCENE (DESK REPORT)","INJURY AND / OR TOW DUE TO CRASH",,,,"OVER $1,500","2026-04-14T20:59:00.000","UNABLE TO DETERMINE","UNABLE TO DETERMINE","4444","W","WILSON AVE","1722",,,,,,,"2","NO INDICATION OF INJURY","0","0","0","0","0","1","0","20","3","4","41.9645679293","-87.7403252868","POINT (-87.740325286772 41.964567929261)"
"2ed0deb6c9131d9d5641e29f553bcac3bd5b21ecab30c92053676df47b4df6c7b4554b3bd612f13256a14cc3db7bd3bae98f7cb741428b7aea6d5b1acbfe435a",,"2026-04-14T20:55:00.000","30","NO CONTROLS","NO CONTROLS","CLEAR","DARKNESS, LIGHTED ROAD","PEDESTRIAN","NOT DIVIDED",,"STRAIGHT AND LEVEL","DRY","NO DEFECTS","NOT ON SCENE (DESK REPORT)","NO INJURY / DRIVE AWAY",,,,"OVER $1,500","2026-04-14T21:31:00.000","FAILING TO YIELD RIGHT-OF-WAY","UNABLE TO DETERMINE","510","E","47TH ST","221",,,,,,,"2","NO INDICATION OF INJURY","0","0","0","0","0","2","0","20","3","4","41.8095414979","-87.6134159977","POINT (-87.613415997728 41.80954149794)"
"91e164d644eb1373cd63a5afcbda960604664057956e1319eb5824e171d3b74aec31339d78e190944b98307546e92cf6fc64fab1f6a6d15d7ca9ec106db92e0f",,"2026-04-14T20:51:00.000","30","NO CONTROLS","NO CONTROLS","CLEAR","DARKNESS, LIGHTED ROAD","FIXED OBJECT","ALLEY",,"STRAIGHT AND LEVEL","UNKNOWN","UNKNOWN","ON SCENE","NO INJURY / DRIVE AWAY",,,,"OVER $1,500","2026-04-14T20:55:00.000","UNABLE TO DETERMINE","NOT APPLICABLE","1942","N","KOSTNER AVE","2533",,,,,,,"1","NO INDICATION OF INJURY","0","0","0","0","0","1","0","20","3","4","41.9165012166","-87.7364605919","POINT (-87.736460591878 41.916501216646)"
"bc7ed0468452203d4d722899c46a47675cf9ec8ad694dc825464da8d3d9bc735e632422faa7eb15dc38ebfc716edb69c9312d70724c14f7e521e86db0b4213f4",,"2026-04-14T20:30:00.000","35","UNKNOWN","UNKNOWN","UNKNOWN","UNKNOWN","SIDESWIPE SAME DIRECTION","UNKNOWN",,"STRAIGHT AND LEVEL","UNKNOWN","UNKNOWN","NOT ON SCENE (DESK REPORT)","NO INJURY / DRIVE AWAY",,,"Y","OVER $1,500","2026-04-15T08:45:00.000","UNABLE TO DETERMINE","UNABLE TO DETERMINE","721","N","CENTRAL PARK AVE","1121",,,,,,,"2","NO INDICATION OF INJURY","0","0","0","0","0","3","0","20","3","4","41.8943097716","-87.7161337468","POINT (-87.716133746849 41.894309771595)"
"013d089e3b39fc995f6afb45e8d93a29c9c9f156d9003ca124ee7cd19bff7aa2c892ce24c73a7939ccb90d09e67df3e07b4bbac5870e5b528d5d0f1317a8867e",,"2026-04-14T20:00:00.000","25","NO CONTROLS","NO CONTROLS","CLEAR","DAYLIGHT","SIDESWIPE SAME DIRECTION","NOT DIVIDED",,"STRAIGHT AND LEVEL","DRY","NO DEFECTS",,"NO INJURY / DRIVE AWAY",,,,"$501 - $1,500","2026-04-15T19:30:00.000","FAILING TO YIELD RIGHT-OF-WAY","FAILING TO YIELD RIGHT-OF-WAY","1759","W","DIVERSEY PKWY","1931",,,,,,,"2","NO INDICATION OF INJURY","0","0","0","0","0","2","0","20","3","4","41.9322355584","-87.6731385355","POINT (-87.673138535517 41.932235558405)"
"a2f76830639030992d0f9be9caeb40471654681f5ece49b70de178c994039473e40fbb48116bc2a409c61b069c2fa3ff02fee02f40a7acf149255c5f8ee7dead",,"2026-04-14T19:50:00.000","30","NO CONTROLS","NO CONTROLS","CLEAR","DARKNESS, LIGHTED ROAD","PARKED MOTOR VEHICLE","NOT DIVIDED",,"STRAIGHT AND LEVEL","UNKNOWN","UNKNOWN","ON SCENE","NO INJURY / DRIVE AWAY",,,"Y","OVER $1,500","2026-04-14T20:06:00.000","UNABLE TO DETERMINE","NOT APPLICABLE","5904","W","DIVISION ST","2531",,,,,,,"2","NO INDICATION OF INJURY","0","0","0","0","0","1","0","19","3","4","41.9021400868","-87.7731838538","POINT (-87.773183853756 41.902140086789)"
"ea84c5679caba38cec46262b412f13f20254b34b59b629fee5b9105f49208b0ca6b8cd1d422c3768c67a903e005781e49b89d47ad1a0dc4ed3c4bed0044b2151",,"2026-04-14T19:49:00.000","15","NO CONTROLS","NO CONTROLS","CLEAR","DARKNESS, LIGHTED ROAD","REAR TO REAR","PARKING LOT",,"STRAIGHT AND LEVEL","DRY","NO DEFECTS","ON SCENE","NO INJURY / DRIVE AWAY",,,"Y","OVER $1,500","2026-04-14T19:50:00.000","DRIVING SKILLS/KNOWLEDGE/EXPERIENCE","DRIVING SKILLS/KNOWLEDGE/EXPERIENCE","703","S","SEELEY AVE","1225",,,,,,,"2","NO INDICATION OF INJURY","0","0","0","0","0","2","0","19","3","4","41.8731663033","-87.6774546629","POINT (-87.677454662891 41.873166303261)"
"d438331e17e9d0b5dfd7e7a2173cbf74ce196137da0397fb244132dca6f96d6f4c656ff4706aeba567112b912a4493330702e8fcb2aecd70b7da73bd0c5a9a47",,"2026-04-14T19:47:00.000","30","NO CONTROLS","NO CONTROLS","CLEAR","DARKNESS, LIGHTED ROAD","PARKED MOTOR VEHICLE","ONE-WAY",,"STRAIGHT AND LEVEL","DRY","NO DEFECTS","ON SCENE","INJURY AND / OR TOW DUE TO CRASH",,,,"OVER $1,500","2026-04-14T19:57:00.000","FAILING TO REDUCE SPEED TO AVOID CRASH","UNABLE TO DETERMINE","3205","W","BERTEAU AVE","1724",,,,,,,"2","REPORTED, NOT EVIDENT","1","0","0","0","1","0","0","19","3","4","41.957443392","-87.7083408492","POINT (-87.708340849203 41.957443391956)"
"579d2927858679eff96941ec6edaeaee733a952ca4bcf4b5ab69099c53de73a9e30cfc0c87212f00fb7355c54fda67faae0bc362a6b9f499aac507108f91d693",,"2026-04-14T19:44:00.000","30","NO CONTROLS","NO CONTROLS","CLEAR","DARKNESS, LIGHTED ROAD","TURNING","FOUR WAY",,"STRAIGHT AND LEVEL","DRY","NO DEFECTS","ON SCENE","NO INJURY / DRIVE AWAY","Y",,,"OVER $1,500","2026-04-14T19:44:00.000","FAILING TO YIELD RIGHT-OF-WAY","FAILING TO YIELD RIGHT-OF-WAY","8655","S","CALUMET AVE","632","N",,,,,,"2","NO INDICATION OF INJURY","0","0","0","0","0","2","0","19","3","4","41.7366895088","-87.6159978062","POINT (-87.615997806226 41.736689508768)"
"b97ae53e241a3401d83041798179452d3a77597598e76d5c585588433a911fb2afdd50daf349a8e0a6b43906fe8b06a2c834494e77e02a6465537b0d72572794",,"2026-04-14T19:40:00.000","20","STOP SIGN/FLASHER","UNKNOWN","CLEAR","DAYLIGHT","FIXED OBJECT","ONE-WAY",,"STRAIGHT AND LEVEL","DRY","UNKNOWN","ON SCENE","INJURY AND / OR TOW DUE TO CRASH",,"Y",,"OVER $1,500","2026-04-14T19:50:00.000","PHYSICAL CONDITION OF DRIVER","UNABLE TO DETERMINE","8853","S","PAXTON AVE","412",,,,,,,"1","INCAPACITATING INJURY","1","0","1","0","0","0","0","19","3","4","41.7337389963","-87.570633561","POINT (-87.570633560979 41.733738996316)"
"ced203b84377a5b94824d6f8c0bb13a0dc4e3dfb278d0513b85357485e3a1b71fff22b2774ca3fea9373668a69e3d62efc23a7bcdd69b03048a95bebf498b4f0",,"2026-04-14T19:30:00.000","30","TRAFFIC SIGNAL","UNKNOWN","UNKNOWN","UNKNOWN","SIDESWIPE SAME DIRECTION","T-INTERSECTION",,"STRAIGHT AND LEVEL","UNKNOWN","UNKNOWN","NOT ON SCENE (DESK REPORT)","NO INJURY / DRIVE AWAY","Y",,,"$501 - $1,500","2026-04-14T20:00:00.000","UNABLE TO DETERMINE","NOT APPLICABLE","1660","W","HOWARD ST","2422",,,,,,,"2","NO INDICATION OF INJURY","0","0","0","0","0","4","0","19","3","4","42.0194949312","-87.6730487784","POINT (-87.673048778367 42.019494931209)"
"f5889f041532ab7278332fc393f27d6d302bf71b0aec882c5d8bca85cb971f7beace7c2dd7e34b00cacafad8beb651b3bc68d81254caf01e0d7b99a83334aaf4",,"2026-04-14T19:25:00.000","30","NO CONTROLS","NO CONTROLS","CLEAR","DARKNESS, LIGHTED ROAD","PARKED MOTOR VEHICLE","ONE-WAY",,"STRAIGHT AND LEVEL","DRY","NO DEFECTS","ON SCENE","NO INJURY / DRIVE AWAY",,,"Y","OVER $1,500","2026-04-14T19:25:00.000","UNABLE TO DETERMINE","UNABLE TO DETERMINE","11","N","KEELER AVE","1115",,,,,,,"2","NO INDICATION OF INJURY","0","0","0","0","0","1","0","19","3","4","41.881064777","-87.7304395713","POINT (-87.730439571295 41.881064777041)"
"741f00f88503165c11f6e64d1c4df7d94f8e784fb53ffdcbec1b547bac9e94c7acf712c77b13ad3bc5e5d1c2815a11fd10476421ce93cb2bc19a437f56f127b7",,"2026-04-14T19:12:00.000","30","NO CONTROLS","NO CONTROLS","UNKNOWN","DARKNESS, LIGHTED ROAD","PEDESTRIAN","DIVIDED - W/MEDIAN (NOT RAISED)",,"STRAIGHT AND LEVEL","UNKNOWN","UNKNOWN",,"INJURY AND / OR TOW DUE TO CRASH",,,,"$500 OR LESS","2026-04-14T20:15:00.000","IMPROPER BACKING","FAILING TO REDUCE SPEED TO AVOID CRASH","541","N","RUSH ST","1834",,,,,,,"2","REPORTED, NOT EVIDENT","1","0","0","0","1","1","0","19","3","4","41.8921949677","-87.6252308634","POINT (-87.625230863447 41.892194967717)"
"afdcd3927406759aed69ed5f9214dccc3c5136c9e7eb246255f51034ad737087b9b321bc118b941f86c630b287708faa3d60ea81360943acdd540fd467b5cfb8",,"2026-04-14T19:05:00.000","30","NO CONTROLS","NO CONTROLS","CLEAR","DARKNESS, LIGHTED ROAD","PEDESTRIAN","NOT DIVIDED",,"STRAIGHT AND LEVEL","DRY","NO DEFECTS","ON SCENE","INJURY AND / OR TOW DUE TO CRASH",,,"Y","OVER $1,500","2026-04-14T19:45:00.000","UNABLE TO DETERMINE","NOT APPLICABLE","453","W","17TH ST","1235",,,,,,,"2","INCAPACITATING INJURY","1","0","1","0","0","1","0","19","3","4","41.8587357709","-87.6389097673","POINT (-87.638909767315 41.85873577094)"
"23653a2cca1797194a6b9a5ae1e3a0ce4237c49880b5c00ee41f0ed36a428d0d6760c3dd29f5bed1b593ba98c118160634ff549e23cd2d3265069867f3fd4540",,"2026-04-14T18:56:00.000","30","NO CONTROLS","UNKNOWN","UNKNOWN","DARKNESS, LIGHTED ROAD","PARKED MOTOR VEHICLE","PARKING LOT",,"STRAIGHT AND LEVEL","UNKNOWN","UNKNOWN","NOT ON SCENE (DESK REPORT)","NO INJURY / DRIVE AWAY",,,"Y","OVER $1,500","2026-04-14T19:48:00.000","IMPROPER BACKING","NOT APPLICABLE","5048","S","COTTAGE GROVE AVE","223",,,,,,,"2","NO INDICATION OF INJURY","0","0","0","0","0","6","0","18","3","4","41.8026112442","-87.606564664","POINT (-87.606564664039 41.802611244223)"
"d7c375a0cae735792754efd09aa49b5166b0e4d2210a17be9c6fd66e8bab590e6fb08f784cb289c1b14ec301fd41d8729001ebc7e8c7941c026706484da065e6",,"2026-04-14T18:50:00.000","25","NO CONTROLS","NO CONTROLS","CLEAR","DUSK","FIXED OBJECT","PARKING LOT",,"STRAIGHT AND LEVEL","WET","NO DEFECTS","NOT ON SCENE (DESK REPORT)","NO INJURY / DRIVE AWAY",,"Y",,"OVER $1,500","2026-04-15T12:20:00.000","UNABLE TO DETERMINE","UNABLE TO DETERMINE","1430","E","130TH ST","434",,,,,,,"1","NO INDICATION OF INJURY","0","0","0","0","0","1","0","18","3","4","41.6605024076","-87.5888358366","POINT (-87.588835836631 41.660502407567)"
"64a3668bfb5574331aed3c42493539753e38e6d0350bbf60d2aec4ff3ea0b3c0ac091faf79653b9fd440594f34c28fa55a8c67fe35ddd735d64ebb036a0c24fe",,"2026-04-14T18:42:00.000","30","STOP SIGN/FLASHER","FUNCTIONING PROPERLY","CLEAR","DAYLIGHT","ANGLE","FOUR WAY",,"STRAIGHT AND LEVEL","DRY","NO DEFECTS","ON SCENE","INJURY AND / OR TOW DUE TO CRASH","Y",,"Y","OVER $1,500","2026-04-14T18:45:00.000","FAILING TO YIELD RIGHT-OF-WAY","DRIVING SKILLS/KNOWLEDGE/EXPERIENCE","7206","S","YATES BLVD","334",,,,,,,"4","INCAPACITATING INJURY","1","0","1","0","0","2","0","18","3","4","41.7641729311","-87.5666297982","POINT (-87.566629798199 41.764172931114)"
"ff743de2cc2994d6eb5d9f38847ed79dc49da9d3bbf0267867bc61ec9fd93b792f04fa90a9a16e83f22371b629e8dce45ebc93a5d4cf1175f45f24c7b52f31e3",,"2026-04-14T18:40:00.000","30","TRAFFIC SIGNAL","FUNCTIONING PROPERLY","CLEAR","DAYLIGHT","TURNING","NOT DIVIDED",,"STRAIGHT AND LEVEL","DRY","UNKNOWN","NOT ON SCENE (DESK REPORT)","NO INJURY / DRIVE AWAY","Y",,"Y","$500 OR LESS","2026-04-14T20:06:00.000","UNABLE TO DETERMINE","NOT APPLICABLE","3800","W","CONGRESS PKWY","1133",,,,,,,"2","NO INDICATION OF INJURY","0","0","0","0","0","2","0","18","3","4","41.8745518803","-87.7204536586","POINT (-87.720453658604 41.874551880336)"
"50d490f0bfa679e9e0ab0e5fab3f50aa2ffab88c7809b0086d9381b0f2b3a95ebcd8b191ec248491a283acfab6635470b33b90b69f3b93f1d4a864d5833759b9",,"2026-04-14T18:30:00.000","30","TRAFFIC SIGNAL","FUNCTIONING PROPERLY","CLEAR","DAYLIGHT","REAR END","NOT DIVIDED",,"STRAIGHT AND LEVEL","DRY","NO DEFECTS","NOT ON SCENE (DESK REPORT)","INJURY AND / OR TOW DUE TO CRASH",,,,"OVER $1,500","2026-04-14T21:15:00.000","UNABLE TO DETERMINE","NOT APPLICABLE","1200","N","LARAMIE AVE","2532",,,,,,,"2","REPORTED, NOT EVIDENT","2","0","0","0","2","1","0","18","3","4","41.9022927347","-87.7559219562","POINT (-87.755921956201 41.902292734662)"
"61c0a977de6d4effc8af3d524998574e143db293deb7b677e02a46a61e1019a2ed322b8284f6a8cb34646847717b6d58e2ed5fe8e032391332b062c4697a2e45",,"2026-04-14T18:30:00.000","30","UNKNOWN","UNKNOWN","CLOUDY/OVERCAST","DAYLIGHT","REAR END","NOT DIVIDED",,"STRAIGHT AND LEVEL","UNKNOWN","UNKNOWN","NOT ON SCENE (DESK REPORT)","NO INJURY / DRIVE AWAY",,,,"OVER $1,500","2026-04-15T19:00:00.000","UNABLE TO DETERMINE","UNABLE TO DETERMINE","2119","N","LARRABEE ST","1812",,,,,,,"2","NO INDICATION OF INJURY","0","0","0","0","0","2","0","18","3","4","41.9207098936","-87.6436025602","POINT (-87.643602560155 41.920709893566)"
"7104ca8fc704454d6b4cd79c015cbb43e9db484e9c2184f25c0c7c6fcae284f7e4e0cca7bb88b834867daffef7632d14864b4debc773a9b1c6408b569ae5d0e0",,"2026-04-14T18:30:00.000","30","NO CONTROLS","NO CONTROLS","CLEAR","DARKNESS, LIGHTED ROAD","ANGLE","DIVIDED - W/MEDIAN (NOT RAISED)",,"STRAIGHT AND LEVEL","DRY","NO DEFECTS","NOT ON SCENE (DESK REPORT)","NO INJURY / DRIVE AWAY",,,,"OVER $1,500","2026-04-14T20:00:00.000","UNABLE TO DETERMINE","NOT APPLICABLE","1400","N","HUMBOLDT DR","1423",,,,,,,"2","NO INDICATION OF INJURY","0","0","0","0","0","2","0","18","3","4","41.906618575","-87.7015014578","POINT (-87.701501457835 41.906618575041)"
"80b0013451b4ac95c936e59f98b10de0bcc0f78a2399e8951ffe1b5405d534adb3e9ff02fb4de664c16c460055a32f7d6abb207941cb7096d97cf2ac1532598e",,"2026-04-14T18:30:00.000","30","STOP SIGN/FLASHER","FUNCTIONING PROPERLY","CLEAR","DUSK","REAR END","DIVIDED - W/MEDIAN (NOT RAISED)",,"STRAIGHT AND LEVEL","DRY","NO DEFECTS","NOT ON SCENE (DESK REPORT)","NO INJURY / DRIVE AWAY",,,,"OVER $1,500","2026-04-14T20:25:00.000","UNABLE TO DETERMINE","UNABLE TO DETERMINE","4301","W","ARMITAGE AVE","2534",,,,,,,"2","NO INDICATION OF INJURY","0","0","0","0","0","2","0","18","3","4","41.9169598552","-87.7339453364","POINT (-87.733945336406 41.916959855188)"
"8cb507d2044f63190b90994127ce48060068e33efe9a99297967311ecb8f6f48a831f288dc02de1dc53cb7e045cc83b483334fa56595f3a7cf28ed5c7531526f",,"2026-04-14T18:30:00.000","30","TRAFFIC SIGNAL","UNKNOWN","UNKNOWN","DUSK","TURNING","FOUR WAY",,"STRAIGHT AND LEVEL","UNKNOWN","UNKNOWN","NOT ON SCENE (DESK REPORT)","NO INJURY / DRIVE AWAY","Y",,,"OVER $1,500","2026-04-14T20:45:00.000","IMPROPER TURNING/NO SIGNAL","FAILING TO REDUCE SPEED TO AVOID CRASH","530","N","ORLEANS ST","1831",,,,,,,"2","NO INDICATION OF INJURY","0","0","0","0","0","2","0","18","3","4","41.8915853311","-87.6371783652","POINT (-87.637178365185 41.891585331127)"
"dfb2b233d21d8b0ae8e8b0967af6c9587e14f2bc4ef348cd7ddbd5cd2930f0d24e6a9e215d68c04e5faf0be57bf62f2a86588a9b5a0c41a55ea619ee6cc01498",,"2026-04-14T18:28:00.000","30","TRAFFIC SIGNAL","FUNCTIONING PROPERLY","CLEAR","DAYLIGHT","FIXED OBJECT","FOUR WAY",,"STRAIGHT AND LEVEL","DRY","NO DEFECTS","ON SCENE","NO INJURY / DRIVE AWAY","N",,,"OVER $1,500","2026-04-14T18:28:00.000","NOT APPLICABLE","DISTRACTION - FROM OUTSIDE VEHICLE","94","N","CALIFORNIA AVE","1222",,,,,,,"1","NO INDICATION OF INJURY","0","0","0","0","0","1","0","18","3","4","41.8828507257","-87.6964809443","POINT (-87.696480944335 41.882850725693)"
"e89e2bec17a8be21dac9008d68cee9ac9bdc55f1d9015d5319e266c18a1d178f63350798bfc1622502105c35a62a9bd79c4964bc2376298265a640d5f5690c67","Y","2026-04-14T18:22:00.000","30","NO CONTROLS","NO CONTROLS","CLEAR","DAYLIGHT","PEDESTRIAN","DIVIDED - W/MEDIAN (NOT RAISED)",,"STRAIGHT AND LEVEL","DRY","NO DEFECTS","ON SCENE","INJURY AND / OR TOW DUE TO CRASH",,,,"$500 OR LESS","2026-04-14T18:23:00.000","VISION OBSCURED (SIGNS, TREE LIMBS, BUILDINGS, ETC.)","FAILING TO REDUCE SPEED TO AVOID CRASH","3444","W","LAWRENCE AVE","1712",,,,,,,"2","NONINCAPACITATING INJURY","1","0","0","1","0","1","0","18","3","4","41.9684917197","-87.7151998582","POINT (-87.71519985817 41.968491719741)"
"878b072ac5b862261a97b878735638a70626183ea4817fdd274b2a3887555e98da981a377dce5ec0a7d85896594ae2fed0a2ce72f2bf967b50b07a224c8755c4",,"2026-04-14T18:15:00.000","30","NO CONTROLS","NO CONTROLS","CLEAR","DAYLIGHT","PARKED MOTOR VEHICLE","ONE-WAY",,"STRAIGHT AND LEVEL","DRY","NO DEFECTS","ON SCENE","NO INJURY / DRIVE AWAY",,,,"$501 - $1,500","2026-04-14T18:20:00.000","UNABLE TO DETERMINE","UNABLE TO DETERMINE","7244","S","PAXTON AVE","333",,,,,,,"2","NO INDICATION OF INJURY","0","0","0","0","0","3","0","18","3","4","41.7630510903","-87.5714593138","POINT (-87.571459313796 41.763051090337)"
"4d8cd80dc6692c8d92d4bb759b8ec9b1e22b1bd6af5b4e6309b80658162fadfbf987cead3b2bec1d32e0bdd3bc89ff37e99473d9e9d1a55ca30f82d29be1c8da",,"2026-04-14T18:12:00.000","35","NO CONTROLS","NO CONTROLS","CLEAR","DAYLIGHT","TURNING","DIVIDED - W/MEDIAN (NOT RAISED)",,"STRAIGHT AND LEVEL","DRY","UNKNOWN",,"INJURY AND / OR TOW DUE TO CRASH",,,"N","OVER $1,500","2026-04-14T18:12:00.000","FAILING TO YIELD RIGHT-OF-WAY","NOT APPLICABLE","3928","W","NORTH AVE","2535",,,,,,,"2","NO INDICATION OF INJURY","0","0","0","0","0","2","0","18","3","4","41.9100119178","-87.7250604495","POINT (-87.725060449515 41.910011917802)"
"99d69f44ade2fb09630d772a9104c655832374fe5a4a53b3582fe67e9c04e9828092b0348d0a43739715e8f9ef288b52ffdcade63b9c89968291a784f09f7231",,"2026-04-14T18:12:00.000","30","UNKNOWN","UNKNOWN","CLEAR","DAYLIGHT","REAR END","NOT DIVIDED",,"STRAIGHT AND LEVEL","UNKNOWN","UNKNOWN","NOT ON SCENE (DESK REPORT)","NO INJURY / DRIVE AWAY",,,,"$500 OR LESS","2026-04-15T11:25:00.000","DRIVING SKILLS/KNOWLEDGE/EXPERIENCE","UNABLE TO DETERMINE","1512","E","53RD ST","234",,,,,,,"2","NO INDICATION OF INJURY","0","0","0","0","0","3","0","18","3","4","41.799657917","-87.5885781423","POINT (-87.588578142283 41.799657916988)"
"af4bed0e972b368340e7606b1aca2732b538113c1abd097fae66fb4e2f273bef7092aded16dd790ccd05c1afdce868b0389fb8d9a970b705c22328f576942f61",,"2026-04-14T18:12:00.000","35","NO CONTROLS","NO CONTROLS","CLEAR","DAYLIGHT","SIDESWIPE SAME DIRECTION","NOT DIVIDED",,"STRAIGHT AND LEVEL","DRY","NO DEFECTS","NOT ON SCENE (DESK REPORT)","NO INJURY / DRIVE AWAY",,,,"OVER $1,500","2026-04-14T19:55:00.000","IMPROPER OVERTAKING/PASSING","NOT APPLICABLE","3682","W","47TH ST","821",,,,,,,"2","NO INDICATION OF INJURY","0","0","0","0","0","2","0","18","3","4","41.808076385","-87.7161330737","POINT (-87.716133073737 41.808076384974)"