"crash_record_id","crash_date_est_i","crash_date","posted_speed_limit","traffic_control_device","device_condition","weather_condition","lighting_condition","first_crash_type","trafficway_type","lane_cnt","alignment","roadway_surface_cond","road_defect","report_type","crash_type","intersection_related_i","private_property_i","hit_and_run_i","damage","date_police_notified","prim_contributory_cause","sec_contributory_cause","street_no","street_direction","street_name","beat_of_occurrence","photos_taken_i","statements_taken_i","dooring_i","work_zone_i","work_zone_type","workers_present_i","num_units","most_severe_injury","injuries_total","injuries_fatal","injuries_incapacitating","injuries_non_incapacitating","injuries_reported_not_evident","injuries_no_indication","injuries_unknown","crash_hour","crash_day_of_week","crash_month","latitude","longitude","location"
"faa1fb61fe472ba9788b4c03c419031eea783819be4966e16a43fe84a6f8091aa5991eef1c84981df13bd572b87218c8d6156c699895cdfc387c75fcbdcf609a",,"2026-04-14T16:30:00.000","30","UNKNOWN","UNKNOWN","UNKNOWN","UNKNOWN","PEDALCYCLIST","DIVIDED - W/MEDIAN (NOT RAISED)",,"STRAIGHT AND LEVEL","UNKNOWN","UNKNOWN","NOT ON SCENE (DESK REPORT)","INJURY AND / OR TOW DUE TO CRASH",,,"Y","OVER $1,500","2026-04-15T14:30:00.000","IMPROPER OVERTAKING/PASSING","NOT APPLICABLE","6101","S","EVANS AVE","313",,,,,,,"2","NONINCAPACITATING INJURY","1","0","0","1","0","1","0","16","3","4","41.7839437026","-87.6071169202","POINT (-87.607116920153 41.783943702614)"
"8207fca1d6a3588130ad60c655ba3e97b8782666d4971ae021f45a8542db5d92fb84d348b0947cf833620035b3e490ed935806d5daad1b05bfa075e3efb60263",,"2026-04-14T16:22:00.000","30","TRAFFIC SIGNAL","FUNCTIONING PROPERLY","CLEAR","DAYLIGHT","SIDESWIPE SAME DIRECTION","NOT DIVIDED",,"STRAIGHT AND LEVEL","DRY","NO DEFECTS","NOT ON SCENE (DESK REPORT)","NO INJURY / DRIVE AWAY",,,,"OVER $1,500","2026-04-14T18:31:00.000","UNABLE TO DETERMINE","NOT APPLICABLE","2600","W","26TH ST","1034",,,,,,,"2","NO INDICATION OF INJURY","0","0","0","0","0","3","0","16","3","4","41.8448648875","-87.6904137885","POINT (-87.69041378852 41.84486488751)"
"8cc63a08f3b7e492f6365e2d85a3f9485778725e5f38ecaace4540ffbaf39598c414958a1d6ba2f4ac3b17bbd60a3be2db6472110a38157a52b225f965174d2a",,"2026-04-14T16:20:00.000","30","NO CONTROLS","NO CONTROLS","CLEAR","DAYLIGHT","SIDESWIPE SAME DIRECTION","ONE-WAY",,"STRAIGHT AND LEVEL","DRY","NO DEFECTS","ON SCENE","NO INJURY / DRIVE AWAY","Y",,,"OVER $1,500","2026-04-14T16:23:00.000","UNABLE TO DETERMINE","UNABLE TO DETERMINE","2","N","FRANKLIN ST","122",,"Y",,,,,"2","NO INDICATION OF INJURY","0","0","0","0","0","4","0","16","3","4","41.8819639609","-87.6354591712","POINT (-87.635459171235 41.881963960924)"
"bdba729addd94dbfc96cb3345f4e132e8afffbb36b27bad16c1cb8c6cf04358454de0942ccc00ab3df46e27eeed1bbe88443e6aa82bd92b9191bfaa54a96d759",,"2026-04-14T16:18:00.000","30","TRAFFIC SIGNAL","FUNCTIONING PROPERLY","CLEAR","DAYLIGHT","SIDESWIPE SAME DIRECTION","NOT DIVIDED",,"STRAIGHT AND LEVEL","DRY","NO DEFECTS","NOT ON SCENE (DESK REPORT)","NO INJURY / DRIVE AWAY",,,"Y","OVER $1,500","2026-04-14T17:15:00.000","FOLLOWING TOO CLOSELY","NOT APPLICABLE","2356","W","VAN BUREN ST","1225",,,,,,,"2","NO INDICATION OF INJURY","0","0","0","0","0","2","0","16","3","4","41.8762010889","-87.6860796607","POINT (-87.686079660735 41.876201088903)"
"f041c3ea8e50364af06d22cc63df193ec36eccff1f47a6ae2a244d5e318c861e04df32feb441151d0c34f42b6b4c07c85c46fca42e006c6c9ed8223da6fd8819",,"2026-04-14T16:15:00.000","30","NO CONTROLS","NO CONTROLS","CLOUDY/OVERCAST","DAYLIGHT","PARKED MOTOR VEHICLE","DIVIDED - W/MEDIAN (NOT RAISED)",,"STRAIGHT AND LEVEL","UNKNOWN","UNKNOWN","NOT ON SCENE (DESK REPORT)","NO INJURY / DRIVE AWAY",,,"Y","OVER $1,500","2026-04-14T16:50:00.000","IMPROPER BACKING","FAILING TO REDUCE SPEED TO AVOID CRASH","2021","W","CHICAGO AVE","1221",,,,,,,"2","NO INDICATION OF INJURY","0","0","0","0","0","1","0","16","3","4","41.8957852296","-87.6779308926","POINT (-87.677930892592 41.895785229598)"
"8d3bff1970ad9380abcfff91633896ce80e8d751989203089f3daff4078e3ec758ee430b770c611cc3b042a5265bca1fd0d4d97329bd877341a0366183c0b074",,"2026-04-14T16:13:00.000","30","STOP SIGN/FLASHER","FUNCTIONING PROPERLY","CLEAR","DAYLIGHT","REAR END","FOUR WAY",,"STRAIGHT AND LEVEL","DRY","NO DEFECTS","ON SCENE","NO INJURY / DRIVE AWAY","Y",,,"OVER $1,500","2026-04-14T16:13:00.000","NOT APPLICABLE","NOT APPLICABLE","2499","W","DIVISION ST","1212",,,,,,,"2","NO INDICATION OF INJURY","0","0","0","0","0","2","0","16","3","4","41.9028833961","-87.6894253988","POINT (-87.689425398779 41.902883396087)"
"4bce839aaba9b53f1212e272b508728921a0e74399a589e1ff4753704e19b73b338503a5ddc5eef16adc811064627f64e11adac02c104217a164b4b11f8eda8b",,"2026-04-14T16:12:00.000","30","NO CONTROLS","NO CONTROLS","CLEAR","DAYLIGHT","TURNING","NOT DIVIDED",,"STRAIGHT AND LEVEL","DRY","NO DEFECTS","ON SCENE","NO INJURY / DRIVE AWAY",,,,"OVER $1,500","2026-04-14T16:13:00.000","FAILING TO YIELD RIGHT-OF-WAY","FAILING TO REDUCE SPEED TO AVOID CRASH","4454","W","GRAND AVE","2533",,,,,,,"2","NO INDICATION OF INJURY","0","0","0","0","0","3","0","16","3","4","41.9108389286","-87.7379073279","POINT (-87.737907327915 41.910838928586)"
"fa6010de5ff3356b2ffa30b9a12be644132a02e6f2a451069b3381d413a97a28ecca8fc5c617fa678945091693ffba849465b167688d9143183382c52bab1069",,"2026-04-14T16:12:00.000","30","NO CONTROLS","NO CONTROLS","CLEAR","DAYLIGHT","REAR END","DIVIDED - W/MEDIAN (NOT RAISED)",,"STRAIGHT AND LEVEL","DRY","NO DEFECTS","NOT ON SCENE (DESK REPORT)","NO INJURY / DRIVE AWAY",,,,"OVER $1,500","2026-04-14T18:12:00.000","FAILING TO REDUCE SPEED TO AVOID CRASH","NOT APPLICABLE","2507","W","59TH ST","824",,,,,,,"2","NO INDICATION OF INJURY","0","0","0","0","0","2","0","16","3","4","41.7864095769","-87.6866117177","POINT (-87.686611717721 41.786409576937)"
"11a8b15a066983b118cba12ebf955d3711ae0adb7ff8cfbb06e0e152910b3686ff6cb738011e743d62c949b7427e50d7eb9548e8cf8c180f2e8b13cdec592167","Y","2026-04-14T16:10:00.000","30","NO CONTROLS","NO CONTROLS","CLEAR","DAYLIGHT","SIDESWIPE SAME DIRECTION","NOT DIVIDED",,"STRAIGHT AND LEVEL","DRY","NO DEFECTS","ON SCENE","NO INJURY / DRIVE AWAY",,,,"OVER $1,500","2026-04-14T16:14:00.000","IMPROPER LANE USAGE","OPERATING VEHICLE IN ERRATIC, RECKLESS, CARELESS, NEGLIGENT OR AGGRESSIVE MANNER","6054","W","IRVING PARK RD","1624",,,,,,,"2","NO INDICATION OF INJURY","0","0","0","0","0","2","0","16","3","4","41.9531255261","-87.778992293","POINT (-87.77899229301 41.953125526115)"
"cfd8aea3e5b77f1ab0bed26d176eb59a3e26f651ac47f7aca631b3ff61ce64ecf10d53691515e91ac14193326a37addea3cd436bb15290dc5e7a729602b04ff8",,"2026-04-14T16:10:00.000","35","NO CONTROLS","NO CONTROLS","CLEAR","DAYLIGHT","REAR END","NOT DIVIDED",,"STRAIGHT AND LEVEL","DRY","NO DEFECTS","ON SCENE","NO INJURY / DRIVE AWAY",,,"Y","OVER $1,500","2026-04-14T17:14:00.000","IMPROPER OVERTAKING/PASSING","IMPROPER LANE USAGE","3007","W","COLUMBUS AVE","835",,,,,,,"2","NO INDICATION OF INJURY","0","0","0","0","0","2","0","16","3","4","41.7523765036","-87.6979120515","POINT (-87.697912051526 41.752376503638)"
"d72cfaeec522c075077eb67c11055096a2fcb3ddbfd32b9ce4102d3bf71b24e1efb2e94db244c368f19af9a69669f5e6f2eb3b9f8f184f91e15e7f50fa5e9744",,"2026-04-14T16:09:00.000","30","UNKNOWN","UNKNOWN","CLEAR","DAYLIGHT","TURNING","DIVIDED - W/MEDIAN (NOT RAISED)",,"STRAIGHT AND LEVEL","DRY","NO DEFECTS","NOT ON SCENE (DESK REPORT)","NO INJURY / DRIVE AWAY",,,,"OVER $1,500","2026-04-14T16:45:00.000","UNABLE TO DETERMINE","PHYSICAL CONDITION OF DRIVER","5700","N","RIDGE AVE","2013",,,,,,,"2","NO INDICATION OF INJURY","0","0","0","0","0","2","0","16","3","4","41.9854741677","-87.6633180164","POINT (-87.663318016372 41.985474167681)"
"f0cd16e425ac5f146887d50f47423d8d8eebcb9767d25b86ace62fbeb83b2303a8174eff1362dfe38b91e7c29ee4fb7f96ba17382fe4fec515f7c3ba9c5d61ea",,"2026-04-14T16:08:00.000","30","NO CONTROLS","NO CONTROLS","CLEAR","DAYLIGHT","PARKED MOTOR VEHICLE","PARKING LOT",,"STRAIGHT AND LEVEL","DRY","NO DEFECTS","ON SCENE","NO INJURY / DRIVE AWAY",,,,"OVER $1,500","2026-04-14T18:31:00.000","FOLLOWING TOO CLOSELY","NOT APPLICABLE","12600","S","TORRENCE AVE","433",,,,,,,"2","NO INDICATION OF INJURY","0","0","0","0","0","1","0","16","3","4","41.6661129912","-87.5590030803","POINT (-87.559003080261 41.666112991211)"
"bb2a0d9fc6534dbe34e27e860d88a63825f591e13a299a790ede284d554566a9dc65be09c4addcafa4d95f3c2484c7ac3904eaf064dd4c923d68d420bbca01ca",,"2026-04-14T16:03:00.000","30","NO CONTROLS","NO CONTROLS","CLEAR","DAYLIGHT","HEAD ON","PARKING LOT",,"STRAIGHT AND LEVEL","DRY","NO DEFECTS","ON SCENE","NO INJURY / DRIVE AWAY",,,,"$501 - $1,500","2026-04-14T16:03:00.000","DRIVING ON WRONG SIDE/WRONG WAY","UNABLE TO DETERMINE","7601","S","ASHLAND AVE","612",,,,,,,"2","NO INDICATION OF INJURY","0","0","0","0","0","3","0","16","3","4","41.7557262093","-87.6634247332","POINT (-87.663424733183 41.755726209295)"
"2c06191e905c540dd6c24d5facf7941c8493791934f2efd29da1e932583cdb08a9210c9f992c505c2b6a6e97b0082851de5ff47b16260519be10506f18581b8d",,"2026-04-14T16:00:00.000","30","NO CONTROLS","NO CONTROLS","UNKNOWN","DAYLIGHT","SIDESWIPE SAME DIRECTION","NOT DIVIDED",,"STRAIGHT AND LEVEL","UNKNOWN","UNKNOWN","NOT ON SCENE (DESK REPORT)","NO INJURY / DRIVE AWAY",,,,"$501 - $1,500","2026-04-16T08:00:00.000","UNABLE TO DETERMINE","UNABLE TO DETERMINE","237","W","108TH ST","513",,,,,,,"2","NO INDICATION OF INJURY","0","0","0","0","0","2","0","16","3","4","41.6978650918","-87.62950522","POINT (-87.629505220013 41.697865091827)"
"89db1271d63c6f5ed981929f918b947758e51d4271df86aad4238a1920bed530bc1deb1667386ba974c0cd4f141f27f9b209458a1ccc389ebd75cc8ae0b37b4a",,"2026-04-14T16:00:00.000","20","TRAFFIC SIGNAL","FUNCTIONING PROPERLY","CLEAR","DAYLIGHT","TURNING","NOT DIVIDED",,"STRAIGHT AND LEVEL","DRY","NO DEFECTS","ON SCENE","INJURY AND / OR TOW DUE TO CRASH","Y",,,"OVER $1,500","2026-04-14T16:00:00.000","UNABLE TO DETERMINE","UNABLE TO DETERMINE","2500","S","PULASKI RD","1013",,,,,,,"3","NONINCAPACITATING INJURY","4","0","0","4","0","1","0","16","3","4","41.846037569","-87.7247613705","POINT (-87.724761370522 41.846037568964)"
"8ec8da285127706b1fd44f08ddc72e04498b0150c45d5e16119e785c02fcf2015c079bf278fa70f36a83f1ed0c313964508a4241e4698f661ce3a05db3b55d6b",,"2026-04-14T16:00:00.000","30","TRAFFIC SIGNAL","FUNCTIONING PROPERLY","CLEAR","DAYLIGHT","SIDESWIPE SAME DIRECTION","ONE-WAY",,"STRAIGHT AND LEVEL","DRY","NO DEFECTS","NOT ON SCENE (DESK REPORT)","NO INJURY / DRIVE AWAY",,,,"$500 OR LESS","2026-04-14T19:15:00.000","DRIVING SKILLS/KNOWLEDGE/EXPERIENCE","UNABLE TO DETERMINE","6300","S","YALE AVE","722",,,,,,,"2","NO INDICATION OF INJURY","0","0","0","0","0","2","0","16","3","4","41.7799265177","-87.6319793256","POINT (-87.631979325574 41.779926517686)"
"a7f07749ae30c97168c9b3f91827de079aafb11b247153b0b468e6c0783e1739cad9d54b6bdd3dd3aae57cef2d9b326db838fa341df71f3027f5e63d963a8984",,"2026-04-14T16:00:00.000","30","NO CONTROLS","NO CONTROLS","UNKNOWN","UNKNOWN","PARKED MOTOR VEHICLE","ONE-WAY",,"STRAIGHT AND LEVEL","UNKNOWN","UNKNOWN","NOT ON SCENE (DESK REPORT)","NO INJURY / DRIVE AWAY",,,"Y","OVER $1,500","2026-04-17T19:00:00.000","UNABLE TO DETERMINE","NOT APPLICABLE","2650","N","SAWYER AVE","1412",,,,,,,"2","NO INDICATION OF INJURY","0","0","0","0","0","1","0","16","3","4","41.9298416525","-87.7095869922","POINT (-87.70958699221 41.929841652492)"
"a88c4e4cf1e504b270af081c44b21fd21755a49a2e40df3622eddedf5a8a6cf6ad926859e681f952deb38aef86382e68c7b478767a2deaabf526263c718556ea",,"2026-04-14T16:00:00.000","30","UNKNOWN","UNKNOWN","UNKNOWN","UNKNOWN","FIXED OBJECT","DIVIDED - W/MEDIAN BARRIER",,"STRAIGHT AND LEVEL","UNKNOWN","RUT, HOLES","NOT ON SCENE (DESK REPORT)","NO INJURY / DRIVE AWAY",,,,"OVER $1,500","2026-04-16T17:10:00.000","UNABLE TO DETERMINE","UNABLE TO DETERMINE","2661","N","ASHLAND AVE","1932",,,,,,,"1","NO INDICATION OF INJURY","0","0","0","0","0","1","0","16","3","4","41.9304593891","-87.6681839087","POINT (-87.66818390867 41.930459389085)"
"c8207f0af4fe4f38d18cfe897e5304d21626d54dabeae74c93df503bec23b6839e5f9b2dc4755af30e7ff68c1d2086c2b31204d70c87c03293c1999a20a2aea5",,"2026-04-14T16:00:00.000","30","TRAFFIC SIGNAL","FUNCTIONING PROPERLY","CLEAR","DAYLIGHT","REAR END","DIVIDED - W/MEDIAN (NOT RAISED)",,"STRAIGHT AND LEVEL","DRY","NO DEFECTS","ON SCENE","INJURY AND / OR TOW DUE TO CRASH",,,,"$501 - $1,500","2026-04-14T16:25:00.000","UNABLE TO DETERMINE","UNABLE TO DETERMINE","7400","S","ASHLAND AVE","735",,,,,,,"2","NONINCAPACITATING INJURY","1","0","0","1","0","1","0","16","3","4","41.7593683965","-87.6637857159","POINT (-87.663785715867 41.75936839646)"
"f67c17f5d516b6e825ff38a98e9e1229467b262ede3495a1504353e1d11a24a4f6f4537855e085619f17c691959d35eb1453858f0ebc69318667340f37db7aed",,"2026-04-14T16:00:00.000","30","NO CONTROLS","NO CONTROLS","CLEAR","DAYLIGHT","REAR TO FRONT","DIVIDED - W/MEDIAN (NOT RAISED)",,"STRAIGHT AND LEVEL","DRY","NO DEFECTS","NOT ON SCENE (DESK REPORT)","NO INJURY / DRIVE AWAY",,,"Y","OVER $1,500","2026-04-14T20:00:00.000","UNABLE TO DETERMINE","UNABLE TO DETERMINE","2031","N","KOSTNER AVE","2522",,,,,,,"2","NO INDICATION OF INJURY","0","0","0","0","0","2","0","16","3","4","41.9180117752","-87.7362082852","POINT (-87.736208285159 41.918011775242)"
"3bff373880aa141285041456447021663f9b818cd67e276bb7d8c2cee8ee7020450305b3f4eb7bb1df8fc23a55bff02ce43bc910d5e59a939da3ce50f271e6a1",,"2026-04-14T15:55:00.000","30","TRAFFIC SIGNAL","UNKNOWN","CLEAR","DAYLIGHT","REAR END","NOT DIVIDED",,"STRAIGHT AND LEVEL","UNKNOWN","UNKNOWN","NOT ON SCENE (DESK REPORT)","INJURY AND / OR TOW DUE TO CRASH",,,"Y","OVER $1,500","2026-04-15T07:13:00.000","UNABLE TO DETERMINE","UNABLE TO DETERMINE","2353","W","111TH ST","2212",,,,,,,"2","REPORTED, NOT EVIDENT","1","0","0","0","1","1","0","15","3","4","41.6916666318","-87.6808340933","POINT (-87.6808340933 41.691666631849)"
"3c99d580d372482366c2f210a30ed887c9cc26cd452e7c6102ee5e8e66818b35fc5b434eb417d3cc0f672e141770f4dab622ac7bdb16891d5e86c917e4c891ed",,"2026-04-14T15:55:00.000","30","NO CONTROLS","NO CONTROLS","CLEAR","DAYLIGHT","SIDESWIPE SAME DIRECTION","DIVIDED - W/MEDIAN (NOT RAISED)",,"STRAIGHT AND LEVEL","UNKNOWN","UNKNOWN","NOT ON SCENE (DESK REPORT)","NO INJURY / DRIVE AWAY",,,"Y","OVER $1,500","2026-04-14T17:25:00.000","IMPROPER OVERTAKING/PASSING","FAILING TO REDUCE SPEED TO AVOID CRASH","938","N","CLARK ST","1832",,,,,,,"2","NO INDICATION OF INJURY","0","0","0","0","0","2","0","15","3","4","41.8998875811","-87.631479476","POINT (-87.631479476009 41.899887581095)"
"51c3c956499ee1329e9be557188e9721954aadf940d9b0d3a0d977b97f176d8f4477dbf5096e6ae6fa4b972937c7ba8d91a30780ce8a664e1440e870caaacd09",,"2026-04-14T15:55:00.000","25","NO CONTROLS","NO CONTROLS","CLEAR","DAYLIGHT","PARKED MOTOR VEHICLE","NOT DIVIDED",,"STRAIGHT AND LEVEL","DRY","NO DEFECTS","ON SCENE","INJURY AND / OR TOW DUE TO CRASH",,,"Y","OVER $1,500","2026-04-14T16:00:00.000","UNABLE TO DETERMINE","NOT APPLICABLE","7002","S","KIMBARK AVE","321",,,,,,,"2","NO INDICATION OF INJURY","0","0","0","0","0","1","0","15","3","4","41.7676957286","-87.5942324255","POINT (-87.594232425535 41.767695728613)"
"73697640454c1bb35a685b07f38e7297dfd0be3b9d09c79c8de6684e0e7c177750a6c4c998979ea3e31e06b67f0f5f440f66a6aee82146f5200c23a091209f54",,"2026-04-14T15:45:00.000","30","NO CONTROLS","NO CONTROLS","CLEAR","DAYLIGHT","TURNING","DIVIDED - W/MEDIAN (NOT RAISED)",,"STRAIGHT AND LEVEL","DRY","NO DEFECTS","NOT ON SCENE (DESK REPORT)","NO INJURY / DRIVE AWAY",,,,"OVER $1,500","2026-04-14T16:30:00.000","UNABLE TO DETERMINE","UNABLE TO DETERMINE","6541","S","CICERO AVE","833",,,,,,,"2","NO INDICATION OF INJURY","0","0","0","0","0","4","0","15","3","4","41.7735646961","-87.7419743118","POINT (-87.741974311795 41.773564696112)"
"a01b0d721b51d3883e63b2613d3e36ce585122420f8fc5a921203a0ecc20a68bacf0eb5063acf84a99a1a01d880c91e276410c69b2fe5714650e50a4c097e924",,"2026-04-14T15:45:00.000","35","OTHER","FUNCTIONING PROPERLY","CLEAR","DAYLIGHT","SIDESWIPE SAME DIRECTION","NOT DIVIDED",,"STRAIGHT AND LEVEL","DRY","NO DEFECTS","ON SCENE","INJURY AND / OR TOW DUE TO CRASH","N",,,"OVER $1,500","2026-04-14T15:46:00.000","IMPROPER OVERTAKING/PASSING","UNABLE TO DETERMINE","500","E","GRAND AVE","1834",,,,,,,"2","NO INDICATION OF INJURY","0","0","0","0","0","2","0","15","3","4","41.8920193534","-87.6137716434","POINT (-87.613771643383 41.892019353419)"
"cadcafeaafc64bce69ffcecf7d23247d1d4a96a952402f1506d992c5952642724fda80041581eeb8c63cc4b437e276154fbf74c8c98692c05b386a1087b0eb18",,"2026-04-14T15:45:00.000","30","NO CONTROLS","NO CONTROLS","UNKNOWN","UNKNOWN","SIDESWIPE SAME DIRECTION","NOT DIVIDED",,"STRAIGHT AND LEVEL","UNKNOWN","UNKNOWN","NOT ON SCENE (DESK REPORT)","NO INJURY / DRIVE AWAY",,,,"OVER $1,500","2026-04-14T16:29:00.000","UNABLE TO DETERMINE","NOT APPLICABLE","7200","N","WESTERN AVE","2411",,,,,,,"2","NO INDICATION OF INJURY","0","0","0","0","0","2","0","15","3","4","42.0123713348","-87.6903939174","POINT (-87.690393917379 42.012371334792)"
"ebcab08defd0d69a8cb9aba9d652c39d264c4ab2624891144a33062231af7b1c619028a46528832079623e5b8eec6399ea569854e015cebc09b48ca3baa49384",,"2026-04-14T15:45:00.000","10","NO CONTROLS","NO CONTROLS","CLEAR","DAYLIGHT","PARKED MOTOR VEHICLE","ALLEY",,"STRAIGHT AND LEVEL","UNKNOWN","UNKNOWN","NOT ON SCENE (DESK REPORT)","NO INJURY / DRIVE AWAY",,,,"OVER $1,500","2026-04-14T20:15:00.000","UNABLE TO DETERMINE","UNABLE TO DETERMINE","7152","S","HERMITAGE AVE","735",,,,,,,"2","NO INDICATION OF INJURY","0","0","0","0","0","1","0","15","3","4","41.7633083804","-87.6675643583","POINT (-87.667564358292 41.763308380374)"
"12aeb706b3c9f94861add83b4208d447421de6c507e52b1e0ae0f9ed570533a927689cedb28aed8e5f886b154f02de9d5bc620ab80ff2ed626fa965b725c252b",,"2026-04-14T15:33:00.000","30","NO CONTROLS","NO CONTROLS","CLEAR","DAYLIGHT","REAR END","NOT DIVIDED",,"STRAIGHT AND LEVEL","DRY","NO DEFECTS","NOT ON SCENE (DESK REPORT)","NO INJURY / DRIVE AWAY",,,,"$500 OR LESS","2026-04-14T16:00:00.000","FOLLOWING TOO CLOSELY","NOT APPLICABLE","6559","N","NATOMA AVE","1611",,,,,,,"2","NO INDICATION OF INJURY","0","0","0","0","0","2","0","15","3","4","42.00087937","-87.7921497057","POINT (-87.792149705668 42.000879370013)"
"2308b08a7934064f5a5181f637b8f3540ecb399030344f4b4e00b11141e3ee309d85d87ecf156fac08b87db48d305abc630a0fc2c5b3196c9654a12ae007178d",,"2026-04-14T15:30:00.000","30","NO CONTROLS","NO CONTROLS","CLEAR","DAYLIGHT","SIDESWIPE SAME DIRECTION","ONE-WAY",,"STRAIGHT AND LEVEL","DRY","NO DEFECTS","NOT ON SCENE (DESK REPORT)","NO INJURY / DRIVE AWAY","Y",,"N","OVER $1,500","2026-04-14T19:00:00.000","IMPROPER OVERTAKING/PASSING","NOT APPLICABLE","3110","W","LOGAN BLVD","1411",,,,,,,"2","NO INDICATION OF INJURY","0","0","0","0","0","2","0","15","3","4","41.9286259985","-87.7054705726","POINT (-87.705470572614 41.928625998519)"
"5d6b683d5f2e5b105ac86dffdfa474c16d39bd46c04439e3e0d94df2449844a6b108e874429be64ca58f9ef4d7d7897d1b567c37d5151271c60b6bb4c22e408d",,"2026-04-14T15:30:00.000","20","NO CONTROLS","NO CONTROLS","CLEAR","UNKNOWN","SIDESWIPE SAME DIRECTION","NOT DIVIDED",,"STRAIGHT AND LEVEL","DRY","UNKNOWN","NOT ON SCENE (DESK REPORT)","NO INJURY / DRIVE AWAY",,,"Y","OVER $1,500","2026-04-17T15:00:00.000","UNABLE TO DETERMINE","NOT APPLICABLE","2506","N","LONG AVE","2515",,,,,,,"2","NO INDICATION OF INJURY","0","0","0","0","0","2","0","15","3","4","41.9260991788","-87.7612880676","POINT (-87.761288067553 41.926099178817)"
"c2bd7531351350087f95148f24868934c8846b3cd29c192e9db9d89e29307b10b565676a427d86926990cd815ce61133a235d1fc6bad4b75eb5d336b8510561e",,"2026-04-14T15:30:00.000","30","NO CONTROLS","NO CONTROLS","CLEAR","DAYLIGHT","SIDESWIPE SAME DIRECTION","ONE-WAY",,"STRAIGHT AND LEVEL","DRY","NO DEFECTS","ON SCENE","INJURY AND / OR TOW DUE TO CRASH",,,,"OVER $1,500","2026-04-14T15:30:00.000","FAILING TO YIELD RIGHT-OF-WAY","NOT APPLICABLE","7829","S","UNION AVE","621",,,,,,,"2","NONINCAPACITATING INJURY","2","0","0","2","0","2","0","15","3","4","41.7516371734","-87.6414809021","POINT (-87.641480902119 41.751637173378)"
"fb1879e5f4bd3dd24e7863fb4b27f58020c87abce674941fcb170478ee07d4d71d0822c38b2c903e233167fbf349a475d25fb60bf746835cf7d182ceeca1a14c",,"2026-04-14T15:30:00.000","30","NO CONTROLS","NO CONTROLS","CLEAR","DAYLIGHT","REAR END","NOT DIVIDED",,"STRAIGHT AND LEVEL","DRY","NO DEFECTS","ON SCENE","NO INJURY / DRIVE AWAY",,,,"OVER $1,500","2026-04-14T15:50:00.000","FAILING TO REDUCE SPEED TO AVOID CRASH","FOLLOWING TOO CLOSELY","3241","N","MILWAUKEE AVE","1732",,,,,,,"2","NO INDICATION OF INJURY","0","0","0","0","0","6","0","15","3","4","41.9399098265","-87.724955149","POINT (-87.724955149035 41.939909826465)"
"fffbda553fd506c907237c4b5f8740845e978802f51e9a14e38d2dc3ee9618cb0e7348554112e2d14b769f3876016e7d16e826a13001949210373b0cfc067804",,"2026-04-14T15:30:00.000","25","NO CONTROLS","NO CONTROLS","CLEAR","DAYLIGHT","REAR END","ONE-WAY",,"STRAIGHT AND LEVEL","DRY","NO DEFECTS","ON SCENE","NO INJURY / DRIVE AWAY",,,,"$500 OR LESS","2026-04-14T16:22:00.000","FOLLOWING TOO CLOSELY","NOT APPLICABLE","3650","S","CALIFORNIA AVE","911",,,,,,,"2","NO INDICATION OF INJURY","0","0","0","0","0","4","0","15","3","4","41.826614465","-87.6948653519","POINT (-87.694865351916 41.826614464952)"
"b23a267d8338e3091c8bbc3c34502166ccb68c36d037f877069dca8fc16004d55c79a54ddcca439ca93757b6fabe7e0b3206855aef62b6e2e23bdeaab4972a80",,"2026-04-14T15:27:00.000","10","NO CONTROLS","NO CONTROLS","CLEAR","DAYLIGHT","OTHER OBJECT","ALLEY",,"STRAIGHT AND LEVEL","DRY","NO DEFECTS","ON SCENE","NO INJURY / DRIVE AWAY",,,,"$501 - $1,500","2026-04-14T15:31:00.000","UNABLE TO DETERMINE","UNABLE TO DETERMINE","4151","S","BERKELEY AVE","214",,,,,,,"1","NO INDICATION OF INJURY","0","0","0","0","0","2","0","15","3","4","41.818652703","-87.6008537808","POINT (-87.600853780847 41.818652703042)"
"a03945757c71228dfbce6c91be073ef446893960ecf6462a7dd0f019948415b2de41eab53ac64f2c380fbc8e76a82489d67ed5c0588281e14e782df2fd10b1b6",,"2026-04-14T15:25:00.000","20","NO CONTROLS","NO CONTROLS","CLEAR","DAYLIGHT","SIDESWIPE SAME DIRECTION","NOT DIVIDED",,"STRAIGHT AND LEVEL","DRY","NO DEFECTS","NOT ON SCENE (DESK REPORT)","NO INJURY / DRIVE AWAY",,,"Y","OVER $1,500","2026-04-14T16:32:00.000","IMPROPER OVERTAKING/PASSING","NOT APPLICABLE","8137","S","CALIFORNIA AVE","835",,,,,,,"2","NO INDICATION OF INJURY","0","0","0","0","0","2","0","15","3","4","41.7452005007","-87.6923535271","POINT (-87.692353527114 41.745200500731)"