"crash_record_id","crash_date_est_i","crash_date","posted_speed_limit","traffic_control_device","device_condition","weather_condition","lighting_condition","first_crash_type","trafficway_type","lane_cnt","alignment","roadway_surface_cond","road_defect","report_type","crash_type","intersection_related_i","private_property_i","hit_and_run_i","damage","date_police_notified","prim_contributory_cause","sec_contributory_cause","street_no","street_direction","street_name","beat_of_occurrence","photos_taken_i","statements_taken_i","dooring_i","work_zone_i","work_zone_type","workers_present_i","num_units","most_severe_injury","injuries_total","injuries_fatal","injuries_incapacitating","injuries_non_incapacitating","injuries_reported_not_evident","injuries_no_indication","injuries_unknown","crash_hour","crash_day_of_week","crash_month","latitude","longitude","location"
"d8795051375ee2eab4245df3e9232b6cc10db259d728de8551c6eb6606c6db521aa3ee63957b5f4982e694c89ed70b7b4942072309cca8579d0ccdb062f68f22",,"2026-04-14T15:25:00.000","30","NO CONTROLS","NO CONTROLS","CLEAR","DAYLIGHT","REAR END","NOT DIVIDED",,"STRAIGHT AND LEVEL","DRY","NO DEFECTS","ON SCENE","INJURY AND / OR TOW DUE TO CRASH",,,,"OVER $1,500","2026-04-14T15:26:00.000","FOLLOWING TOO CLOSELY","UNABLE TO DETERMINE","1438","W","63RD ST","713",,,,,,,"2","REPORTED, NOT EVIDENT","1","0","0","0","1","3","0","15","3","4","41.7796315359","-87.6608870173","POINT (-87.660887017333 41.779631535941)"
"5cd9ac0cffb4be9fdabf31f9796f473ce8554a42c3472031ced471db541331c5b46af84384b3f6bdf01afeac791410efdba5a7771efe26b644a949bcd30b10a8",,"2026-04-14T15:20:00.000","30","TRAFFIC SIGNAL","UNKNOWN","UNKNOWN","UNKNOWN","REAR END","FOUR WAY",,"STRAIGHT AND LEVEL","UNKNOWN","UNKNOWN","NOT ON SCENE (DESK REPORT)","NO INJURY / DRIVE AWAY",,,,"$501 - $1,500","2026-04-16T22:00:00.000","DRIVING SKILLS/KNOWLEDGE/EXPERIENCE","UNABLE TO DETERMINE","1200","N","KOSTNER AVE","2533",,,,,,,"2","NO INDICATION OF INJURY","0","0","0","0","0","2","0","15","3","4","41.9025545859","-87.7362946057","POINT (-87.736294605726 41.902554585873)"
"f6f9d877c6dbb5b9e9ee5c98ad45aac49ee0ebc78809db78625f2d13e9c09113d47384cb56b94987772bcc63cc4c69ccbc4baff5d01a2a40250a53e03054af8a",,"2026-04-14T15:20:00.000","25","NO CONTROLS","NO CONTROLS","CLEAR","DAYLIGHT","PARKED MOTOR VEHICLE","NOT DIVIDED",,"STRAIGHT AND LEVEL","DRY","NO DEFECTS","NOT ON SCENE (DESK REPORT)","NO INJURY / DRIVE AWAY",,,"Y","$500 OR LESS","2026-04-14T16:18:00.000","UNABLE TO DETERMINE","NOT APPLICABLE","3215","W","71ST ST","831",,,,,,,"2","NO INDICATION OF INJURY","0","0","0","0","0","2","0","15","3","4","41.764268246","-87.7033825478","POINT (-87.703382547799 41.764268246001)"
"6dd951d244a0d86daea741da457287b258e05faad116b6dcf7d7fba8f99b08f2e9b8d9b1dacda9398bef399fedbdaac4083ff8a65ab64ed5beb76d5bbbccd681",,"2026-04-14T15:13:00.000","25","NO CONTROLS","UNKNOWN","CLEAR","DAYLIGHT","SIDESWIPE SAME DIRECTION","ONE-WAY",,"STRAIGHT AND LEVEL","DRY","NO DEFECTS","ON SCENE","NO INJURY / DRIVE AWAY",,,,"$501 - $1,500","2026-04-14T15:19:00.000","IMPROPER TURNING/NO SIGNAL","IMPROPER TURNING/NO SIGNAL","354","S","LAVERGNE AVE","1533",,,,,,,"2","NO INDICATION OF INJURY","0","0","0","0","0","2","0","15","3","4","41.8751000639","-87.749369179","POINT (-87.749369178969 41.875100063937)"
"7306ea0c98db75108f9c8a0d1dca2fd159a41063a87805087fa3ffb023f8fb092674d2bf61a122df9b715844c774c173eb4a2573063810cd790b0fe1de523184",,"2026-04-14T15:13:00.000","30","STOP SIGN/FLASHER","OTHER","CLEAR","DAYLIGHT","PARKED MOTOR VEHICLE","ONE-WAY",,"STRAIGHT AND LEVEL","DRY","NO DEFECTS","ON SCENE","INJURY AND / OR TOW DUE TO CRASH",,,,"OVER $1,500","2026-04-14T15:13:00.000","UNABLE TO DETERMINE","NOT APPLICABLE","1801","W","56TH ST","715",,,,,,,"3","REPORTED, NOT EVIDENT","2","0","0","0","2","1","0","15","3","4","41.7920437341","-87.6694509365","POINT (-87.669450936506 41.792043734089)"
"4855845bc36da2fbbc485e475fc8ef7ffaab71abf784f0690899ffbcaafaf68d487d34bddd0a1e1230275db066e270302cf60942897f569c7854c521b8ded22b",,"2026-04-14T15:11:00.000","30","TRAFFIC SIGNAL","FUNCTIONING PROPERLY","CLEAR","DAYLIGHT","REAR END","FOUR WAY",,"STRAIGHT AND LEVEL","DRY","NO DEFECTS","ON SCENE","NO INJURY / DRIVE AWAY","Y",,,"OVER $1,500","2026-04-14T15:27:00.000","FOLLOWING TOO CLOSELY","NOT APPLICABLE","3359","W","CHICAGO AVE","1121",,,,,,,"2","NO INDICATION OF INJURY","0","0","0","0","0","2","0","15","3","4","41.8953980715","-87.7112947982","POINT (-87.711294798165 41.895398071531)"
"d7db8001194a3da589bf8130070ca0a3a1ee7c824764f784b719608e0b07701447552c5f0b000585cf6b29fa9fb0a8bd6c805020da7c64c2881ecc5095f58e86",,"2026-04-14T15:05:00.000","30","UNKNOWN","UNKNOWN","CLEAR","DAYLIGHT","SIDESWIPE SAME DIRECTION","DIVIDED - W/MEDIAN (NOT RAISED)",,"STRAIGHT AND LEVEL","UNKNOWN","UNKNOWN","ON SCENE","NO INJURY / DRIVE AWAY",,,"N","$501 - $1,500","2026-04-14T15:09:00.000","NOT APPLICABLE","NOT APPLICABLE","6400","S","WELLS ST","722",,,,,,,"2","NO INDICATION OF INJURY","0","0","0","0","0","2","0","15","3","4","41.7779785563","-87.6312201657","POINT (-87.63122016571 41.777978556288)"
"0861e8f2496a5aa636c1add76578d7060d2bc310c7964391d42ceb727166f5882f5e10cb991d659b1c79e5ed2ce287fdc0fdd8776fc549d2912e85409b17be6f",,"2026-04-14T15:00:00.000","30","TRAFFIC SIGNAL","FUNCTIONING PROPERLY","CLEAR","DAYLIGHT","SIDESWIPE SAME DIRECTION","NOT DIVIDED",,"STRAIGHT AND LEVEL","DRY","NO DEFECTS","ON SCENE","INJURY AND / OR TOW DUE TO CRASH",,,"Y","OVER $1,500","2026-04-14T16:06:00.000","IMPROPER OVERTAKING/PASSING","NOT APPLICABLE","1053","N","AUSTIN BLVD","1511",,,,,,,"3","NO INDICATION OF INJURY","0","0","0","0","0","2","0","15","3","4","41.8999123484","-87.7751472439","POINT (-87.775147243928 41.899912348352)"
"31fb833117458a7f92494777dd7e06d2973a633be5e24b5f3290cd57bd5e3335cb1c25da0ee1a2294884902b64dd851e97cac9de8b6fc877a4fa873da78ec8cc",,"2026-04-14T15:00:00.000","30","NO CONTROLS","NO CONTROLS","CLEAR","DAYLIGHT","SIDESWIPE SAME DIRECTION","NOT DIVIDED",,"STRAIGHT AND LEVEL","WET","UNKNOWN","NOT ON SCENE (DESK REPORT)","NO INJURY / DRIVE AWAY",,,"Y","$501 - $1,500","2026-04-15T12:50:00.000","OPERATING VEHICLE IN ERRATIC, RECKLESS, CARELESS, NEGLIGENT OR AGGRESSIVE MANNER","NOT APPLICABLE","13200","S","BRAINARD AVE","433",,,,,,,"2","NO INDICATION OF INJURY","0","0","0","0","0","2","0","15","3","4","41.6552338114","-87.5548748837","POINT (-87.554874883687 41.655233811423)"
"39283359f6b687a10139ab384294c9e2c73d986526ca522bbf0527f07589da62091d0345bde7ddd5b5f0b37881b0bb5cd383e3df2908b73e8616798e6e0c3d19","Y","2026-04-14T15:00:00.000","10","NO CONTROLS","NO CONTROLS","CLEAR","DAYLIGHT","PARKED MOTOR VEHICLE","PARKING LOT",,"STRAIGHT AND LEVEL","DRY","UNKNOWN","ON SCENE","NO INJURY / DRIVE AWAY",,,"Y","$501 - $1,500","2026-04-14T16:03:00.000","UNABLE TO DETERMINE","UNABLE TO DETERMINE","2315","N","CANNON DR","1814",,,,,,,"2","NO INDICATION OF INJURY","0","0","0","0","0","1","0","15","3","4","41.9243596113","-87.6327862824","POINT (-87.632786282353 41.924359611274)"
"8bc22b72bcd4934e4a4951fbf3315625baa9b46d510f6485bbdd6f11204729e4c4cae633d127718779ab02c29f4c07cd5f9961ef4486bc6e0301720f47bd3561",,"2026-04-14T15:00:00.000","30","NO CONTROLS","NO CONTROLS","CLEAR","DAYLIGHT","ANGLE","NOT DIVIDED",,"STRAIGHT AND LEVEL","DRY","NO DEFECTS","ON SCENE","NO INJURY / DRIVE AWAY",,,,"OVER $1,500","2026-04-14T17:00:00.000","IMPROPER OVERTAKING/PASSING","NOT APPLICABLE","5700","N","HARLEM AVE","1612",,,,,,,"3","NO INDICATION OF INJURY","0","0","0","0","0","3","0","15","3","4","41.9846662832","-87.8070730079","POINT (-87.807073007868 41.984666283243)"
"ac0d99170cd7bc923c37a90744ee5d7a696ccccc49497f51467d78873aad58024db0b6943721dea4ea67f105de1b8cc01b51f15b657111cfc32a1c94790163f8",,"2026-04-14T15:00:00.000","30","NO CONTROLS","NO CONTROLS","CLEAR","DAYLIGHT","SIDESWIPE SAME DIRECTION","NOT DIVIDED",,"STRAIGHT AND LEVEL","DRY","NO DEFECTS","NOT ON SCENE (DESK REPORT)","INJURY AND / OR TOW DUE TO CRASH",,,,"OVER $1,500","2026-04-15T14:50:00.000","IMPROPER TURNING/NO SIGNAL","NOT APPLICABLE","5700","N","HARLEM AVE","1612",,,,,,,"3","NONINCAPACITATING INJURY","1","0","0","1","0","2","0","15","3","4","41.9846662832","-87.8070730079","POINT (-87.807073007868 41.984666283243)"
"b58a9704c043fae464be41c9ac47e416f6eb8211eec4d45390e337ed38e061e652bcdb4cba4ec53088058c09e9117d8fdc976c23c9207fa3c3befbec2f2c1192",,"2026-04-14T15:00:00.000","30","UNKNOWN","UNKNOWN","UNKNOWN","UNKNOWN","REAR END","UNKNOWN",,"STRAIGHT AND LEVEL","UNKNOWN","UNKNOWN",,"NO INJURY / DRIVE AWAY",,,,"OVER $1,500","2026-04-14T15:20:00.000","UNABLE TO DETERMINE","UNABLE TO DETERMINE","6006","S","AUSTIN AVE","812",,,,,,,"2","NO INDICATION OF INJURY","0","0","0","0","0","2","0","15","3","4","41.7831022776","-87.7718418846","POINT (-87.771841884568 41.783102277598)"
"de97e2c07675fdfd5e0297634719f24bf0716fa314384425a08c5f201ae6dfb69a20e35728805d64eb691946ef3e5804ed38b6a352280a136826c312b055680b",,"2026-04-14T15:00:00.000","30","NO CONTROLS","NO CONTROLS","CLEAR","DAYLIGHT","REAR END","DIVIDED - W/MEDIAN (NOT RAISED)",,"STRAIGHT AND LEVEL","DRY","NO DEFECTS","NOT ON SCENE (DESK REPORT)","NO INJURY / DRIVE AWAY",,,,"OVER $1,500","2026-04-14T15:45:00.000","FOLLOWING TOO CLOSELY","FOLLOWING TOO CLOSELY","3601","W","DEVON AVE","1711",,,,,,,"2","NO INDICATION OF INJURY","0","0","0","0","0","2","0","15","3","4","41.9971660175","-87.7191254649","POINT (-87.719125464901 41.997166017521)"
"d526cf56f314c04145604ef95f8bccf3391d8b954f4151b0a3cdc05f857f0563fd061dad4b5dde77219a67d7c86ab9c1f070c378432e2199ecbcf3c7802a0c6d",,"2026-04-14T14:55:00.000","30","TRAFFIC SIGNAL","FUNCTIONING PROPERLY","CLEAR","DAYLIGHT","TURNING","NOT DIVIDED",,"STRAIGHT AND LEVEL","DRY","NO DEFECTS","ON SCENE","NO INJURY / DRIVE AWAY","Y",,,"$500 OR LESS","2026-04-14T15:02:00.000","FOLLOWING TOO CLOSELY","DRIVING SKILLS/KNOWLEDGE/EXPERIENCE","7237","W","DEVON AVE","1612",,,,,,,"2","NO INDICATION OF INJURY","0","0","0","0","0","2","0","14","3","4","41.9974089568","-87.8080986292","POINT (-87.808098629221 41.997408956761)"
"fcce857463b0f07b9d9e44704064c21215126aca51ffb0d31cbbd858fa51628173c661f7a849f46f518bf280ad3b1878d723c5d39f276f7af96115152e85cb0c",,"2026-04-14T14:53:00.000","30","NO CONTROLS","NO CONTROLS","CLEAR","DAYLIGHT","PARKED MOTOR VEHICLE","NOT DIVIDED",,"STRAIGHT ON GRADE","UNKNOWN","UNKNOWN","NOT ON SCENE (DESK REPORT)","NO INJURY / DRIVE AWAY",,,,"OVER $1,500","2026-04-14T16:30:00.000","DRIVING SKILLS/KNOWLEDGE/EXPERIENCE","UNABLE TO DETERMINE","7699","S","THROOP ST","612",,,,,,,"2","NO INDICATION OF INJURY","0","0","0","0","0","1","0","14","3","4","41.7541708951","-87.6553024833","POINT (-87.655302483269 41.754170895069)"
"a86b554ae3a7823c6ecf2acabca305844f069b12fdba82b83930aed1da297aa63c69397a18a9044a22a17a64c27575b79406a0e5d455f6bef0e1cd16cfedbcd3",,"2026-04-14T14:50:00.000","35","TRAFFIC SIGNAL","FUNCTIONING PROPERLY","CLEAR","DAYLIGHT","REAR END","NOT DIVIDED",,"STRAIGHT AND LEVEL","DRY","NO DEFECTS","NOT ON SCENE (DESK REPORT)","NO INJURY / DRIVE AWAY",,,,"OVER $1,500","2026-04-14T15:00:00.000","EQUIPMENT - VEHICLE CONDITION","NOT APPLICABLE","2349","S","ARCHER AVE","914",,,,,,,"2","NO INDICATION OF INJURY","0","0","0","0","0","2","0","14","3","4","41.8499396802","-87.6401736261","POINT (-87.640173626128 41.849939680228)"
"1eb4c5c4c55b012d497042523492dba196bad81503f9d1c1c4de1500c7ca2a7be1eb69710d717c63762b880d5b583b86ae02f8ec2bb128a4a2badb3fb5d0fcbc",,"2026-04-14T14:47:00.000","30","TRAFFIC SIGNAL","FUNCTIONING PROPERLY","CLEAR","DAYLIGHT","PARKED MOTOR VEHICLE","NOT DIVIDED",,"STRAIGHT AND LEVEL","DRY","UNKNOWN","ON SCENE","NO INJURY / DRIVE AWAY",,,,"$500 OR LESS","2026-04-14T16:00:00.000","NOT APPLICABLE","NOT APPLICABLE","2340","W","FULLERTON AVE","1432",,,,,,,"2","NO INDICATION OF INJURY","0","0","0","0","0","2","0","14","3","4","41.9250191541","-87.6868083894","POINT (-87.686808389438 41.925019154111)"
"a8f1db2a908afeca63dcbcdd46dffa31a6d02902414988afd55f34f20215daa5de80b67e08e336744a8955969caf517f1565490aa12b8f1f6e8ac6e9d7279e8b",,"2026-04-14T14:45:00.000","25","NO CONTROLS","NO CONTROLS","CLEAR","DAYLIGHT","PARKED MOTOR VEHICLE","NOT DIVIDED",,"STRAIGHT AND LEVEL","DRY","NO DEFECTS","NOT ON SCENE (DESK REPORT)","NO INJURY / DRIVE AWAY",,,,"OVER $1,500","2026-04-14T17:34:00.000","IMPROPER OVERTAKING/PASSING","NOT APPLICABLE","7838","S","KNOX AVE","834",,,,,,,"2","NO INDICATION OF INJURY","0","0","0","0","0","2","0","14","3","4","41.7498721617","-87.7378776537","POINT (-87.737877653665 41.749872161684)"
"04813e31af3ccdf9b904b84167a18ec976f5443ee4d062fa74da988cca7cc2aa25087b93acdd8fcffa9c548c35382c02cf2ab6b994ef0a27c0a2ed045297882e",,"2026-04-14T14:40:00.000","30","NO CONTROLS","NO CONTROLS","CLEAR","DAYLIGHT","SIDESWIPE OPPOSITE DIRECTION","DIVIDED - W/MEDIAN (NOT RAISED)",,"STRAIGHT AND LEVEL","UNKNOWN","UNKNOWN","NOT ON SCENE (DESK REPORT)","NO INJURY / DRIVE AWAY",,,,"OVER $1,500","2026-04-14T16:00:00.000","UNABLE TO DETERMINE","NOT APPLICABLE","7900","S","COLES AVE","422",,,,,,,"2","NO INDICATION OF INJURY","0","0","0","0","0","2","0","14","3","4","41.7519128755","-87.5494172461","POINT (-87.549417246074 41.751912875512)"
"6b92c09ee1a47e984c8afff93dc268d172ee038750b5877ecca13b9379183115841824c9f64d46ffef57a0d38c3f0742b180d29e1a16a4bfa1d08edca951b9f7",,"2026-04-14T14:40:00.000","30","NO CONTROLS","NO CONTROLS","CLEAR","DAYLIGHT","REAR TO FRONT","PARKING LOT",,"STRAIGHT AND LEVEL","DRY","UNKNOWN","NOT ON SCENE (DESK REPORT)","NO INJURY / DRIVE AWAY",,,,"OVER $1,500","2026-04-14T16:30:00.000","UNABLE TO DETERMINE","NOT APPLICABLE","2401","W","DIVERSEY AVE","1411",,,,,,,"2","NO INDICATION OF INJURY","0","0","0","0","0","2","0","14","3","4","41.9320677883","-87.6879397145","POINT (-87.687939714461 41.932067788301)"
"9590485d3eec140c854e58229243b787b2fba663784547941ab71af8ac46c250552f13cc1a3edf65d871ab2d5b4347ca864a5a83cbe7ae8dff67ff23a3ad78ed",,"2026-04-14T14:40:00.000","30","TRAFFIC SIGNAL","FUNCTIONING PROPERLY","CLEAR","DAYLIGHT","REAR END","NOT DIVIDED",,"STRAIGHT AND LEVEL","DRY","NO DEFECTS","ON SCENE","NO INJURY / DRIVE AWAY","Y",,"Y","$500 OR LESS","2026-04-14T14:45:00.000","FOLLOWING TOO CLOSELY","IMPROPER OVERTAKING/PASSING","1140","S","KOSTNER AVE","1131","Y",,,,,,"2","NO INDICATION OF INJURY","0","0","0","0","0","2","0","14","3","4","41.8666874745","-87.7351356049","POINT (-87.735135604877 41.866687474507)"
"a73a79d9875742279f2730ffcacf3e9b64a96a200bbe2b4e2a9395b1e7dafd0f7d4bce7ed78c2c1e4ad5b4f460aa14bbf0124a8696354d621f02c1c8eb9c2991",,"2026-04-14T14:40:00.000","30","TRAFFIC SIGNAL","FUNCTIONING PROPERLY","CLEAR","DAYLIGHT","SIDESWIPE SAME DIRECTION","DIVIDED - W/MEDIAN (NOT RAISED)",,"STRAIGHT AND LEVEL","DRY","NO DEFECTS","NOT ON SCENE (DESK REPORT)","NO INJURY / DRIVE AWAY",,,,"$501 - $1,500","2026-04-14T15:40:00.000","IMPROPER OVERTAKING/PASSING","NOT APPLICABLE","700","S","DAMEN AVE","1225",,,,,,,"2","NO INDICATION OF INJURY","0","0","0","0","0","3","0","14","3","4","0","0","POINT (0 0)"
"52fbdbe5c08f289ff680df2534f2383cedf552239f69465c84b6a3685551e34479bed8c052333c89528169860aa959c0312c45680b4d63616a10a6e4b060c057",,"2026-04-14T14:31:00.000","35","STOP SIGN/FLASHER","FUNCTIONING PROPERLY","CLEAR","DAYLIGHT","TURNING","NOT DIVIDED",,"STRAIGHT AND LEVEL","DRY","NO DEFECTS","ON SCENE","INJURY AND / OR TOW DUE TO CRASH","Y",,,"OVER $1,500","2026-04-14T14:31:00.000","FAILING TO YIELD RIGHT-OF-WAY","NOT APPLICABLE","5300","S","CENTRAL AVE","811",,,,,,,"2","NO INDICATION OF INJURY","0","0","0","0","0","2","0","14","3","4","41.7963968888","-87.762577214","POINT (-87.762577213996 41.796396888788)"
"79715067557618ad6dc1152420893db1842d63d114ef5ae0fc48687fadf4bd88e2bdc93fe03c9216da9be2ea031620225a8171f532eb0d3314380c2f5f49a0b0",,"2026-04-14T14:30:00.000","30","TRAFFIC SIGNAL","FUNCTIONING PROPERLY","CLEAR","DAYLIGHT","REAR END","DIVIDED - W/MEDIAN (NOT RAISED)",,"STRAIGHT AND LEVEL","DRY","NO DEFECTS","NOT ON SCENE (DESK REPORT)","NO INJURY / DRIVE AWAY",,,,"OVER $1,500","2026-04-15T15:57:00.000","UNABLE TO DETERMINE","NOT APPLICABLE","750","W","GARFIELD BLVD","935",,,,,,,"2","NO INDICATION OF INJURY","0","0","0","0","0","2","0","14","3","4","41.7944182238","-87.6447406087","POINT (-87.644740608727 41.794418223787)"
"9744ab7d72704c589d5f0ab33a2635ff8660da608daf66d3defde1728046bcd7799e07e7f24a74ec7579b09491ce8b553b5476eb296ce3ab1c0e6ee9d6ea3479",,"2026-04-14T14:30:00.000","30","NO CONTROLS","NO CONTROLS","CLEAR","DAYLIGHT","PEDALCYCLIST","PARKING LOT",,"STRAIGHT AND LEVEL","DRY","UNKNOWN","NOT ON SCENE (DESK REPORT)","NO INJURY / DRIVE AWAY",,,"Y","OVER $1,500","2026-04-14T15:45:00.000","UNABLE TO DETERMINE","UNABLE TO DETERMINE","8721","S","COTTAGE GROVE AVE","632",,,,,,,"2","NO INDICATION OF INJURY","0","0","0","0","0","2","0","14","3","4","41.7359744629","-87.6046584099","POINT (-87.60465840992 41.735974462943)"
"d41bfaedb6a6b3417ccf4a958d7318b26f133f8e93938632509a4cb86d160bf2c5eeb6f2454b402125f4836993e2f7429c76ec5ac06a65580cd0e80e06421ed0",,"2026-04-14T14:25:00.000","30","TRAFFIC SIGNAL","FUNCTIONING PROPERLY","CLEAR","DAYLIGHT","TURNING","NOT DIVIDED",,"STRAIGHT AND LEVEL","DRY","NO DEFECTS","ON SCENE","NO INJURY / DRIVE AWAY",,,,"OVER $1,500","2026-04-14T14:27:00.000","FAILING TO YIELD RIGHT-OF-WAY","FAILING TO YIELD RIGHT-OF-WAY","1001","S","DAMEN AVE","1231",,,,,,,"2","NO INDICATION OF INJURY","0","0","0","0","0","2","0","14","3","4","41.8690498758","-87.6761673953","POINT (-87.676167395279 41.869049875812)"
"13b8f43d4d046396036875fd4eff8db365ba22600cc7347759c70c6edc02bbfed00a9c5dccec2588ff03db8a36fcefd648958532ed061ea3271a4abeeb74d5f0",,"2026-04-14T14:20:00.000","30","TRAFFIC SIGNAL","FUNCTIONING PROPERLY","CLEAR","DAYLIGHT","TURNING","FOUR WAY",,"STRAIGHT AND LEVEL","DRY","UNKNOWN","ON SCENE","NO INJURY / DRIVE AWAY","Y",,,"OVER $1,500","2026-04-14T14:50:00.000","UNABLE TO DETERMINE","NOT APPLICABLE","2400","W","87TH ST","835",,,,,,,"2","NO INDICATION OF INJURY","0","0","0","0","0","2","0","14","3","4","41.7356353288","-87.6826503426","POINT (-87.682650342555 41.735635328819)"
"42ea90bafc2c7cb4708f38f24f8a99a851c0065c2d5b7f8dceb75e6ec3e2678cfcd384fd6a66503642b62d29c0163e48793e63f5af3bee69f026f96cda420872",,"2026-04-14T14:20:00.000","30","TRAFFIC SIGNAL","FUNCTIONING PROPERLY","CLEAR","DAYLIGHT","REAR END","DIVIDED - W/MEDIAN (NOT RAISED)",,"STRAIGHT AND LEVEL","DRY","NO DEFECTS","NOT ON SCENE (DESK REPORT)","NO INJURY / DRIVE AWAY","Y",,,"OVER $1,500","2026-04-14T15:00:00.000","FOLLOWING TOO CLOSELY","UNABLE TO DETERMINE","10300","S","KEDZIE AVE","2211",,,,,,,"2","NO INDICATION OF INJURY","0","0","0","0","0","3","0","14","3","4","41.7060829595","-87.7014667184","POINT (-87.701466718439 41.706082959543)"
"5c886d3f4eb6d5a94f7dd8d3e6962ae1a907db4f64b3bac70dfa167733bb91870106591b34da13f16abb8d66dce8d9e3116da2b3cfbb51207275e56a8f1e6f70",,"2026-04-14T14:20:00.000","30","TRAFFIC SIGNAL","FUNCTIONING PROPERLY","CLEAR","DAYLIGHT","TURNING","DIVIDED - W/MEDIAN (NOT RAISED)",,"STRAIGHT AND LEVEL","DRY","NO DEFECTS","NOT ON SCENE (DESK REPORT)","NO INJURY / DRIVE AWAY","Y",,,"OVER $1,500","2026-04-14T14:45:00.000","UNABLE TO DETERMINE","UNABLE TO DETERMINE","5534","W","LAKE ST","1523",,,,,,,"2","NO INDICATION OF INJURY","0","0","0","0","0","4","0","14","3","4","41.8878384637","-87.7647816836","POINT (-87.76478168357 41.887838463737)"
"b3caadf4811d75db78e7e3c90a0d4145842958eeab28e8ed98db52350ef6324576d419872adbbed9d4086256f4527f37d9a264dd316001909d56b333dcb26cb3",,"2026-04-14T14:20:00.000","30","NO CONTROLS","NO CONTROLS","CLEAR","DAYLIGHT","SIDESWIPE SAME DIRECTION","DIVIDED - W/MEDIAN BARRIER",,"STRAIGHT AND LEVEL","DRY","UNKNOWN","NOT ON SCENE (DESK REPORT)","NO INJURY / DRIVE AWAY",,,,"OVER $1,500","2026-04-14T15:10:00.000","IMPROPER OVERTAKING/PASSING","NOT APPLICABLE","6701","S","CICERO AVE","833",,,,,,,"2","NO INDICATION OF INJURY","0","0","0","0","0","3","0","14","3","4","41.7710448011","-87.7419056317","POINT (-87.741905631651 41.771044801146)"
"b275305af1a2db73b03aa223e3e43d99cc9433ae15ec9d144e6783774142aeea3d7f0621e3452b15b023b653f1ead08c56fd1579b6ad4c7da7df56617e60ba9d",,"2026-04-14T14:18:00.000","15","NO CONTROLS","NO CONTROLS","CLEAR","DAYLIGHT","ANGLE","NOT DIVIDED",,"STRAIGHT AND LEVEL","UNKNOWN","UNKNOWN","NOT ON SCENE (DESK REPORT)","NO INJURY / DRIVE AWAY",,,,"OVER $1,500","2026-04-14T16:05:00.000","FAILING TO YIELD RIGHT-OF-WAY","NOT APPLICABLE","4813","W","51ST ST","814",,,,,,,"2","NO INDICATION OF INJURY","0","0","0","0","0","2","0","14","3","4","41.8002108593","-87.7435712582","POINT (-87.743571258153 41.800210859342)"
"60cf07542b521a6671db65b7d6784bab87622084e9ece8ed4aa96a0fcf594f556c59ece85cf87f43b934a6891af6c02d32a73f6a3409c71c5f5808d5ffc8b339",,"2026-04-14T14:12:00.000","25","STOP SIGN/FLASHER","FUNCTIONING PROPERLY","CLEAR","DAYLIGHT","ANGLE","NOT DIVIDED",,"STRAIGHT AND LEVEL","DRY","NO DEFECTS","NOT ON SCENE (DESK REPORT)","NO INJURY / DRIVE AWAY","Y",,,"OVER $1,500","2026-04-14T16:30:00.000","UNABLE TO DETERMINE","UNABLE TO DETERMINE","6200","N","RICHMOND ST","2413",,,,,,,"2","NO INDICATION OF INJURY","0","0","0","0","0","2","0","14","3","4","41.9940230195","-87.7033072311","POINT (-87.703307231091 41.994023019463)"
"6deb1b4e01163a360a77fdde3df72b7e0dd88f250857afff0900ed0666a4e6a1debfccf4e07bd541bedfc9da6d826708b1e2c2f52b7ac5c781887a418eb16be9",,"2026-04-14T14:05:00.000","30","NO CONTROLS","NO CONTROLS","CLEAR","DAYLIGHT","ANGLE","ONE-WAY",,"STRAIGHT AND LEVEL","DRY","NO DEFECTS","NOT ON SCENE (DESK REPORT)","NO INJURY / DRIVE AWAY","Y",,,"OVER $1,500","2026-04-14T14:55:00.000","FAILING TO YIELD RIGHT-OF-WAY","NOT APPLICABLE","2616","W","FRANCIS PL","1431",,,,,,,"2","NO INDICATION OF INJURY","0","0","0","0","0","2","0","14","3","4","41.9199955636","-87.6937115528","POINT (-87.693711552792 41.919995563598)"
"8b1cf732a90f6bcf9a029795e0d010d49c0370dbbc9becc48b17dc9fce00d8341030fbbd238828d039512a3714cacf07efa58878ab00b31beae4f7c612d12f46",,"2026-04-14T14:05:00.000","30","UNKNOWN","UNKNOWN","CLEAR","DAYLIGHT","ANGLE","PARKING LOT",,"STRAIGHT AND LEVEL","UNKNOWN","UNKNOWN","ON SCENE","INJURY AND / OR TOW DUE TO CRASH",,"Y",,"OVER $1,500","2026-04-14T14:54:00.000","UNABLE TO DETERMINE","UNABLE TO DETERMINE","7545","S","WESTERN AVE","835",,,,,,,"2","NONINCAPACITATING INJURY","1","0","0","1","0","2","0","14","3","4","41.756035091","-87.6828583216","POINT (-87.682858321567 41.756035091018)"
"053a873fe671e2c72bd767f005ffbc6a2135ae953b8e7f8e9d06278d40d076c4cdf801d63e08bdd485802c193b2dec09955aba07019ff3216b3303533427843a",,"2026-04-14T13:50:00.000","30","NO CONTROLS","NO CONTROLS","CLEAR","DAYLIGHT","TURNING","NOT DIVIDED",,"STRAIGHT AND LEVEL","DRY","NO DEFECTS","NOT ON SCENE (DESK REPORT)","NO INJURY / DRIVE AWAY","Y",,,"OVER $1,500","2026-04-14T14:05:00.000","FAILING TO YIELD RIGHT-OF-WAY","NOT APPLICABLE","1004","W","WILSON AVE","1914",,,,,,,"2","NO INDICATION OF INJURY","0","0","0","0","0","2","0","13","3","4","41.9655372266","-87.6550274072","POINT (-87.65502740725 41.965537226618)"