"crash_record_id","crash_date_est_i","crash_date","posted_speed_limit","traffic_control_device","device_condition","weather_condition","lighting_condition","first_crash_type","trafficway_type","lane_cnt","alignment","roadway_surface_cond","road_defect","report_type","crash_type","intersection_related_i","private_property_i","hit_and_run_i","damage","date_police_notified","prim_contributory_cause","sec_contributory_cause","street_no","street_direction","street_name","beat_of_occurrence","photos_taken_i","statements_taken_i","dooring_i","work_zone_i","work_zone_type","workers_present_i","num_units","most_severe_injury","injuries_total","injuries_fatal","injuries_incapacitating","injuries_non_incapacitating","injuries_reported_not_evident","injuries_no_indication","injuries_unknown","crash_hour","crash_day_of_week","crash_month","latitude","longitude","location"
"a12f836c9a2b75f3640d7f1053b9a9187977462eea08db1da07691838e64fd6ff368a234e525c9bed2687221e058066fc60348b95371b64981507dcb9d03ee45","N","2026-04-14T13:48:00.000","15","YIELD","FUNCTIONING PROPERLY","CLEAR","DAYLIGHT","REAR END","PARKING LOT",,"STRAIGHT AND LEVEL","DRY","NO DEFECTS","ON SCENE","NO INJURY / DRIVE AWAY","Y",,,"$500 OR LESS","2026-04-14T13:48:00.000","DISTRACTION - FROM INSIDE VEHICLE","DISTRACTION - FROM OUTSIDE VEHICLE","1234","S","CANAL ST","124",,,,,,,"2","NO INDICATION OF INJURY","0","0","0","0","0","3","0","13","3","4","41.8662772699","-87.6393604523","POINT (-87.639360452262 41.86627726994)"
"a175d711e999dce8b04526b1e4acfdd9935adedc9c52901d859dcc29445985438f68dd56688f53686fdf4c4e4b59f2d88da49b900cf8d0d4188500ee1d668aec",,"2026-04-14T13:45:00.000","30","NO CONTROLS","NO CONTROLS","CLEAR","DAYLIGHT","PARKED MOTOR VEHICLE","NOT DIVIDED",,"STRAIGHT AND LEVEL","DRY","NO DEFECTS","NOT ON SCENE (DESK REPORT)","NO INJURY / DRIVE AWAY",,,"Y","OVER $1,500","2026-04-14T17:50:00.000","FOLLOWING TOO CLOSELY","NOT APPLICABLE","1635","W","CORTLAND ST","1433",,,,,,,"3","NO INDICATION OF INJURY","0","0","0","0","0","1","0","13","3","4","41.915981011","-87.6691993128","POINT (-87.669199312777 41.915981010974)"
"a70c6fcbb6d1155569326a03f63ba10d98a5cf1477d195384a772eb25861431616478ad45f683b4833986447cbb2eb4b54d0bec6dd138b8b54420435235ac803",,"2026-04-14T13:34:00.000","30","NO CONTROLS","NO CONTROLS","CLEAR","DAYLIGHT","PEDESTRIAN","PARKING LOT",,"STRAIGHT AND LEVEL","DRY","UNKNOWN","ON SCENE","INJURY AND / OR TOW DUE TO CRASH",,,"Y","$500 OR LESS","2026-04-14T15:36:00.000","DRIVING SKILLS/KNOWLEDGE/EXPERIENCE","VISION OBSCURED (SIGNS, TREE LIMBS, BUILDINGS, ETC.)","10300","S","WENTWORTH AVE","512",,,,,,,"2","NONINCAPACITATING INJURY","1","0","0","1","0","1","0","13","3","4","41.707023014","-87.6284157193","POINT (-87.6284157193 41.707023014)"
"f94f21cd8a8f7b722b0409ad40f0c02d3150ac86c5dfb104a27677635d91eb0fd5e9683a1bc9e7104341143075acdec3ac92b5058731535805ab4d1a0b878808",,"2026-04-14T13:30:00.000","30","UNKNOWN","UNKNOWN","UNKNOWN","UNKNOWN","ANGLE","NOT DIVIDED",,"STRAIGHT AND LEVEL","UNKNOWN","UNKNOWN","NOT ON SCENE (DESK REPORT)","NO INJURY / DRIVE AWAY","Y",,,"$500 OR LESS","2026-04-14T14:45:00.000","UNABLE TO DETERMINE","UNABLE TO DETERMINE","1612","W","DEVON AVE","2432",,,,,,,"2","NO INDICATION OF INJURY","0","0","0","0","0","2","0","13","3","4","41.9981772286","-87.6711689288","POINT (-87.671168928805 41.998177228582)"
"7ff2a4f83fb798b2eae0c28bc2d501a869949bd792efa029eaa5fa66ced7ba7bda7837aa4509299f22f8736e667b7eb2dee51d5c6c915221e3beb5b93f93020d",,"2026-04-14T13:25:00.000","30","NO CONTROLS","NO CONTROLS","CLEAR","DAYLIGHT","REAR END","DIVIDED - W/MEDIAN (NOT RAISED)",,"STRAIGHT AND LEVEL","UNKNOWN","NO DEFECTS","NOT ON SCENE (DESK REPORT)","NO INJURY / DRIVE AWAY",,,,"OVER $1,500","2026-04-14T14:15:00.000","FOLLOWING TOO CLOSELY","FAILING TO REDUCE SPEED TO AVOID CRASH","959","N","ASHLAND AVE","1213",,,,,,,"2","NO INDICATION OF INJURY","0","0","0","0","0","2","0","13","3","4","41.8996647583","-87.6672443031","POINT (-87.667244303086 41.899664758257)"
"b1ce253348bb9b0df824679a067f2e334a2c1621dcdd372039cc7673fb471389b85915b953a3c3ba9333f9b8142a4bda528e8253c94ee69be35433b0a0fb316a",,"2026-04-14T13:25:00.000","35","STOP SIGN/FLASHER","UNKNOWN","CLEAR","DAYLIGHT","TURNING","FOUR WAY",,"STRAIGHT AND LEVEL","DRY","UNKNOWN","ON SCENE","NO INJURY / DRIVE AWAY",,,"Y","$500 OR LESS","2026-04-14T13:27:00.000","UNABLE TO DETERMINE","UNABLE TO DETERMINE","3459","S","CALIFORNIA AVE","911",,,,,,,"2","NO INDICATION OF INJURY","0","0","0","0","0","3","0","13","3","4","41.8301479711","-87.6946488287","POINT (-87.694648828742 41.830147971066)"
"04a8fd3b20ce3a27081b7b291cf296727172cf62f6aaa01272b681d648fc66d5fbf22def55c9ef29b3109d4b04cbf18acc21c6f1679665fe12db4e18fa640b0f",,"2026-04-14T13:19:00.000","30","NO CONTROLS","NO CONTROLS","CLEAR","DAYLIGHT","PARKED MOTOR VEHICLE","DIVIDED - W/MEDIAN (NOT RAISED)",,"STRAIGHT AND LEVEL","DRY","NO DEFECTS","ON SCENE","NO INJURY / DRIVE AWAY",,,,"$500 OR LESS","2026-04-14T13:20:00.000","DRIVING SKILLS/KNOWLEDGE/EXPERIENCE","UNABLE TO DETERMINE","6726","W","ARCHER AVE","811",,,,,,,"2","NO INDICATION OF INJURY","0","0","0","0","0","1","0","13","3","4","41.7922906063","-87.7902949036","POINT (-87.790294903613 41.792290606299)"
"8fbd281be84eddced5177125396850a38817ca6be7338e0da6e7017db1f0252d553767adeaf3ef353e4a8380fbee2c4f6690d5519d2f4bf4a16d0dd0b167134d",,"2026-04-14T13:15:00.000","30","NO CONTROLS","NO CONTROLS","CLEAR","DAYLIGHT","SIDESWIPE SAME DIRECTION","ONE-WAY",,"STRAIGHT AND LEVEL","DRY","UNKNOWN","ON SCENE","NO INJURY / DRIVE AWAY",,,,"OVER $1,500","2026-04-14T15:12:00.000","FAILING TO YIELD RIGHT-OF-WAY","NOT APPLICABLE","6105","S","CAMPBELL AVE","825","Y","N",,,,,"2","NO INDICATION OF INJURY","0","0","0","0","0","2","0","13","3","4","41.7826716078","-87.6860362013","POINT (-87.686036201274 41.782671607821)"
"b9c03b42b4d2efd974bb180905ec350c03b964ab9c86cf8a3e2de430b277b08d8be3f2eb7cbd487489a0e43c03ff6fb7af2b47f43d694f86ae737dfe5156dc25",,"2026-04-14T13:13:00.000","30","TRAFFIC SIGNAL","FUNCTIONING PROPERLY","CLEAR","DAYLIGHT","TURNING","DIVIDED - W/MEDIAN (NOT RAISED)",,"STRAIGHT AND LEVEL","DRY","NO DEFECTS",,"NO INJURY / DRIVE AWAY","Y",,,"OVER $1,500","2026-04-14T13:40:00.000","UNABLE TO DETERMINE","NOT APPLICABLE","2351","N","PULASKI RD","2525",,,,,,,"2","NO INDICATION OF INJURY","0","0","0","0","0","2","0","13","3","4","41.9241603771","-87.7266109991","POINT (-87.726610999059 41.924160377051)"
"414e75ac49afc8594db4c78bf07f201f7ae79a09d2823187e2beca6e7f2f075536224376b87edfc01821ee58c7fa4b4e29342ff021fb83eb0e7ed9cb6b1737c1",,"2026-04-14T13:00:00.000","30","NO CONTROLS","NO CONTROLS","CLEAR","DAYLIGHT","REAR END","NOT DIVIDED",,"STRAIGHT AND LEVEL","DRY","NO DEFECTS","NOT ON SCENE (DESK REPORT)","NO INJURY / DRIVE AWAY",,,,"OVER $1,500","2026-04-14T20:10:00.000","UNABLE TO DETERMINE","UNABLE TO DETERMINE","345","N","ABERDEEN ST","1214",,,,,,,"2","NO INDICATION OF INJURY","0","0","0","0","0","2","0","13","3","4","41.8879767126","-87.6543944162","POINT (-87.654394416213 41.887976712611)"
"92a6e678d4793532f91b49bcf4abf95bdb8e58f3a18a9310a31ded9f73a5c7d4bd15f5b91f228e7863838ed006a594fda3870f21b2c6f6ac91c82b1d733feb94",,"2026-04-14T13:00:00.000","20","TRAFFIC SIGNAL","FUNCTIONING PROPERLY","CLEAR","DAYLIGHT","PEDALCYCLIST","PARKING LOT",,"STRAIGHT AND LEVEL","DRY","NO DEFECTS","ON SCENE","NO INJURY / DRIVE AWAY",,,,"$500 OR LESS","2026-04-14T13:02:00.000","UNABLE TO DETERMINE","UNABLE TO DETERMINE","10298","S","HAMLIN AVE","2211",,,,,,,"2","NO INDICATION OF INJURY","0","0","0","0","0","2","0","13","3","4","41.7060558732","-87.7161584963","POINT (-87.716158496303 41.706055873203)"
"2e7aba71ff20ff65e4ff72fb8204c692839de41cf65ea5994bbcf80eaead4e4b6f09d066b3596a85127f4f1c78a40fbc31f3bb1d9b4fd1952d2190f34f81f90b",,"2026-04-14T12:50:00.000","30","NO CONTROLS","NO CONTROLS","CLEAR","DAYLIGHT","PARKED MOTOR VEHICLE","OTHER",,"STRAIGHT AND LEVEL","DRY","UNKNOWN","NOT ON SCENE (DESK REPORT)","NO INJURY / DRIVE AWAY",,,,"OVER $1,500","2026-04-14T14:15:00.000","UNABLE TO DETERMINE","UNABLE TO DETERMINE","1255","S","MICHIGAN AVE","132",,,,,,,"2","NO INDICATION OF INJURY","0","0","0","0","0","2","0","12","3","4","41.8659752788","-87.6239706385","POINT (-87.623970638451 41.865975278841)"
"2fba9f636c31cc06b2de45ec69e3c00d56f2bdadcc6f397b574ac25b864eeaeb6bf3e9b36576a3304691a1c40f559982274d014d15be2a5f2ad96ea9b3b8b98c",,"2026-04-14T12:50:00.000","30","TRAFFIC SIGNAL","FUNCTIONING PROPERLY","CLEAR","DAYLIGHT","REAR END","ONE-WAY",,"STRAIGHT AND LEVEL","DRY","NO DEFECTS","NOT ON SCENE (DESK REPORT)","NO INJURY / DRIVE AWAY",,,,"OVER $1,500","2026-04-14T14:45:00.000","IMPROPER LANE USAGE","NOT APPLICABLE","235","W","GARFIELD BLVD","711",,,,,,,"2","NO INDICATION OF INJURY","0","0","0","0","0","2","0","12","3","4","41.7940656891","-87.6319203402","POINT (-87.631920340209 41.794065689144)"
"762994843ebecf077483045c55c86584ef2696ebbd841dc723f615eb5e62c016558d2a41fa37020d54710873b24544d0dec08724d6d19f9868d5aec38eda3e0e",,"2026-04-14T12:47:00.000","30","TRAFFIC SIGNAL","FUNCTIONING PROPERLY","CLEAR","DAYLIGHT","REAR END","DIVIDED - W/MEDIAN (NOT RAISED)",,"STRAIGHT AND LEVEL","DRY","NO DEFECTS","ON SCENE","INJURY AND / OR TOW DUE TO CRASH",,,,"OVER $1,500","2026-04-14T12:58:00.000","UNDER THE INFLUENCE OF ALCOHOL/DRUGS (USE WHEN ARREST IS EFFECTED)","FOLLOWING TOO CLOSELY","1801","S","KEDZIE AVE","1022",,"Y",,,,,"2","REPORTED, NOT EVIDENT","1","0","0","0","1","2","0","12","3","4","41.857621901","-87.70527585","POINT (-87.705275850039 41.857621900976)"
"48b15a21ce6e80dff2bc2d6b0ef98bebfc8a4897191eb6117004cbbbabd4e0ce540e95713f3a64c74aee1ea4ca476f032b98d0cc3cab253a460d1355fd17acf0",,"2026-04-14T12:45:00.000","10","NO CONTROLS","NO CONTROLS","CLEAR","DAYLIGHT","REAR TO SIDE","PARKING LOT",,"STRAIGHT AND LEVEL","DRY","NO DEFECTS","NOT ON SCENE (DESK REPORT)","NO INJURY / DRIVE AWAY",,,,"OVER $1,500","2026-04-14T13:05:00.000","UNABLE TO DETERMINE","UNABLE TO DETERMINE","853","W","87TH ST","2222",,,,,,,"2","NO INDICATION OF INJURY","0","0","0","0","0","2","0","12","3","4","41.7359341198","-87.6456868865","POINT (-87.645686886453 41.73593411981)"
"c2cdcaa5f4ee17d0537ab9b6303c7f838b6ca6db031589a969cb9bb3d661d56f21f48c38aee425404c48f1341a4d935ae1824ab883b2f083e07b5f2139bdf126",,"2026-04-14T12:45:00.000","30","NO CONTROLS","NO CONTROLS","CLEAR","DAYLIGHT","REAR END","ONE-WAY",,"STRAIGHT AND LEVEL","UNKNOWN","UNKNOWN","NOT ON SCENE (DESK REPORT)","INJURY AND / OR TOW DUE TO CRASH",,,,"OVER $1,500","2026-04-14T13:30:00.000","FOLLOWING TOO CLOSELY","FAILING TO REDUCE SPEED TO AVOID CRASH","2","E","HURON ST","1834",,,,,,,"2","REPORTED, NOT EVIDENT","2","0","0","0","2","1","0","12","3","4","41.894986788","-87.6280889508","POINT (-87.628088950798 41.894986788015)"
"0399abea3857e17a47ab333d954e895dfd0848dd260ddac263927a306caa927b47d6f1c29348527e24d46aacc2192bbac65b2b009a5c64f8cf9f61d0356ab29c",,"2026-04-14T12:43:00.000","30","NO CONTROLS","NO CONTROLS","CLEAR","DAYLIGHT","ANGLE","OTHER",,"STRAIGHT AND LEVEL","DRY","NO DEFECTS","ON SCENE","INJURY AND / OR TOW DUE TO CRASH",,,,"OVER $1,500","2026-04-14T13:18:00.000","NOT APPLICABLE","NOT APPLICABLE","1915","W","47TH ST","931",,,,,,,"2","REPORTED, NOT EVIDENT","2","0","0","0","2","1","0","12","3","4","41.8084144938","-87.6729534765","POINT (-87.672953476507 41.80841449376)"
"b4be9f4b4919489d1fc2973636d1994becf66d9f4cdf3a64f67743f708e350a09b75f3cf8d12eac82a1a42ffba1b057a1b060c0e77cdeef2c031121640e8ee96",,"2026-04-14T12:40:00.000","30","NO CONTROLS","NO CONTROLS","CLEAR","DAYLIGHT","PARKED MOTOR VEHICLE","NOT DIVIDED",,"STRAIGHT AND LEVEL","DRY","UNKNOWN","ON SCENE","NO INJURY / DRIVE AWAY",,,,"$500 OR LESS","2026-04-14T12:44:00.000","DRIVING SKILLS/KNOWLEDGE/EXPERIENCE","UNABLE TO DETERMINE","500","E","46TH ST","221",,,,,,,"2","NO INDICATION OF INJURY","0","0","0","0","0","1","0","12","3","4","41.8113530461","-87.6137758956","POINT (-87.613775895621 41.81135304611)"
"b9e154bf6b720ba3a19754fb765c6292dbcf0c14391c4e19eb9dd72e3b1f24ca5947b873351a2e6819073c4515391395d5d99d63005f9214826ace867e0a041d",,"2026-04-14T12:40:00.000","15","NO CONTROLS","NO CONTROLS","CLEAR","DAYLIGHT","PARKED MOTOR VEHICLE","PARKING LOT",,"STRAIGHT AND LEVEL","DRY","NO DEFECTS","NOT ON SCENE (DESK REPORT)","NO INJURY / DRIVE AWAY",,,,"OVER $1,500","2026-04-14T12:50:00.000","IMPROPER BACKING","NOT APPLICABLE","2239","S","PULASKI RD","1013",,,,,,,"2","NO INDICATION OF INJURY","0","0","0","0","0","1","0","12","3","4","41.8502905889","-87.7245782749","POINT (-87.724578274854 41.850290588871)"
"33230733e3bdce866f03af69c262a6a30743375d0fdb58efd51179116818630d262c9226b11cf92b75bdac6c5c4f26fa31f49b617a8088740b3b335e62e378dd",,"2026-04-14T12:30:00.000","10","NO CONTROLS","NO CONTROLS","CLEAR","DAYLIGHT","PARKED MOTOR VEHICLE","PARKING LOT",,"STRAIGHT AND LEVEL","DRY","NO DEFECTS","NOT ON SCENE (DESK REPORT)","NO INJURY / DRIVE AWAY",,,"Y","$501 - $1,500","2026-04-14T13:48:00.000","NOT APPLICABLE","NOT APPLICABLE","1431","S","CENTRAL PARK AVE","1021",,,,,,,"2","NO INDICATION OF INJURY","0","0","0","0","0","1","0","12","3","4","41.8614228571","-87.7151286318","POINT (-87.715128631823 41.861422857071)"
"596ce435c725f3743e0384c2ca5d08c66fa49812169213eefb15f7eb33b0ac33d0fa2d168c32f7d83fed03997326c9eaa06735d77e442182bd603557f75eface",,"2026-04-14T12:30:00.000","25","NO CONTROLS","NO CONTROLS","CLEAR","DAYLIGHT","TURNING","T-INTERSECTION",,"STRAIGHT AND LEVEL","DRY","NO DEFECTS",,"NO INJURY / DRIVE AWAY",,,,"OVER $1,500","2026-04-14T16:49:00.000","IMPROPER OVERTAKING/PASSING","IMPROPER OVERTAKING/PASSING","2312","W","79TH ST","835",,,,,,,"2","NO INDICATION OF INJURY","0","0","0","0","0","2","0","12","3","4","41.7502185468","-87.6810013069","POINT (-87.681001306924 41.750218546787)"
"06f1db88723f9eb4ca4205cad08ffe4010d2a49c8194f8cfb043928322d6c90345974b310c1242781fbac12dc8812cdbc0dd02a797e4c7be24199927da083fa9",,"2026-04-14T12:25:00.000","30","TRAFFIC SIGNAL","FUNCTIONING PROPERLY","CLEAR","DAYLIGHT","REAR END","DIVIDED - W/MEDIAN BARRIER",,"STRAIGHT AND LEVEL","DRY","UNKNOWN","NOT ON SCENE (DESK REPORT)","NO INJURY / DRIVE AWAY",,,,"OVER $1,500","2026-04-14T13:15:00.000","UNABLE TO DETERMINE","UNABLE TO DETERMINE","8300","S","LAKE SHORE DR","424",,,,,,,"2","NO INDICATION OF INJURY","0","0","0","0","0","2","0","12","3","4","41.7446894925","-87.5405664825","POINT (-87.54056648255 41.744689492493)"
"6778bf8767464231e5567a158848553fd8716290a2ff5e00424c23a881693b8480fac18fda7647a048081f0d53986d2c07effdc72f28138a6bb8ab8946b3bf78",,"2026-04-14T12:20:00.000","30","NO CONTROLS","NO CONTROLS","CLEAR","DAYLIGHT","SIDESWIPE SAME DIRECTION","NOT DIVIDED",,"STRAIGHT AND LEVEL","DRY","SHOULDER DEFECT","ON SCENE","INJURY AND / OR TOW DUE TO CRASH",,,,"OVER $1,500","2026-04-14T12:21:00.000","UNABLE TO DETERMINE","UNABLE TO DETERMINE","821","E","103RD ST","512",,,,,,,"2","NO INDICATION OF INJURY","0","0","0","0","0","3","0","12","3","4","41.7073909625","-87.6030784209","POINT (-87.60307842087 41.707390962487)"
"63c4ec825ee78edc2cc4b56a43a1793acd4d4fbbc6d48d395ed572113b41b7443d72da1bc53b52728a5c78ce3a049f8d48e234d2a84aee16889d2fc49e30f17d",,"2026-04-14T12:04:00.000","30","NO CONTROLS","NO CONTROLS","CLEAR","DAYLIGHT","TURNING","NOT DIVIDED",,"STRAIGHT AND LEVEL","DRY","NO DEFECTS","ON SCENE","NO INJURY / DRIVE AWAY",,,,"OVER $1,500","2026-04-14T12:45:00.000","FAILING TO YIELD RIGHT-OF-WAY","NOT APPLICABLE","1607","W","FULLERTON AVE","1811",,,,,,,"2","NO INDICATION OF INJURY","0","0","0","0","0","2","0","12","3","4","41.925036971","-87.6685149903","POINT (-87.668514990308 41.925036971007)"
"5e1e1ece10fdd4573b73f928d634549b710c3428418ff92520222fab41ed485ab83698a3c467a534fcea0e520be4fa2bb40052da87657653233cc417f1ef6da4",,"2026-04-14T12:00:00.000","30","NO CONTROLS","NO CONTROLS","CLEAR","DAYLIGHT","PARKED MOTOR VEHICLE","UNKNOWN",,"STRAIGHT AND LEVEL","DRY","UNKNOWN","NOT ON SCENE (DESK REPORT)","NO INJURY / DRIVE AWAY",,,"Y","OVER $1,500","2026-04-14T13:00:00.000","DRIVING SKILLS/KNOWLEDGE/EXPERIENCE","UNABLE TO DETERMINE","1242","W","14TH ST","1233",,,,,,,"2","NO INDICATION OF INJURY","0","0","0","0","0","1","0","12","3","4","41.8635155439","-87.6576837528","POINT (-87.657683752832 41.863515543885)"
"75dc4fdbbeb36cecfeb96b279e99e877e4b87f7100382c442b1c066bdddf68595ac818d96a7fa83330023dfcef44d5d453f3eea2e284e1e7659c9384baa6f4ea",,"2026-04-14T12:00:00.000","30","NO CONTROLS","NO CONTROLS","CLEAR","DAYLIGHT","PARKED MOTOR VEHICLE","ONE-WAY",,"STRAIGHT AND LEVEL","UNKNOWN","UNKNOWN","NOT ON SCENE (DESK REPORT)","NO INJURY / DRIVE AWAY",,,"Y","$501 - $1,500","2026-04-14T12:50:00.000","UNABLE TO DETERMINE","NOT APPLICABLE","1723","W","DEVON AVE","2433",,,,,,,"2","NO INDICATION OF INJURY","0","0","0","0","0","2","0","12","3","4","41.9979236429","-87.6729149842","POINT (-87.672914984215 41.997923642893)"
"81d97e77b5c7e7793813614970e08bf14c1712a193433aaebb2858074e9cd131cbce2e60b657ddbedc353b5c294285dcfce6dc7521c92d73c6f7c400e7980223",,"2026-04-14T12:00:00.000","10","NO CONTROLS","NO CONTROLS","CLEAR","DAYLIGHT","PARKED MOTOR VEHICLE","PARKING LOT",,"STRAIGHT AND LEVEL","DRY","NO DEFECTS","NOT ON SCENE (DESK REPORT)","NO INJURY / DRIVE AWAY",,,,"OVER $1,500","2026-04-14T13:00:00.000","UNABLE TO DETERMINE","NOT APPLICABLE","1242","S","CANAL ST","124",,,,,,,"2","NO INDICATION OF INJURY","0","0","0","0","0","1","0","12","3","4","41.8660696329","-87.6393547598","POINT (-87.639354759813 41.866069632888)"
"a2b0c067502b73a0b6e58d9f0562cda5ff4ce7d379396a0876f64442e87f9ce293f1fc7a08081fb6c73b23a3201e1af2a2904f2714be91ab18cb14c61126114a","Y","2026-04-14T12:00:00.000","30","NO CONTROLS","NO CONTROLS","CLEAR","UNKNOWN","PARKED MOTOR VEHICLE","PARKING LOT",,"STRAIGHT AND LEVEL","DRY","NO DEFECTS","NOT ON SCENE (DESK REPORT)","NO INJURY / DRIVE AWAY",,,"Y","$500 OR LESS","2026-04-14T18:40:00.000","UNABLE TO DETERMINE","UNABLE TO DETERMINE","10022","S","HALSTED ST","2232",,,,,,,"2","NO INDICATION OF INJURY","0","0","0","0","0","1","0","12","3","4","41.7116603517","-87.6430994141","POINT (-87.643099414077 41.71166035172)"
"a455a8ce906b80c5d811be08c1bcda08dd8b933148aac354dd976682ef20290fe8407d6f5550b1c05781c2a47e138094fd88d8ddd80c2e46e85018ecc0d2b171",,"2026-04-14T12:00:00.000","30","STOP SIGN/FLASHER","NO CONTROLS","CLEAR","DAYLIGHT","SIDESWIPE SAME DIRECTION","DIVIDED - W/MEDIAN (NOT RAISED)",,"STRAIGHT AND LEVEL","DRY","NO DEFECTS","NOT ON SCENE (DESK REPORT)","NO INJURY / DRIVE AWAY",,,,"$501 - $1,500","2026-04-14T13:15:00.000","IMPROPER OVERTAKING/PASSING","NOT APPLICABLE","2000","W","TAYLOR ST","1231",,,,,,,"2","NO INDICATION OF INJURY","0","0","0","0","0","2","0","12","3","4","41.8692243874","-87.6759877461","POINT (-87.67598774615 41.869224387357)"
"1ffc3858bafd2bd2cd432fe56a3fedb0d108aba3efb86e740387751fd97b4e69711337470e545a2f263945664b6208c7e0df4b75774d7b478a95773d6c1a7d57",,"2026-04-14T11:45:00.000","20","NO CONTROLS","NO CONTROLS","CLEAR","DARKNESS","SIDESWIPE SAME DIRECTION","ONE-WAY",,"STRAIGHT AND LEVEL","DRY","NO DEFECTS","NOT ON SCENE (DESK REPORT)","NO INJURY / DRIVE AWAY",,,"Y","OVER $1,500","2026-04-15T01:15:00.000","IMPROPER OVERTAKING/PASSING","UNABLE TO DETERMINE","10420","S","MARYLAND AVE","512",,,,,,,"2","NO INDICATION OF INJURY","0","0","0","0","0","2","0","11","3","4","41.7049921995","-87.6028830736","POINT (-87.602883073612 41.704992199453)"
"a2ad18779d594145184f2e59d69fa1dda9df7ff540b909ef0eab0415a94f16d181942d47540d3ecdcd40b063577e8c12cf299a0a277010b2f0a65e42bbbfe49a",,"2026-04-14T11:45:00.000","35","NO CONTROLS","UNKNOWN","CLEAR","DAYLIGHT","REAR END","NOT DIVIDED",,"STRAIGHT AND LEVEL","DRY","NO DEFECTS","NOT ON SCENE (DESK REPORT)","NO INJURY / DRIVE AWAY",,,,"$501 - $1,500","2026-04-15T12:35:00.000","FOLLOWING TOO CLOSELY","UNABLE TO DETERMINE","7344","N","HARLEM AVE","1611","N",,,,,,"2","NO INDICATION OF INJURY","0","0","0","0","0","2","0","11","3","4","42.0148541293","-87.8067464799","POINT (-87.806746479932 42.014854129337)"
"a41e5246506d4b827359289d6bae6095f6c5aa30b52ad45101453be5c74ecc829b5717a2ac873f26e4098dc0281337ad42d67035755a869dbd2ef2278760d440",,"2026-04-14T11:45:00.000","15","NO CONTROLS","NO CONTROLS","UNKNOWN","UNKNOWN","REAR TO FRONT","PARKING LOT",,"STRAIGHT AND LEVEL","UNKNOWN","UNKNOWN","NOT ON SCENE (DESK REPORT)","NO INJURY / DRIVE AWAY",,,,"OVER $1,500","2026-04-14T13:33:00.000","UNABLE TO DETERMINE","NOT APPLICABLE","3186","W","FOSTER AVE","1712",,,,,,,"2","NO INDICATION OF INJURY","0","0","0","0","0","2","0","11","3","4","41.9758581295","-87.7086218878","POINT (-87.70862188779 41.975858129547)"
"fd04e9ba8e461cc7c2f204791210bbaf21bb62ede61c41bbbc19f1c0e2830559c5f2c80ec1624341ce671cd394ecabb5b959fa99587f30d30570edb526b80abb",,"2026-04-14T11:45:00.000","30","NO CONTROLS","NO CONTROLS","CLEAR","DAYLIGHT","TURNING","ONE-WAY",,"STRAIGHT AND LEVEL","DRY","NO DEFECTS","ON SCENE","NO INJURY / DRIVE AWAY","Y",,,"OVER $1,500","2026-04-14T12:05:00.000","IMPROPER TURNING/NO SIGNAL","IMPROPER OVERTAKING/PASSING","1000","S","INDEPENDENCE BLVD","1133",,,,,,,"2","NO INDICATION OF INJURY","0","0","0","0","0","2","0","11","3","4","41.8689536617","-87.7203563614","POINT (-87.720356361438 41.868953661743)"
"5dc9b8c5059703618133bf0ce10d03a13f311e901a6de583f255ab1ae33198a54dcf195108eee1608ad75c51160b12568a5f6011d3a5f090c0f472ab46464475",,"2026-04-14T11:30:00.000","15","NO CONTROLS","NO CONTROLS","CLEAR","DAYLIGHT","PARKED MOTOR VEHICLE","PARKING LOT",,"STRAIGHT AND LEVEL","DRY","NO DEFECTS","NOT ON SCENE (DESK REPORT)","NO INJURY / DRIVE AWAY",,"Y","Y","OVER $1,500","2026-04-14T16:10:00.000","IMPROPER BACKING","NOT APPLICABLE","2319","W","LAWRENCE AVE","1911",,,,,,,"2","NO INDICATION OF INJURY","0","0","0","0","0","1","0","11","3","4","41.9685267571","-87.6872367118","POINT (-87.687236711786 41.968526757069)"
"dec6c2047b72329ec452b7966223d9cd8b1c312ff9dd17972f9795a64bc7b053256c4073ed1798b0e3169436c5652cc84cc70ad4f1573cc87276d4302957df38","Y","2026-04-14T11:18:00.000","36","NO CONTROLS","UNKNOWN","UNKNOWN","UNKNOWN","PARKED MOTOR VEHICLE","ONE-WAY",,"STRAIGHT AND LEVEL","UNKNOWN","UNKNOWN","ON SCENE","NO INJURY / DRIVE AWAY",,,"Y","$501 - $1,500","2026-04-14T11:19:00.000","NOT APPLICABLE","NOT APPLICABLE","7559","S","KINGSTON AVE","421",,,,,,,"2","NO INDICATION OF INJURY","0","0","0","0","0","1","0","11","3","4","41.7573110516","-87.5625554018","POINT (-87.562555401834 41.757311051616)"
"0df04ad14f227e59cad1366fd8d307d94971e14a412e49f23a3073e84d569652341f1841e2cebc41b763f6632f67e6a442ecce65c4c188e4bef7c85dcf43005a",,"2026-04-14T11:10:00.000","15","NO CONTROLS","NO CONTROLS","RAIN","UNKNOWN","PARKED MOTOR VEHICLE","PARKING LOT",,"STRAIGHT AND LEVEL","WET","UNKNOWN","NOT ON SCENE (DESK REPORT)","NO INJURY / DRIVE AWAY",,"Y",,"$500 OR LESS","2026-04-15T15:55:00.000","UNABLE TO DETERMINE","NOT APPLICABLE","7342","W","FOSTER AVE","1613",,,,,,,"2","NO INDICATION OF INJURY","0","0","0","0","0","3","0","11","3","4","41.9745429477","-87.8113468842","POINT (-87.811346884218 41.974542947709)"