"crash_record_id","crash_date_est_i","crash_date","posted_speed_limit","traffic_control_device","device_condition","weather_condition","lighting_condition","first_crash_type","trafficway_type","lane_cnt","alignment","roadway_surface_cond","road_defect","report_type","crash_type","intersection_related_i","private_property_i","hit_and_run_i","damage","date_police_notified","prim_contributory_cause","sec_contributory_cause","street_no","street_direction","street_name","beat_of_occurrence","photos_taken_i","statements_taken_i","dooring_i","work_zone_i","work_zone_type","workers_present_i","num_units","most_severe_injury","injuries_total","injuries_fatal","injuries_incapacitating","injuries_non_incapacitating","injuries_reported_not_evident","injuries_no_indication","injuries_unknown","crash_hour","crash_day_of_week","crash_month","latitude","longitude","location"
"f92ba7bcc5129c125ca5803a817d2a245e80649ba2eae304a044bbb331b98bad8026a5e93bfc1a655403413253639793b20586918e22f824a3bfed137b93f359",,"2026-04-14T10:55:00.000","30","TRAFFIC SIGNAL","FUNCTIONING PROPERLY","UNKNOWN","DAYLIGHT","SIDESWIPE SAME DIRECTION","NOT DIVIDED",,"STRAIGHT AND LEVEL","UNKNOWN","UNKNOWN","NOT ON SCENE (DESK REPORT)","NO INJURY / DRIVE AWAY",,,"Y","$501 - $1,500","2026-04-14T12:15:00.000","UNABLE TO DETERMINE","NOT APPLICABLE","7501","S","CICERO AVE","833",,,,,,,"2","NO INDICATION OF INJURY","0","0","0","0","0","2","0","10","3","4","41.7564207512","-87.7414501875","POINT (-87.741450187461 41.756420751245)"
"96fffe7d092a8dbfc5d8383de8922f4c6d7750930b89129ebce5cace8d08561ee4e4f1a71510310ffbb979db3bd134842be10ed31a6378698be0ad6d4a322f13",,"2026-04-14T10:50:00.000","25","NO CONTROLS","NO CONTROLS","CLEAR","DAYLIGHT","ANGLE","PARKING LOT",,"STRAIGHT AND LEVEL","DRY","NO DEFECTS","NOT ON SCENE (DESK REPORT)","NO INJURY / DRIVE AWAY",,"Y",,"OVER $1,500","2026-04-14T11:35:00.000","UNABLE TO DETERMINE","UNABLE TO DETERMINE","9501","S","DR MARTIN LUTHER KING JR DR","511",,,,,,,"2","NO INDICATION OF INJURY","0","0","0","0","0","2","0","10","3","4","41.7218041411","-87.6139941152","POINT (-87.613994115195 41.721804141088)"
"a3357f1c19ac24119dcceb6a33e26b01428ecb352f3781d7fb8dc162f0e16206c3208eb488b668d0e219048f548c0bca79043ab6f8a29efd05632278cbd8361c",,"2026-04-14T10:43:00.000","20","NO CONTROLS","NO CONTROLS","UNKNOWN","UNKNOWN","PARKED MOTOR VEHICLE","ONE-WAY",,"STRAIGHT AND LEVEL","UNKNOWN","UNKNOWN","NOT ON SCENE (DESK REPORT)","NO INJURY / DRIVE AWAY",,,"Y","OVER $1,500","2026-04-14T18:34:00.000","UNABLE TO DETERMINE","NOT APPLICABLE","2451","W","ARDMORE AVE","2011",,,,,,,"2","NO INDICATION OF INJURY","0","0","0","0","0","1","0","10","3","4","41.9866882648","-87.691612391","POINT (-87.691612391039 41.986688264834)"
"1960b5ca41df73436de4cdba972bbf23df65c186cfacc9eb9807daa54adbfd21a9b96b8021522c9023a9707db78dae687d683e173c77aa1270ed086e7bb77f43",,"2026-04-14T10:40:00.000","30","STOP SIGN/FLASHER","FUNCTIONING PROPERLY","RAIN","UNKNOWN","REAR END","DIVIDED - W/MEDIAN (NOT RAISED)",,"STRAIGHT AND LEVEL","WET","UNKNOWN","NOT ON SCENE (DESK REPORT)","INJURY AND / OR TOW DUE TO CRASH",,,,"OVER $1,500","2026-04-15T11:45:00.000","FOLLOWING TOO CLOSELY","NOT APPLICABLE","2859","N","LARAMIE AVE","2521",,,,,,,"2","NO INDICATION OF INJURY","0","0","0","0","0","2","0","10","3","4","41.9331841897","-87.7563386382","POINT (-87.756338638226 41.933184189661)"
"8009957aec7f9680497f57b49057e65574cdc115cd3b0ce733ff3aa1c14a901c3c59f9c8363f10cd65a1730794be0f9fe3d6d441480f7a5840755d10175c6dfc",,"2026-04-14T10:30:00.000","15","NO CONTROLS","NO CONTROLS","CLEAR","DAYLIGHT","REAR TO FRONT","PARKING LOT",,"STRAIGHT AND LEVEL","DRY","NO DEFECTS","ON SCENE","NO INJURY / DRIVE AWAY",,,,"$501 - $1,500","2026-04-14T10:37:00.000","FAILING TO YIELD RIGHT-OF-WAY","FAILING TO YIELD RIGHT-OF-WAY","3946","W","CERMAK RD","1014",,"Y",,,,,"2","NO INDICATION OF INJURY","0","0","0","0","0","2","0","10","3","4","41.851666373","-87.7241306554","POINT (-87.724130655426 41.851666373017)"
"de13812dc7188b54da1bcb17b8a835303afa32a89007ea646c5f4290768191eb119a7675d46438e12f88380f08796a1c43392cbc39ceb09b642f8d460eca57fb",,"2026-04-14T10:29:00.000","30","NO CONTROLS","NO CONTROLS","UNKNOWN","UNKNOWN","PARKED MOTOR VEHICLE","NOT DIVIDED",,"STRAIGHT AND LEVEL","UNKNOWN","NO DEFECTS","ON SCENE","INJURY AND / OR TOW DUE TO CRASH",,,,"OVER $1,500","2026-04-14T14:46:00.000","UNABLE TO DETERMINE","NOT APPLICABLE","3011","N","LOCKWOOD AVE","2514",,,,,,,"3","NO INDICATION OF INJURY","0","0","0","0","0","1","0","10","3","4","41.9353628822","-87.7588601432","POINT (-87.758860143177 41.935362882196)"
"2315c469ab9ac1fed2ded59be8754c1789cd2f74000d465bea7596826cefdcad16ed06912bb4ec6e8ccdca84c833acd34d64b436cdef0a916f324ef3cbc6bf6e",,"2026-04-14T10:22:00.000","30","NO CONTROLS","NO CONTROLS","CLEAR","DAYLIGHT","PARKED MOTOR VEHICLE","NOT DIVIDED",,"STRAIGHT AND LEVEL","DRY","NO DEFECTS","ON SCENE","NO INJURY / DRIVE AWAY",,,,"$500 OR LESS","2026-04-14T10:22:00.000","UNABLE TO DETERMINE","NOT APPLICABLE","8030","S","COTTAGE GROVE AVE","631",,"Y",,,,,"2","NO INDICATION OF INJURY","0","0","0","0","0","1","0","10","3","4","41.748511212","-87.6053080566","POINT (-87.605308056615 41.748511212021)"
"7e7e763c239b357d29bfce4267cde22d9be97aa0c4fe6969785390a01e27d6a91e3ac4afbdf31bc0aa57dfefd8e522d5bf517ba550f254b2a6644413f22287db",,"2026-04-14T10:20:00.000","10","NO CONTROLS","NO CONTROLS","CLEAR","DAYLIGHT","REAR TO REAR","PARKING LOT",,"STRAIGHT AND LEVEL","UNKNOWN","UNKNOWN","NOT ON SCENE (DESK REPORT)","NO INJURY / DRIVE AWAY",,,,"$501 - $1,500","2026-04-14T11:10:00.000","UNABLE TO DETERMINE","NOT APPLICABLE","3145","S","ASHLAND AVE","912",,,,,,,"2","NO INDICATION OF INJURY","0","0","0","0","0","2","0","10","3","4","41.8364683477","-87.6655669021","POINT (-87.665566902132 41.836468347729)"
"41d418346a7ffa0169f9a0812c34db87f63960bd65386e27258f62d00e09a5ce265d5bec8f840078a4731ef938da2f69f3b374073de49fd785f73839223de362",,"2026-04-14T10:10:00.000","30","NO CONTROLS","NO CONTROLS","CLEAR","DAYLIGHT","REAR END","NOT DIVIDED",,"STRAIGHT AND LEVEL","DRY","RUT, HOLES","NOT ON SCENE (DESK REPORT)","NO INJURY / DRIVE AWAY",,,,"OVER $1,500","2026-04-14T13:00:00.000","FOLLOWING TOO CLOSELY","NOT APPLICABLE","3955","W","GRAND AVE","2535",,,,,,,"2","NO INDICATION OF INJURY","0","0","0","0","0","3","0","10","3","4","41.9058442706","-87.7259412988","POINT (-87.725941298801 41.905844270588)"
"d56fbb35e9ec6dbf7e3e083687b7b10162b6175fcecd6c1fb01aca7a4a7ed9b5b456af8387b3920bf214fe0ecf4ce41354af520dd17d95365824e589c83ca865",,"2026-04-14T10:00:00.000","15","NO CONTROLS","NO CONTROLS","CLEAR","DAYLIGHT","OTHER OBJECT","ALLEY",,"STRAIGHT AND LEVEL","DRY","NO DEFECTS","NOT ON SCENE (DESK REPORT)","NO INJURY / DRIVE AWAY",,,,"$501 - $1,500","2026-04-14T11:25:00.000","IMPROPER BACKING","NOT APPLICABLE","4119","W","21ST PL","1012",,,,,,,"1","NO INDICATION OF INJURY","0","0","0","0","0","1","0","10","3","4","41.8524307261","-87.7280136137","POINT (-87.728013613681 41.852430726056)"
"fa23c69b6450e3bcd87516836c8767e9a8b82e11591147d1ac485056b40728696305b936669a3b3ba7a0345de90e5e9ce662b0b61f00b18416bf1db3748ab3fe",,"2026-04-14T10:00:00.000","30","TRAFFIC SIGNAL","FUNCTIONING PROPERLY","CLEAR","DAYLIGHT","SIDESWIPE SAME DIRECTION","NOT DIVIDED",,"STRAIGHT AND LEVEL","DRY","NO DEFECTS","NOT ON SCENE (DESK REPORT)","NO INJURY / DRIVE AWAY",,,"Y","$501 - $1,500","2026-04-17T13:15:00.000","IMPROPER OVERTAKING/PASSING","IMPROPER OVERTAKING/PASSING","2403","S","DAMEN AVE","1034",,,,,,,"2","NO INDICATION OF INJURY","0","0","0","0","0","2","0","10","3","4","41.8484397867","-87.6755979527","POINT (-87.675597952698 41.848439786684)"
"6eda169871caf8cccff56e962dacc88ab278d7f792c1913bc70e80377d1670be04cbf682ca22fcc85b7672b2f17134507447d8c850e5b75b22f2143b61b34e2c",,"2026-04-14T09:57:00.000","30","NO CONTROLS","NO CONTROLS","CLEAR","DAYLIGHT","REAR END","NOT DIVIDED",,"STRAIGHT AND LEVEL","DRY","NO DEFECTS","ON SCENE","NO INJURY / DRIVE AWAY",,,,"$501 - $1,500","2026-04-14T09:58:00.000","FOLLOWING TOO CLOSELY","FOLLOWING TOO CLOSELY","7616","W","BELMONT AVE","1631",,,,,,,"3","NO INDICATION OF INJURY","0","0","0","0","0","3","0","9","3","4","41.9380329667","-87.817259602","POINT (-87.817259602003 41.938032966737)"
"1f92e4770baee28d3ded41a23b0d66d785031403e3cc1d833236df22a3c318450c54099b7dd9c189213e8704e4910ca827d1c6e76e516bfcd5dc6a94cf572c5d",,"2026-04-14T09:30:00.000","10","NO CONTROLS","NO CONTROLS","CLEAR","DAYLIGHT","PARKED MOTOR VEHICLE","PARKING LOT",,"STRAIGHT AND LEVEL","DRY","NO DEFECTS","NOT ON SCENE (DESK REPORT)","NO INJURY / DRIVE AWAY",,"Y",,"$501 - $1,500","2026-04-14T12:10:00.000","UNABLE TO DETERMINE","UNABLE TO DETERMINE","2815","W","ROSCOE ST","1733",,,,,,,"2","NO INDICATION OF INJURY","0","0","0","0","0","1","0","9","3","4","41.942676943","-87.6985448276","POINT (-87.698544827559 41.942676943041)"
"2b05b02f84bb638c97b3ac7bb4a451f4bb649ddea19272f01adac69d2a48ed26304ecc47208127d8fa62475e5376e79a870686a45b7b43d51194fae76cabc1ec",,"2026-04-14T09:30:00.000","30","NO CONTROLS","NO CONTROLS","CLOUDY/OVERCAST","DAYLIGHT","SIDESWIPE SAME DIRECTION","NOT DIVIDED",,"STRAIGHT ON GRADE","WET","UNKNOWN","ON SCENE","NO INJURY / DRIVE AWAY",,,,"$501 - $1,500","2026-04-14T09:35:00.000","IMPROPER OVERTAKING/PASSING","FOLLOWING TOO CLOSELY","998","E","58TH ST","235",,,,,,,"2","NO INDICATION OF INJURY","0","0","0","0","0","2","0","9","3","4","41.7896835311","-87.6013989776","POINT (-87.6013989776 41.789683531137)"
"911e0b4bdcbfb9a74328e34d214d63fa8544bd55373cfba7735c0f1c437b185204f80135df8666fc6a4e7080084b96b7e0bcc7a7c4ca8a80e4cc88de85a3b205",,"2026-04-14T09:30:00.000","30","NO CONTROLS","FUNCTIONING PROPERLY","CLEAR","DAYLIGHT","SIDESWIPE SAME DIRECTION","ONE-WAY",,"STRAIGHT AND LEVEL","DRY","NO DEFECTS","NOT ON SCENE (DESK REPORT)","NO INJURY / DRIVE AWAY",,,,"OVER $1,500","2026-04-14T10:15:00.000","FOLLOWING TOO CLOSELY","DRIVING SKILLS/KNOWLEDGE/EXPERIENCE","95","S","CLARK ST","112",,,,,,,"2","NO INDICATION OF INJURY","0","0","0","0","0","2","0","9","3","4","41.8807622759","-87.6307075872","POINT (-87.630707587161 41.880762275888)"
"d19c4f5b575c43f28383bd2abde6c5c202cbae5ad44aead65c3e113de0f3a6ecabf680cc6a246a8d1133e7846cdb117e52b27e6945993da3699ea1cb458aa803",,"2026-04-14T09:30:00.000","30","TRAFFIC SIGNAL","FUNCTIONING PROPERLY","CLEAR","DAYLIGHT","TURNING","NOT DIVIDED",,"STRAIGHT AND LEVEL","WET","NO DEFECTS","ON SCENE","INJURY AND / OR TOW DUE TO CRASH","Y",,,"OVER $1,500","2026-04-14T09:32:00.000","FAILING TO YIELD RIGHT-OF-WAY","DRIVING SKILLS/KNOWLEDGE/EXPERIENCE","7900","S","JEFFERY BLVD","414",,,,,,,"2","REPORTED, NOT EVIDENT","1","0","0","0","1","3","0","9","3","4","41.7515129841","-87.5761257653","POINT (-87.576125765304 41.751512984098)"
"8f0b30c889eb898be0e273e5f58b61dc8f5508b28d3086fd33d1fbb1d22e11a630326d2a922f50916b839cff914c1392f0718867080f43a8c02fa9c6381f1695",,"2026-04-14T09:25:00.000","30","TRAFFIC SIGNAL","FUNCTIONING PROPERLY","CLEAR","DAYLIGHT","REAR END","ONE-WAY",,"STRAIGHT AND LEVEL","DRY","NO DEFECTS","NOT ON SCENE (DESK REPORT)","INJURY AND / OR TOW DUE TO CRASH",,,"Y","$501 - $1,500","2026-04-14T10:20:00.000","FOLLOWING TOO CLOSELY","NOT APPLICABLE","158","W","WASHINGTON ST","122",,,,,,,"2","REPORTED, NOT EVIDENT","1","0","0","0","1","2","0","9","3","4","41.8833167578","-87.6326991962","POINT (-87.632699196249 41.883316757778)"
"75110e5d72c290c94f586ab088bd2e2594030647b688730aa62deca7b68c2c51bafe5fd66f50a7fd184254cc6eb4c38e94e1367663a8c970db9a4a7b7a7172f4",,"2026-04-14T09:18:00.000","30","TRAFFIC SIGNAL","FUNCTIONING PROPERLY","CLEAR","DAYLIGHT","REAR END","CENTER TURN LANE",,"STRAIGHT AND LEVEL","DRY","NO DEFECTS",,"NO INJURY / DRIVE AWAY",,,,"OVER $1,500","2026-04-14T22:20:00.000","FOLLOWING TOO CLOSELY","FAILING TO REDUCE SPEED TO AVOID CRASH","4754","W","55TH ST","815",,,,,,,"2","NO INDICATION OF INJURY","0","0","0","0","0","2","0","9","3","4","41.7931283656","-87.7425534718","POINT (-87.742553471759 41.793128365563)"
"d99d10bdbbbc277d01314f07a078b441092d7bee388999b05ccf5516cffb0f94dbe07720c6aa7d4cebfadbb774095531ecb283ff459ab498e5e5299f3dee918f",,"2026-04-14T09:18:00.000","30","NO CONTROLS","NO CONTROLS","CLEAR","DAYLIGHT","SIDESWIPE SAME DIRECTION","NOT DIVIDED",,"STRAIGHT AND LEVEL","DRY","NO DEFECTS","NOT ON SCENE (DESK REPORT)","NO INJURY / DRIVE AWAY",,,,"OVER $1,500","2026-04-14T11:25:00.000","IMPROPER LANE USAGE","UNABLE TO DETERMINE","4400","S","PULASKI RD","815",,,,,,,"2","NO INDICATION OF INJURY","0","0","0","0","0","2","0","9","3","4","41.8132715982","-87.7239352143","POINT (-87.723935214329 41.813271598175)"
"6a6d552766c4cf63f9d8077883fa6f6840f7413f857df99c0086c4533814c6f0cefebd561beb2108ea876489fe07b969501ffa60be5f49426aa2e2b6f9fb0341",,"2026-04-14T09:10:00.000","30","TRAFFIC SIGNAL","FUNCTIONING PROPERLY","CLEAR","DAYLIGHT","SIDESWIPE SAME DIRECTION","NOT DIVIDED",,"STRAIGHT AND LEVEL","DRY","NO DEFECTS","ON SCENE","NO INJURY / DRIVE AWAY",,,"Y","$501 - $1,500","2026-04-14T09:10:00.000","IMPROPER OVERTAKING/PASSING","UNABLE TO DETERMINE","350","W","63RD ST","711",,,,,,,"2","NO INDICATION OF INJURY","0","0","0","0","0","2","0","9","3","4","41.7800240273","-87.6346941124","POINT (-87.634694112413 41.780024027276)"
"9a8bb472ab9425fe79a5784d4e0997edbb6b92dcdf6033e7966b4eca1f16f631bc4903222fc2cd06a0caf7aa645ab542080c1ed40ded19c815fb29a553bc86ae",,"2026-04-14T09:07:00.000","30","TRAFFIC SIGNAL","FUNCTIONING PROPERLY","CLEAR","DAYLIGHT","ANGLE","DIVIDED - W/MEDIAN (NOT RAISED)",,"STRAIGHT AND LEVEL","DRY","NO DEFECTS","ON SCENE","INJURY AND / OR TOW DUE TO CRASH","Y",,,"OVER $1,500","2026-04-14T09:09:00.000","DISREGARDING TRAFFIC SIGNALS","NOT APPLICABLE","7700","S","KEDZIE AVE","835",,,,,,,"2","NONINCAPACITATING INJURY","1","0","0","1","0","1","0","9","3","4","41.75335698","-87.7026425505","POINT (-87.70264255049 41.753356980012)"
"3589cdd88e9fd2ec4a4f658f9cadf9838f97c62ad6e2949f2b88acee9ac85dfc2291b8127289ceeb68b814a9ca0f33fbfbe534b256fe557b8c54eb2f427b2281",,"2026-04-14T09:03:00.000","30","NO CONTROLS","NO CONTROLS","CLEAR","DAYLIGHT","ANGLE","NOT DIVIDED",,"STRAIGHT AND LEVEL","DRY","NO DEFECTS","NOT ON SCENE (DESK REPORT)","NO INJURY / DRIVE AWAY",,,,"$501 - $1,500","2026-04-14T09:50:00.000","UNABLE TO DETERMINE","NOT APPLICABLE","3205","W","CORTLAND ST","1421",,,,,,,"2","NO INDICATION OF INJURY","0","0","0","0","0","2","0","9","3","4","41.9154697498","-87.7071673294","POINT (-87.707167329404 41.915469749803)"
"c2fa5bf863a8ff7ccec8ae969ef0cc8f4379bd9ec03cc99d89067f3c9344c91eeae635749f91167f0cf63c0e7f8e655c4b9720255b074aa7e2542a9fcda4ae98",,"2026-04-14T09:00:00.000","30","NO CONTROLS","NO CONTROLS","RAIN","DAYLIGHT","REAR END","ONE-WAY",,"STRAIGHT AND LEVEL","WET","UNKNOWN","ON SCENE","INJURY AND / OR TOW DUE TO CRASH",,,"Y","OVER $1,500","2026-04-14T09:03:00.000","UNABLE TO DETERMINE","NOT APPLICABLE","2009","W","CONGRESS PKWY","1225",,,,,,,"3","NONINCAPACITATING INJURY","1","0","0","1","0","2","0","9","3","4","41.874904776","-87.6770213562","POINT (-87.677021356236 41.874904775999)"
"cedf0c1eeea9e62b86bf62e52575d55f08706c5908e3eb56c4813d4062564eb0829963f76810db28fd2a865fb6dd1bfe5501052819019abf0bb84282f4bc5ee6",,"2026-04-14T09:00:00.000","30","TRAFFIC SIGNAL","FUNCTIONING PROPERLY","CLEAR","DAYLIGHT","TURNING","FOUR WAY",,"STRAIGHT AND LEVEL","DRY","NO DEFECTS","ON SCENE","NO INJURY / DRIVE AWAY","Y",,,"$500 OR LESS","2026-04-14T09:13:00.000","UNABLE TO DETERMINE","UNABLE TO DETERMINE","1958","W","35TH ST","912",,,,,,,"2","NO INDICATION OF INJURY","0","0","0","0","0","2","0","9","3","4","41.830500418","-87.6752214047","POINT (-87.67522140471 41.830500417951)"
"dedb9e83b9b154f1f81dd6105af022eaa2d7ee98a375ecee3f0d92be2ef086bda2fa2688476cc7682db693ceb960e2c4f61ff18725693e801307747161086c53",,"2026-04-14T08:58:00.000","30","NO CONTROLS","NO CONTROLS","CLEAR","DAYLIGHT","PARKED MOTOR VEHICLE","NOT DIVIDED",,"STRAIGHT AND LEVEL","DRY","WORN SURFACE","ON SCENE","NO INJURY / DRIVE AWAY",,,,"$500 OR LESS","2026-04-14T09:08:00.000","UNABLE TO DETERMINE","UNABLE TO DETERMINE","6945","W","GRAND AVE","2512",,,,,,,"2","NO INDICATION OF INJURY","0","0","0","0","0","1","0","8","3","4","41.9234530621","-87.799702221","POINT (-87.799702220951 41.923453062055)"
"0cce9b126c6ee79d06cd9feaa0b6019064a3385ba96b279d4a91270ef87a54e6557fa4cc858be8bc5eac16edf6c3ef10c711400769bfde3646cc60ec4c6f0685",,"2026-04-14T08:56:00.000","30","TRAFFIC SIGNAL","FUNCTIONING PROPERLY","RAIN","DAYLIGHT","TURNING","FOUR WAY",,"STRAIGHT ON GRADE","WET","NO DEFECTS","ON SCENE","NO INJURY / DRIVE AWAY","Y",,"Y","OVER $1,500","2026-04-14T09:00:00.000","IMPROPER TURNING/NO SIGNAL","FAILING TO YIELD RIGHT-OF-WAY","4800","S","ASHLAND AVE","931",,,,,,,"2","NO INDICATION OF INJURY","0","0","0","0","0","2","0","8","3","4","41.8066890453","-87.6650650029","POINT (-87.665065002859 41.806689045263)"
"546d5222fa1df9a215e29bfc8e95c2f916a86a0fe1bd49339d08d28f0c749357a332896d1a8af59aef5d1e1ac8b4077da188b6f135142a768f34db523e1e565a",,"2026-04-14T08:55:00.000","30","NO CONTROLS","NO CONTROLS","CLEAR","DAYLIGHT","PARKED MOTOR VEHICLE","NOT DIVIDED",,"STRAIGHT AND LEVEL","DRY","NO DEFECTS","ON SCENE","NO INJURY / DRIVE AWAY",,,"Y","$501 - $1,500","2026-04-14T09:30:00.000","UNABLE TO DETERMINE","UNABLE TO DETERMINE","409","W","80TH ST","621",,,,,,,"2","NO INDICATION OF INJURY","0","0","0","0","0","1","0","8","3","4","41.7488401792","-87.6347894858","POINT (-87.634789485765 41.748840179173)"
"2861a9dbf627e91ffcb242aee3e3f906cba17d16f8e33b7d39ebc551936eb2f51fd8ded95100777909aeaaaf455f4626c8605f4cc8e61dae8c89a99b29989b17",,"2026-04-14T08:45:00.000","25","NO CONTROLS","NO CONTROLS","CLEAR","DAYLIGHT","PARKED MOTOR VEHICLE","PARKING LOT",,"STRAIGHT AND LEVEL","DRY","NO DEFECTS","NOT ON SCENE (DESK REPORT)","NO INJURY / DRIVE AWAY",,,,"$500 OR LESS","2026-04-14T14:00:00.000","UNABLE TO DETERMINE","UNABLE TO DETERMINE","1104","W","43RD ST","925",,,,,,,"2","NO INDICATION OF INJURY","0","0","0","0","0","1","0","8","3","4","41.8161395442","-87.6533756874","POINT (-87.653375687428 41.816139544233)"
"43970bf47e56de79e5b8f5490207fd1b71e43d1b92fdad80be4923b44abb7ff082e3dea8f2d8236db5c3f062ca2bf85498c68ba43244e7dd32c2f33e0b7a39e2",,"2026-04-14T08:45:00.000","25","NO CONTROLS","NO CONTROLS","CLEAR","DAYLIGHT","SIDESWIPE SAME DIRECTION","NOT DIVIDED",,"STRAIGHT AND LEVEL","DRY","UNKNOWN","NOT ON SCENE (DESK REPORT)","NO INJURY / DRIVE AWAY",,,,"$500 OR LESS","2026-04-15T17:00:00.000","UNABLE TO DETERMINE","UNABLE TO DETERMINE","560","W","MONROE ST","121",,,,,,,"2","NO INDICATION OF INJURY","0","0","0","0","0","2","0","8","3","4","41.8806634012","-87.6421085971","POINT (-87.642108597073 41.880663401223)"
"3d9bec49c1bdb45601485b645b63ae7c8799bfccfb751f4666d59cea4db67f02c0264d98f99023515de6419229efe698ea1617b3fe9e5af10af76f337c12af1b",,"2026-04-14T08:34:00.000","30","STOP SIGN/FLASHER","FUNCTIONING PROPERLY","CLEAR","DAYLIGHT","TURNING","NOT DIVIDED",,"STRAIGHT AND LEVEL","WET","NO DEFECTS","ON SCENE","INJURY AND / OR TOW DUE TO CRASH","Y",,,"OVER $1,500","2026-04-14T08:35:00.000","UNABLE TO DETERMINE","UNABLE TO DETERMINE","6131","W","DIVERSEY AVE","2512",,,,,,,"2","NONINCAPACITATING INJURY","2","0","0","2","0","0","0","8","3","4","41.9309762297","-87.7796701676","POINT (-87.779670167631 41.930976229744)"
"53051141c1fda04859ef15dacd48b337e24b25be6470ddb13e95aeac96b7de900e4810fdc6f4bf8482ca16ba09ec98e15612ff24424871124c4e6a0d5bcd9b36",,"2026-04-14T08:34:00.000","30","TRAFFIC SIGNAL","FUNCTIONING PROPERLY","CLOUDY/OVERCAST","DAYLIGHT","TURNING","DIVIDED - W/MEDIAN (NOT RAISED)",,"STRAIGHT AND LEVEL","WET","NO DEFECTS","ON SCENE","INJURY AND / OR TOW DUE TO CRASH",,,,"OVER $1,500","2026-04-14T08:37:00.000","FAILING TO YIELD RIGHT-OF-WAY","FAILING TO YIELD RIGHT-OF-WAY","1614","W","DIVERSEY PKWY","1931",,,,,,,"2","NO INDICATION OF INJURY","0","0","0","0","0","2","0","8","3","4","41.9325059663","-87.6690056686","POINT (-87.669005668638 41.932505966288)"
"3679b6b142a2c55a0eee2b0eb5553650d102e170a2fbca8e5a6bb32335bd7da869660da4e4a2dc2a8cae32f07a2827d7311968b03592b4b209f55e7b7ef6d731",,"2026-04-14T08:30:00.000","30","TRAFFIC SIGNAL","FUNCTIONING PROPERLY","UNKNOWN","DAYLIGHT","REAR TO FRONT","NOT DIVIDED",,"STRAIGHT AND LEVEL","UNKNOWN","UNKNOWN","NOT ON SCENE (DESK REPORT)","NO INJURY / DRIVE AWAY",,,,"$501 - $1,500","2026-04-14T10:10:00.000","UNABLE TO DETERMINE","NOT APPLICABLE","6390","S","ARCHER AVE","811",,,,,,,"2","NO INDICATION OF INJURY","0","0","0","0","0","3","0","8","3","4","41.7924947981","-87.7816909543","POINT (-87.781690954305 41.792494798066)"
"9943202b3104e6853925874ce2409b600d96fb0e69f61f584e60e9593dd64d68ce0a8915edcf3dc97ce12334d398db392c2f1889106429ec5ed5db65d73efbc8",,"2026-04-14T08:30:00.000","10","NO CONTROLS","NO CONTROLS","RAIN","DAYLIGHT","SIDESWIPE SAME DIRECTION","PARKING LOT",,"STRAIGHT AND LEVEL","WET","UNKNOWN","NOT ON SCENE (DESK REPORT)","NO INJURY / DRIVE AWAY",,,"Y","OVER $1,500","2026-04-14T08:50:00.000","UNABLE TO DETERMINE","UNABLE TO DETERMINE","3200","W","ROOSEVELT RD","1134",,,,,,,"2","NO INDICATION OF INJURY","0","0","0","0","0","2","0","8","3","4","41.8665138882","-87.705733599","POINT (-87.705733599026 41.866513888192)"
"9c11ad40d9ac492d0932a9dfe132cc49f1db8c2c2433c566f88177a1ce18f615eff3aa905b8e53a60d3df2b26d3eb807a09681dd2aa7b16d88fc4aeec94bcd85",,"2026-04-14T08:30:00.000","30","TRAFFIC SIGNAL","FUNCTIONING PROPERLY","RAIN","DAYLIGHT","REAR END","DIVIDED - W/MEDIAN BARRIER",,"STRAIGHT AND LEVEL","WET","NO DEFECTS","NOT ON SCENE (DESK REPORT)","NO INJURY / DRIVE AWAY",,,,"$500 OR LESS","2026-04-14T18:40:00.000","WEATHER","NOT APPLICABLE","2009","W","ROOSEVELT RD","1233",,,,,,,"2","NO INDICATION OF INJURY","0","0","0","0","0","2","0","8","3","4","41.8666434477","-87.6763390465","POINT (-87.676339046481 41.86664344767)"
"b0cdebc3f7c904859319a08d1cded6162977eef9fee9cf310e7dc661dc520580c9c47d8c475d769c50980233f171ccd195e73399503bb40becbfd9625c1c46a5",,"2026-04-14T08:30:00.000","30","TRAFFIC SIGNAL","FUNCTIONING PROPERLY","CLEAR","DAYLIGHT","REAR END","FIVE POINT, OR MORE",,"STRAIGHT AND LEVEL","WET","NO DEFECTS","NOT ON SCENE (DESK REPORT)","NO INJURY / DRIVE AWAY",,,,"$500 OR LESS","2026-04-14T09:20:00.000","DISTRACTION - FROM INSIDE VEHICLE","UNABLE TO DETERMINE","6401","W","ARCHER AVE","811",,,,,,,"2","NO INDICATION OF INJURY","0","0","0","0","0","3","0","8","3","4","41.7922362628","-87.781856168","POINT (-87.781856167959 41.792236262806)"
"b9abe4ddfa1f644ad01439a8396a54a8c4552bfa0f4744cb3dc25e8a4f360229372ded1d249e9cfc51896bf3b5d49a1b5db8b07cb11e4dabfbb72cca7f261325",,"2026-04-14T08:30:00.000","30","STOP SIGN/FLASHER","OTHER","CLEAR","DAYLIGHT","ANGLE","NOT DIVIDED",,"STRAIGHT AND LEVEL","DRY","NO DEFECTS","ON SCENE","NO INJURY / DRIVE AWAY",,,,"OVER $1,500","2026-04-14T08:35:00.000","UNABLE TO DETERMINE","UNABLE TO DETERMINE","6100","N","ST LOUIS AVE","1711",,,,,,,"2","NO INDICATION OF INJURY","0","0","0","0","0","2","0","8","3","4","41.9920981583","-87.7166245641","POINT (-87.716624564123 41.992098158259)"